run_id,ts,guard_ok,guard_note,exit_code
20261010-075828-f1-s1-off,2026-10-10T11:28:56+00:00,True,clean,0
20261010-085015-f1-s1-cpu50,2026-10-10T11:28:56+00:00,True,pid-1_after_last_cell(known_false_positive),3
20261010-090103-f1-s1-offtri,2026-10-10T11:28:56+00:00,True,clean,0
20261010-091253-f1-s1-rocmfix,2026-10-10T11:28:56+00:00,True,pid-1_after_last_cell(known_false_positive),3
20261010-092136-f1-prof-off,2026-10-10T11:28:56+00:00,True,clean,0
20261010-092234-f1-prof-cpu50,2026-10-10T11:28:56+00:00,True,pid-1_after_last_cell(known_false_positive),3
20261010-092506-f1-s2-off,2026-10-10T11:28:56+00:00,True,clean,0
20261010-093230-f1-s2-cpu50,2026-10-10T11:28:56+00:00,True,pid-1_after_last_cell(known_false_positive),3
20261010-094406-f1-s3-off,2026-10-10T11:28:56+00:00,True,pid-1_after_last_cell(known_false_positive),3
20261010-095124-f1-s3-cpu50,2026-10-10T11:28:56+00:00,True,pid-1_after_last_cell(known_false_positive),3
20261010-100255-f1-s2-offtri,2026-10-10T11:28:56+00:00,True,clean,0
20261010-101502-f1-s2-rocmfix,2026-10-10T11:28:56+00:00,True,pid-1_after_last_cell(known_false_positive),3
20261010-102417-f1-prof-offtri,2026-10-10T11:28:56+00:00,True,clean,0
20261010-102523-f1-prof-rocmfix,2026-10-10T11:28:56+00:00,True,pid-1_after_last_cell(known_false_positive),3
20261010-103048-f1-s1-nostore,2026-10-10T11:28:56+00:00,True,pid-1_after_last_cell(known_false_positive),3
20261010-104146-f1-s3-offtri,2026-10-10T11:28:56+00:00,True,pid-1_after_last_cell(known_false_positive),3
20261010-105352-f1-s3-rocmfix,2026-10-10T11:28:56+00:00,True,pid-1_after_last_cell(known_false_positive),3
20261010-110302-f1-s1-rocmnaive,2026-10-10T11:28:56+00:00,True,pid-1_after_last_cell(known_false_positive),3
20261010-110725-f1-kvchk-cpu50,2026-10-10T11:28:56+00:00,True,pid-1_after_last_cell(known_false_positive),3
20261010-110848-f1-kvchk-rocmfix,2026-10-10T11:28:56+00:00,True,pid-1_after_last_cell(known_false_positive),3
20261010-111008-f1-kvchk-naive,2026-10-10T11:28:56+00:00,True,pid-1_after_last_cell(known_false_positive),3
20261010-111129-f1-s1-rocmfixns,2026-10-10T11:28:56+00:00,True,pid-1_after_last_cell(known_false_positive),3
20261010-111538-f1-tier50-nfs,2026-10-10T11:28:56+00:00,True,pid-1_after_last_cell(known_false_positive),3
20261010-111954-f1-kvchk-coal,2026-10-10T11:28:56+00:00,True,pid-1_after_last_cell(known_false_positive),3
20261010-112119-f1-s1-rocmfixcoal,2026-10-10T11:28:56+00:00,True,pid-1_after_last_cell(known_false_positive),3
20261010-065309-m8-d2-tier50-doc,2026-10-10T11:28:56+00:00,True,pid-1_after_last_cell(known_false_positive),3
