run_id,ts,cfg_a,cfg_b,seed,workload,conc,n_req,exact_match,exact_match_first_turn,exact_match_returning,match_frac,n_req_with_cpu_hit,exact_match_cpu_hit
20261010-075828-f1-s1-off;20261010-090103-f1-s1-offtri,2026-10-10T11:28:56+00:00,off,off_triton,1,chat,1,64,60,14,46,0.9375,0,0
20261010-075828-f1-s1-off;20261010-090103-f1-s1-offtri,2026-10-10T11:28:56+00:00,off,off_triton,1,doc,1,64,64,16,48,1.0,0,0
20261010-075828-f1-s1-off;20261010-090103-f1-s1-offtri,2026-10-10T11:28:56+00:00,off,off_triton,1,doc,16,64,52,13,39,0.8125,0,0
20261010-092506-f1-s2-off;20261010-100255-f1-s2-offtri,2026-10-10T11:28:56+00:00,off,off_triton,2,chat,1,64,56,15,41,0.875,0,0
20261010-092506-f1-s2-off;20261010-100255-f1-s2-offtri,2026-10-10T11:28:56+00:00,off,off_triton,2,doc,1,64,56,14,42,0.875,0,0
20261010-092506-f1-s2-off;20261010-100255-f1-s2-offtri,2026-10-10T11:28:56+00:00,off,off_triton,2,doc,16,64,49,12,37,0.7656,0,0
20261010-094406-f1-s3-off;20261010-104146-f1-s3-offtri,2026-10-10T11:28:56+00:00,off,off_triton,3,chat,1,64,58,14,44,0.9062,0,0
20261010-094406-f1-s3-off;20261010-104146-f1-s3-offtri,2026-10-10T11:28:56+00:00,off,off_triton,3,doc,1,64,62,15,47,0.9688,0,0
20261010-094406-f1-s3-off;20261010-104146-f1-s3-offtri,2026-10-10T11:28:56+00:00,off,off_triton,3,doc,16,64,55,14,41,0.8594,0,0
20261010-085015-f1-s1-cpu50;20261010-090103-f1-s1-offtri,2026-10-10T11:28:56+00:00,off_triton,cpu50,1,chat,1,64,63,16,47,0.9844,15,15
20261010-085015-f1-s1-cpu50;20261010-090103-f1-s1-offtri,2026-10-10T11:28:56+00:00,off_triton,cpu50,1,doc,1,64,64,16,48,1.0,14,14
20261010-085015-f1-s1-cpu50;20261010-090103-f1-s1-offtri,2026-10-10T11:28:56+00:00,off_triton,cpu50,1,doc,16,64,64,16,48,1.0,0,0
20261010-093230-f1-s2-cpu50;20261010-100255-f1-s2-offtri,2026-10-10T11:28:56+00:00,off_triton,cpu50,2,chat,1,64,62,16,46,0.9688,20,18
20261010-093230-f1-s2-cpu50;20261010-100255-f1-s2-offtri,2026-10-10T11:28:56+00:00,off_triton,cpu50,2,doc,1,64,63,16,47,0.9844,14,13
20261010-093230-f1-s2-cpu50;20261010-100255-f1-s2-offtri,2026-10-10T11:28:56+00:00,off_triton,cpu50,2,doc,16,64,64,16,48,1.0,0,0
20261010-095124-f1-s3-cpu50;20261010-104146-f1-s3-offtri,2026-10-10T11:28:56+00:00,off_triton,cpu50,3,chat,1,64,63,16,47,0.9844,16,15
20261010-095124-f1-s3-cpu50;20261010-104146-f1-s3-offtri,2026-10-10T11:28:56+00:00,off_triton,cpu50,3,doc,1,64,63,16,47,0.9844,15,15
20261010-095124-f1-s3-cpu50;20261010-104146-f1-s3-offtri,2026-10-10T11:28:56+00:00,off_triton,cpu50,3,doc,16,64,64,16,48,1.0,0,0
20261010-075828-f1-s1-off;20261010-085015-f1-s1-cpu50,2026-10-10T11:28:56+00:00,off,cpu50,1,chat,1,64,59,14,45,0.9219,15,15
20261010-075828-f1-s1-off;20261010-085015-f1-s1-cpu50,2026-10-10T11:28:56+00:00,off,cpu50,1,doc,1,64,64,16,48,1.0,14,14
20261010-075828-f1-s1-off;20261010-085015-f1-s1-cpu50,2026-10-10T11:28:56+00:00,off,cpu50,1,doc,16,64,52,13,39,0.8125,0,0
20261010-092506-f1-s2-off;20261010-093230-f1-s2-cpu50,2026-10-10T11:28:56+00:00,off,cpu50,2,chat,1,64,56,15,41,0.875,20,17
20261010-092506-f1-s2-off;20261010-093230-f1-s2-cpu50,2026-10-10T11:28:56+00:00,off,cpu50,2,doc,1,64,56,14,42,0.875,14,13
20261010-092506-f1-s2-off;20261010-093230-f1-s2-cpu50,2026-10-10T11:28:56+00:00,off,cpu50,2,doc,16,64,49,12,37,0.7656,0,0
20261010-094406-f1-s3-off;20261010-095124-f1-s3-cpu50,2026-10-10T11:28:56+00:00,off,cpu50,3,chat,1,64,59,14,45,0.9219,16,15
20261010-094406-f1-s3-off;20261010-095124-f1-s3-cpu50,2026-10-10T11:28:56+00:00,off,cpu50,3,doc,1,64,63,15,48,0.9844,15,15
20261010-094406-f1-s3-off;20261010-095124-f1-s3-cpu50,2026-10-10T11:28:56+00:00,off,cpu50,3,doc,16,64,55,14,41,0.8594,0,0
20261010-075828-f1-s1-off;20261010-091253-f1-s1-rocmfix,2026-10-10T11:28:56+00:00,off,cpu50_rocmfix,1,chat,1,64,64,16,48,1.0,15,15
20261010-075828-f1-s1-off;20261010-091253-f1-s1-rocmfix,2026-10-10T11:28:56+00:00,off,cpu50_rocmfix,1,doc,1,64,63,16,47,0.9844,14,13
20261010-075828-f1-s1-off;20261010-091253-f1-s1-rocmfix,2026-10-10T11:28:56+00:00,off,cpu50_rocmfix,1,doc,16,64,64,16,48,1.0,0,0
20261010-092506-f1-s2-off;20261010-101502-f1-s2-rocmfix,2026-10-10T11:28:56+00:00,off,cpu50_rocmfix,2,chat,1,64,64,16,48,1.0,20,20
20261010-092506-f1-s2-off;20261010-101502-f1-s2-rocmfix,2026-10-10T11:28:56+00:00,off,cpu50_rocmfix,2,doc,1,64,63,16,47,0.9844,14,13
20261010-092506-f1-s2-off;20261010-101502-f1-s2-rocmfix,2026-10-10T11:28:56+00:00,off,cpu50_rocmfix,2,doc,16,64,64,16,48,1.0,0,0
20261010-094406-f1-s3-off;20261010-105352-f1-s3-rocmfix,2026-10-10T11:28:56+00:00,off,cpu50_rocmfix,3,chat,1,64,62,16,46,0.9688,17,15
20261010-094406-f1-s3-off;20261010-105352-f1-s3-rocmfix,2026-10-10T11:28:56+00:00,off,cpu50_rocmfix,3,doc,1,64,64,16,48,1.0,15,15
20261010-094406-f1-s3-off;20261010-105352-f1-s3-rocmfix,2026-10-10T11:28:56+00:00,off,cpu50_rocmfix,3,doc,16,64,64,16,48,1.0,0,0
20261010-085015-f1-s1-cpu50;20261010-091253-f1-s1-rocmfix,2026-10-10T11:28:56+00:00,cpu50,cpu50_rocmfix,1,chat,1,64,59,14,45,0.9219,15,15
20261010-085015-f1-s1-cpu50;20261010-091253-f1-s1-rocmfix,2026-10-10T11:28:56+00:00,cpu50,cpu50_rocmfix,1,doc,1,64,63,16,47,0.9844,14,13
20261010-085015-f1-s1-cpu50;20261010-091253-f1-s1-rocmfix,2026-10-10T11:28:56+00:00,cpu50,cpu50_rocmfix,1,doc,16,64,52,13,39,0.8125,0,0
20261010-093230-f1-s2-cpu50;20261010-101502-f1-s2-rocmfix,2026-10-10T11:28:56+00:00,cpu50,cpu50_rocmfix,2,chat,1,64,56,15,41,0.875,20,17
20261010-093230-f1-s2-cpu50;20261010-101502-f1-s2-rocmfix,2026-10-10T11:28:56+00:00,cpu50,cpu50_rocmfix,2,doc,1,64,57,14,43,0.8906,14,14
20261010-093230-f1-s2-cpu50;20261010-101502-f1-s2-rocmfix,2026-10-10T11:28:56+00:00,cpu50,cpu50_rocmfix,2,doc,16,64,49,12,37,0.7656,0,0
20261010-095124-f1-s3-cpu50;20261010-105352-f1-s3-rocmfix,2026-10-10T11:28:56+00:00,cpu50,cpu50_rocmfix,3,chat,1,64,59,14,45,0.9219,17,16
20261010-095124-f1-s3-cpu50;20261010-105352-f1-s3-rocmfix,2026-10-10T11:28:56+00:00,cpu50,cpu50_rocmfix,3,doc,1,64,63,15,48,0.9844,15,15
20261010-095124-f1-s3-cpu50;20261010-105352-f1-s3-rocmfix,2026-10-10T11:28:56+00:00,cpu50,cpu50_rocmfix,3,doc,16,64,55,14,41,0.8594,0,0
20261010-075828-f1-s1-off;20261010-110302-f1-s1-rocmnaive,2026-10-10T11:28:56+00:00,off,cpu50_rocmnaive,1,chat,1,64,33,16,17,0.5156,15,0
20261010-075828-f1-s1-off;20261010-110302-f1-s1-rocmnaive,2026-10-10T11:28:56+00:00,off,cpu50_rocmnaive,1,doc,1,64,41,16,25,0.6406,14,0
20261010-090103-f1-s1-offtri;20261010-103048-f1-s1-nostore,2026-10-10T11:28:56+00:00,off_triton,cpu50_nostore,1,chat,1,64,64,16,48,1.0,0,0
20261010-090103-f1-s1-offtri;20261010-103048-f1-s1-nostore,2026-10-10T11:28:56+00:00,off_triton,cpu50_nostore,1,doc,1,64,64,16,48,1.0,0,0
20261010-090103-f1-s1-offtri;20261010-103048-f1-s1-nostore,2026-10-10T11:28:56+00:00,off_triton,cpu50_nostore,1,doc,16,64,64,16,48,1.0,0,0
20261010-075828-f1-s1-off;20261010-111129-f1-s1-rocmfixns,2026-10-10T11:28:56+00:00,off,cpu50_rocmfix_nostore,1,chat,1,64,64,16,48,1.0,0,0
20261010-075828-f1-s1-off;20261010-111129-f1-s1-rocmfixns,2026-10-10T11:28:56+00:00,off,cpu50_rocmfix_nostore,1,doc,1,64,64,16,48,1.0,0,0
20261010-075828-f1-s1-off;20261010-112119-f1-s1-rocmfixcoal,2026-10-10T11:28:56+00:00,off,cpu50_rocmfix_bs256_coal,1,chat,1,64,64,16,48,1.0,15,15
20261010-075828-f1-s1-off;20261010-112119-f1-s1-rocmfixcoal,2026-10-10T11:28:56+00:00,off,cpu50_rocmfix_bs256_coal,1,doc,1,64,63,16,47,0.9844,14,13
20261010-091253-f1-s1-rocmfix;20261010-112119-f1-s1-rocmfixcoal,2026-10-10T11:28:56+00:00,cpu50_rocmfix,cpu50_rocmfix_bs256_coal,1,chat,1,64,64,16,48,1.0,15,15
20261010-091253-f1-s1-rocmfix;20261010-112119-f1-s1-rocmfixcoal,2026-10-10T11:28:56+00:00,cpu50_rocmfix,cpu50_rocmfix_bs256_coal,1,doc,1,64,64,16,48,1.0,14,14
