run_id,ts,src_runs,tier,chunk,f_ms_probe,ell_ms_measured,kappa_T,e_rec_J,e_load_J,kappa_E,kappa_E_over_kappa_T
20261010-083136-f2-final,2026-10-10T08:31:36+00:00,20261010-075158-f2-sweep,cpu35,0,28.237,1.785297,15.816417,21.0866,0.448129,47.054792,2.97506
20261010-083136-f2-final,2026-10-10T08:31:36+00:00,20261010-075158-f2-sweep,cpu35,15,41.869,1.785297,23.452122,30.8563,0.448129,68.855898,2.93602
20261010-083136-f2-final,2026-10-10T08:31:36+00:00,20261010-075158-f2-sweep,cpu35,31,56.259,1.785297,31.512406,40.0669,0.448129,89.409371,2.837275
20261010-083136-f2-final,2026-10-10T08:31:36+00:00,20261010-075158-f2-sweep,cpu35,47,69.992,1.785297,39.204684,50.2483,0.448129,112.129187,2.860097
20261010-083136-f2-final,2026-10-10T08:31:36+00:00,20261010-075158-f2-sweep,cpu35,63,84.029,1.785297,47.067242,60.2369,0.448129,134.418768,2.855888
20261010-083136-f2-final,2026-10-10T08:31:36+00:00,20261010-075158-f2-sweep,cpu11,0,28.237,5.409391,5.219996,21.0866,1.041555,20.245308,3.878414
20261010-083136-f2-final,2026-10-10T08:31:36+00:00,20261010-075158-f2-sweep,cpu11,15,41.869,5.409391,7.740059,30.8563,1.041555,29.625226,3.82752
20261010-083136-f2-final,2026-10-10T08:31:36+00:00,20261010-075158-f2-sweep,cpu11,31,56.259,5.409391,10.400247,40.0669,1.041555,38.468351,3.698792
20261010-083136-f2-final,2026-10-10T08:31:36+00:00,20261010-075158-f2-sweep,cpu11,47,69.992,5.409391,12.938981,50.2483,1.041555,48.243543,3.728543
20261010-083136-f2-final,2026-10-10T08:31:36+00:00,20261010-075158-f2-sweep,cpu11,63,84.029,5.409391,15.533912,60.2369,1.041555,57.833628,3.723056
20261010-083136-f2-final,2026-10-10T08:31:36+00:00,20261010-075158-f2-sweep,cpu369,0,28.237,16.960906,1.664828,21.0866,3.095889,6.811161,4.091209
20261010-083136-f2-final,2026-10-10T08:31:36+00:00,20261010-075158-f2-sweep,cpu369,15,41.869,16.960906,2.468559,30.8563,3.095889,9.966862,4.037522
20261010-083136-f2-final,2026-10-10T08:31:36+00:00,20261010-075158-f2-sweep,cpu369,31,56.259,16.960906,3.316981,40.0669,3.095889,12.941968,3.901731
20261010-083136-f2-final,2026-10-10T08:31:36+00:00,20261010-075158-f2-sweep,cpu369,47,69.992,16.960906,4.126666,50.2483,3.095889,16.230651,3.933115
20261010-083136-f2-final,2026-10-10T08:31:36+00:00,20261010-075158-f2-sweep,cpu369,63,84.029,16.960906,4.954275,60.2369,3.095889,19.457059,3.927327
20261010-083136-f2-final,2026-10-10T08:31:36+00:00,20261010-075158-f2-sweep,local,0,28.237,8.976313,3.145724,21.0866,1.86506,11.306123,3.594124
20261010-083136-f2-final,2026-10-10T08:31:36+00:00,20261010-075158-f2-sweep,local,15,41.869,8.976313,4.664388,30.8563,1.86506,16.544399,3.546961
20261010-083136-f2-final,2026-10-10T08:31:36+00:00,20261010-075158-f2-sweep,local,31,56.259,8.976313,6.267496,40.0669,1.86506,21.482899,3.427669
20261010-083136-f2-final,2026-10-10T08:31:36+00:00,20261010-075158-f2-sweep,local,47,69.992,8.976313,7.797411,50.2483,1.86506,26.941918,3.455239
20261010-083136-f2-final,2026-10-10T08:31:36+00:00,20261010-075158-f2-sweep,local,63,84.029,8.976313,9.361194,60.2369,1.86506,32.297563,3.450154
20261010-083136-f2-final,2026-10-10T08:31:36+00:00,20261010-075158-f2-sweep,nfs,0,28.237,188.800609,0.14956,21.0866,32.876125,0.641396,4.288553
20261010-083136-f2-final,2026-10-10T08:31:36+00:00,20261010-075158-f2-sweep,nfs,15,41.869,188.800609,0.221763,30.8563,32.876125,0.938563,4.232277
20261010-083136-f2-final,2026-10-10T08:31:36+00:00,20261010-075158-f2-sweep,nfs,31,56.259,188.800609,0.297981,40.0669,32.876125,1.218723,4.089936
20261010-083136-f2-final,2026-10-10T08:31:36+00:00,20261010-075158-f2-sweep,nfs,47,69.992,188.800609,0.370719,50.2483,32.876125,1.528413,4.122833
20261010-083136-f2-final,2026-10-10T08:31:36+00:00,20261010-075158-f2-sweep,nfs,63,84.029,188.800609,0.445067,60.2369,32.876125,1.832238,4.116766
