run_id,ts,cpu_gibps,ssd_dev,workload,arrival,lam,cpu_frac,qmax,think,n_sess,n_seeds,n10,n5,med_min_gain,worst_min_gain,rho_kv,rho_peak,rho_strat_cand,gpu_util,cand_drop_frac,tightest,pass10,pass5,stable,src
20261010-055800-d1-an-x4m,2026-10-10T05:58:08+00:00,3.69,local,chat,bursty,0.05,0.0625,-1.0,20.0,32,5,0,0,-0.02311751297666187,-0.03484179561734624,0.07893565075816003,0.28960410799501835,0.06995734330868161,0.1640838286795236,0.0,S4C,False,False,True,20261010-055231-d1-admitfirst;20261010-055506-d1-wm50;20261010-055721-d1-ct
20261010-055800-d1-an-x4m,2026-10-10T05:58:08+00:00,3.69,local,chat,bursty,0.05,0.125,-1.0,20.0,32,5,0,0,-0.026521539742996425,-0.04213785143933446,0.07894785909316086,0.28960410799501835,0.07035541982308373,0.165378083346682,0.0,S4C,False,False,True,20261010-055231-d1-admitfirst;20261010-055506-d1-wm50;20261010-055721-d1-ct
20261010-055800-d1-an-x4m,2026-10-10T05:58:08+00:00,3.69,local,chat,bursty,0.05,0.25,-1.0,20.0,32,5,0,0,-0.01137712874161323,-0.024237990661454267,0.07895770482107915,0.28960410799501835,0.07220311195454282,0.16527741274419183,0.0,S4C,False,False,True,20261010-055231-d1-admitfirst;20261010-055506-d1-wm50;20261010-055721-d1-ct
20261010-055800-d1-an-x4m,2026-10-10T05:58:08+00:00,3.69,local,chat,bursty,0.1,0.0625,-1.0,20.0,32,5,0,0,-0.0261859194809273,-0.03058529290295897,0.13279779991674057,0.3314745814400812,0.11767630354292569,0.2770885480280733,0.0,S4C,False,False,True,20261010-055231-d1-admitfirst;20261010-055506-d1-wm50;20261010-055721-d1-ct
20261010-055800-d1-an-x4m,2026-10-10T05:58:08+00:00,3.69,local,chat,bursty,0.1,0.125,-1.0,20.0,32,5,0,0,-0.025738235511686858,-0.03644870092604413,0.13287995782126455,0.3314745814400812,0.11858785620569659,0.27890385130352413,0.0,S4C,False,False,True,20261010-055231-d1-admitfirst;20261010-055506-d1-wm50;20261010-055721-d1-ct
20261010-055800-d1-an-x4m,2026-10-10T05:58:08+00:00,3.69,local,chat,bursty,0.1,0.25,-1.0,20.0,32,5,0,0,-0.011089219009677964,-0.020096783636345483,0.13287703761991915,0.3314745814400812,0.12160447902019847,0.27839956228702534,0.0,S4C,False,False,True,20261010-055231-d1-admitfirst;20261010-055506-d1-wm50;20261010-055721-d1-ct
20261010-055800-d1-an-x4m,2026-10-10T05:58:08+00:00,3.69,local,chat,bursty,0.2,0.0625,-1.0,20.0,32,5,0,0,-0.026147448385219207,-0.07684528947334823,0.20431257183398227,0.41172632220978506,0.1809952146241331,0.4301551804191073,0.0,S4WT,False,False,True,20261010-055231-d1-admitfirst;20261010-055506-d1-wm50;20261010-055721-d1-ct
20261010-055800-d1-an-x4m,2026-10-10T05:58:08+00:00,3.69,local,chat,bursty,0.2,0.125,-1.0,20.0,32,5,0,0,-0.01858608336203682,-0.05331301938068178,0.2048453591413022,0.41172632220978506,0.1840175949902411,0.43123689629384254,0.0,S4WT50,False,False,True,20261010-055231-d1-admitfirst;20261010-055506-d1-wm50;20261010-055721-d1-ct
20261010-055800-d1-an-x4m,2026-10-10T05:58:08+00:00,3.69,local,chat,bursty,0.2,0.25,-1.0,20.0,32,5,0,0,-0.00940389022450816,-0.011538031494963241,0.20520399700128947,0.41172632220978506,0.1887127168862727,0.4310732751422125,0.0,S4WT50,False,False,True,20261010-055231-d1-admitfirst;20261010-055506-d1-wm50;20261010-055721-d1-ct
20261010-055800-d1-an-x4m,2026-10-10T05:58:08+00:00,3.69,local,chat,bursty,0.4,0.0625,-1.0,20.0,32,5,0,0,-0.006819072687745176,-0.01864674725563953,0.26944472489904936,0.47802123849780126,0.23892322642953942,0.5748340303366988,0.0,S4CT50,False,False,True,20261010-055231-d1-admitfirst;20261010-055506-d1-wm50;20261010-055721-d1-ct
20261010-055800-d1-an-x4m,2026-10-10T05:58:08+00:00,3.69,local,chat,bursty,0.4,0.125,-1.0,20.0,32,5,0,0,-0.022420434230306818,-0.05080953415269207,0.26905998618100324,0.48151044461822323,0.2436889635747094,0.5708202463949071,0.0,S4CT,False,False,True,20261010-055231-d1-admitfirst;20261010-055506-d1-wm50;20261010-055721-d1-ct
20261010-055800-d1-an-x4m,2026-10-10T05:58:08+00:00,3.69,local,chat,bursty,0.4,0.25,-1.0,20.0,32,5,0,0,-0.01683221425114778,-0.04715107298412258,0.27075782614845567,0.48151044461822323,0.24951651228942326,0.5700969034854835,0.0,S4CT50,False,False,True,20261010-055231-d1-admitfirst;20261010-055506-d1-wm50;20261010-055721-d1-ct
20261010-055800-d1-an-x4m,2026-10-10T05:58:08+00:00,3.69,local,chat,poisson,0.05,0.0625,-1.0,20.0,32,5,0,0,-0.04353396195883796,-0.056619152322730626,0.06663103915286517,0.1570142754189858,0.05880145388841268,0.13880996830492068,0.0,S4C,False,False,True,20261010-055231-d1-admitfirst;20261010-055506-d1-wm50;20261010-055721-d1-ct
20261010-055800-d1-an-x4m,2026-10-10T05:58:08+00:00,3.69,local,chat,poisson,0.05,0.125,-1.0,20.0,32,5,0,0,-0.035104632932118185,-0.04604843344268772,0.06663103915286517,0.1570142754189858,0.05932003131852154,0.1390703598242567,0.0,S4C,False,False,True,20261010-055231-d1-admitfirst;20261010-055506-d1-wm50;20261010-055721-d1-ct
20261010-055800-d1-an-x4m,2026-10-10T05:58:08+00:00,3.69,local,chat,poisson,0.05,0.25,-1.0,20.0,32,5,0,0,-0.016767193548379966,-0.024645760330609945,0.06663103915286517,0.1570142754189858,0.06046138003104827,0.13908909857764312,0.0,S4C,False,False,True,20261010-055231-d1-admitfirst;20261010-055506-d1-wm50;20261010-055721-d1-ct
20261010-055800-d1-an-x4m,2026-10-10T05:58:08+00:00,3.69,local,chat,poisson,0.1,0.0625,-1.0,20.0,32,5,0,0,-0.026946693336268313,-0.04484108530852893,0.11474906056643412,0.22679839782742395,0.10159082410787401,0.23792722127751026,0.0,S4WT50,False,False,True,20261010-055231-d1-admitfirst;20261010-055506-d1-wm50;20261010-055721-d1-ct
20261010-055800-d1-an-x4m,2026-10-10T05:58:08+00:00,3.69,local,chat,poisson,0.1,0.125,-1.0,20.0,32,5,0,0,-0.027900978199465243,-0.07425882989822208,0.11462061002290076,0.22679839782742395,0.10225677688147272,0.23973043977824515,0.0,S4C,False,False,True,20261010-055231-d1-admitfirst;20261010-055506-d1-wm50;20261010-055721-d1-ct
20261010-055800-d1-an-x4m,2026-10-10T05:58:08+00:00,3.69,local,chat,poisson,0.1,0.25,-1.0,20.0,32,5,0,0,-0.012393062869296645,-0.035892927550269405,0.11462124675350334,0.22679839782742395,0.10430765688259487,0.2398102099326993,0.0,S4C,False,False,True,20261010-055231-d1-admitfirst;20261010-055506-d1-wm50;20261010-055721-d1-ct
20261010-055800-d1-an-x4m,2026-10-10T05:58:08+00:00,3.69,local,chat,poisson,0.2,0.0625,-1.0,20.0,32,5,0,0,-0.013581819853172417,-0.03463875575711162,0.1797443919344886,0.35240981816261263,0.15942321856867048,0.3761891502860046,0.0,S4WT50,False,False,True,20261010-055231-d1-admitfirst;20261010-055506-d1-wm50;20261010-055721-d1-ct
20261010-055800-d1-an-x4m,2026-10-10T05:58:08+00:00,3.69,local,chat,poisson,0.2,0.125,-1.0,20.0,32,5,0,0,-0.01776196171059674,-0.035723512693719095,0.17987686860017596,0.35240981816261263,0.16144554684336437,0.3775210961118338,0.0,S4WT,False,False,True,20261010-055231-d1-admitfirst;20261010-055506-d1-wm50;20261010-055721-d1-ct
20261010-055800-d1-an-x4m,2026-10-10T05:58:08+00:00,3.69,local,chat,poisson,0.2,0.25,-1.0,20.0,32,5,0,0,-0.011566293422956564,-0.01809390508712949,0.17996860540428988,0.35240981816261263,0.16460287705264104,0.3777056683535428,0.0,S4WT50,False,False,True,20261010-055231-d1-admitfirst;20261010-055506-d1-wm50;20261010-055721-d1-ct
20261010-055800-d1-an-x4m,2026-10-10T05:58:08+00:00,3.69,local,chat,poisson,0.4,0.0625,-1.0,20.0,32,5,0,0,-0.012638613984824021,-0.05386008082583227,0.235185888507232,0.4326615589323165,0.20934320568901285,0.5030989822944094,0.0,S4CT50,False,False,True,20261010-055231-d1-admitfirst;20261010-055506-d1-wm50;20261010-055721-d1-ct
20261010-055800-d1-an-x4m,2026-10-10T05:58:08+00:00,3.69,local,chat,poisson,0.4,0.125,-1.0,20.0,32,5,0,0,-0.01410043976235864,-0.022749735472731403,0.23557929627705265,0.4326615589323165,0.21265869264050358,0.5002154567921555,0.0,S4CT50,False,False,True,20261010-055231-d1-admitfirst;20261010-055506-d1-wm50;20261010-055721-d1-ct
20261010-055800-d1-an-x4m,2026-10-10T05:58:08+00:00,3.69,local,chat,poisson,0.4,0.25,-1.0,20.0,32,5,0,0,-0.00303128713432943,-0.013572837116033298,0.2365191224021531,0.4361507650527384,0.2182571663950288,0.4981617615610233,0.0,S4CT50,False,False,True,20261010-055231-d1-admitfirst;20261010-055506-d1-wm50;20261010-055721-d1-ct
20261010-055800-d1-an-x4m,2026-10-10T05:58:08+00:00,3.69,local,doc,bursty,0.05,0.0625,-1.0,20.0,32,5,0,0,-0.07730456404014951,-0.08844508717972621,0.10786365923124153,0.5589272054150843,0.075939038078462,0.26600129617784285,0.0,S4WT50,False,False,True,20261010-055231-d1-admitfirst;20261010-055506-d1-wm50;20261010-055721-d1-ct
20261010-055800-d1-an-x4m,2026-10-10T05:58:08+00:00,3.69,local,doc,bursty,0.05,0.125,-1.0,20.0,32,5,0,0,-0.06804892320000511,-0.07726301927663115,0.10785435056861734,0.5589272054150843,0.07710908426979152,0.2667742236996117,0.0,S4WT50,False,False,True,20261010-055231-d1-admitfirst;20261010-055506-d1-wm50;20261010-055721-d1-ct
20261010-055800-d1-an-x4m,2026-10-10T05:58:08+00:00,3.69,local,doc,bursty,0.05,0.25,-1.0,20.0,32,5,0,0,-0.046925506842226405,-0.06577400222478458,0.10786779134621735,0.5589272054150843,0.07908206958589373,0.26745378702082956,0.0,S4WT50,False,False,True,20261010-055231-d1-admitfirst;20261010-055506-d1-wm50;20261010-055721-d1-ct
20261010-055800-d1-an-x4m,2026-10-10T05:58:08+00:00,3.69,local,doc,bursty,0.1,0.0625,-1.0,20.0,32,5,0,0,-0.06319382068409851,-0.1007031565144354,0.1754434256638061,0.5589272054150843,0.12351419194056375,0.4324014786092942,0.0,S4WT50,False,False,True,20261010-055231-d1-admitfirst;20261010-055506-d1-wm50;20261010-055721-d1-ct
20261010-055800-d1-an-x4m,2026-10-10T05:58:08+00:00,3.69,local,doc,bursty,0.1,0.125,-1.0,20.0,32,5,0,0,-0.055710354184051014,-0.09152304757901342,0.1754245492774841,0.5589272054150843,0.12541472063542708,0.43304400912416546,0.0,S4WT50,False,False,True,20261010-055231-d1-admitfirst;20261010-055506-d1-wm50;20261010-055721-d1-ct
20261010-055800-d1-an-x4m,2026-10-10T05:58:08+00:00,3.69,local,doc,bursty,0.1,0.25,-1.0,20.0,32,5,0,0,-0.036224298662623,-0.08241133006772872,0.17548814990842207,0.5589272054150843,0.12871214984801393,0.43443630567928915,0.0,S4WT50,False,False,True,20261010-055231-d1-admitfirst;20261010-055506-d1-wm50;20261010-055721-d1-ct
20261010-055800-d1-an-x4m,2026-10-10T05:58:08+00:00,3.69,local,doc,bursty,0.2,0.0625,-1.0,20.0,32,5,0,0,-0.06894105503101255,-0.09204177270845448,0.2534821932543038,0.558709130032558,0.1784390570326767,0.6239263673205494,0.0,S4WT50,False,False,True,20261010-055231-d1-admitfirst;20261010-055506-d1-wm50;20261010-055721-d1-ct
20261010-055800-d1-an-x4m,2026-10-10T05:58:08+00:00,3.69,local,doc,bursty,0.2,0.125,-1.0,20.0,32,5,0,0,-0.06108870309479264,-0.09881602325824712,0.2533385171084349,0.558709130032558,0.18110272486138113,0.6219217055309175,0.0,S4WT50,False,False,True,20261010-055231-d1-admitfirst;20261010-055506-d1-wm50;20261010-055721-d1-ct
20261010-055800-d1-an-x4m,2026-10-10T05:58:08+00:00,3.69,local,doc,bursty,0.2,0.25,-1.0,20.0,32,5,0,0,-0.04633899975866529,-0.06839450876494013,0.2537312684744982,0.558709130032558,0.18631959510211998,0.6215946239613696,0.0,S4WT50,False,False,True,20261010-055231-d1-admitfirst;20261010-055506-d1-wm50;20261010-055721-d1-ct
20261010-055800-d1-an-x4m,2026-10-10T05:58:08+00:00,3.69,local,doc,bursty,0.4,0.0625,-1.0,20.0,32,5,0,0,-0.08061498704688996,-0.11054691278565221,0.2928393451919472,0.558709130032558,0.20614251715616616,0.7189204149693891,0.0,S4WT50,False,False,True,20261010-055231-d1-admitfirst;20261010-055506-d1-wm50;20261010-055721-d1-ct
20261010-055800-d1-an-x4m,2026-10-10T05:58:08+00:00,3.69,local,doc,bursty,0.4,0.125,-1.0,20.0,32,5,0,0,-0.07351387277922372,-0.08593659119990082,0.29366808969852676,0.558709130032558,0.20993105855069688,0.7167105950128512,0.0,S4WT50,False,False,True,20261010-055231-d1-admitfirst;20261010-055506-d1-wm50;20261010-055721-d1-ct
20261010-055800-d1-an-x4m,2026-10-10T05:58:08+00:00,3.69,local,doc,bursty,0.4,0.25,-1.0,20.0,32,5,0,0,-0.05222657746582671,-0.0683066203827003,0.294752755991429,0.558709130032558,0.2169693856627287,0.7126474007438947,0.0,S4WT50,False,False,True,20261010-055231-d1-admitfirst;20261010-055506-d1-wm50;20261010-055721-d1-ct
20261010-055800-d1-an-x4m,2026-10-10T05:58:08+00:00,3.69,local,doc,poisson,0.05,0.0625,-1.0,20.0,32,5,0,0,-0.11006932993128515,-0.1181049715035003,0.09517509468652284,0.2832799219017536,0.06695185796940412,0.2365714935564779,0.0,S4WT50,False,False,True,20261010-055231-d1-admitfirst;20261010-055506-d1-wm50;20261010-055721-d1-ct
20261010-055800-d1-an-x4m,2026-10-10T05:58:08+00:00,3.69,local,doc,poisson,0.05,0.125,-1.0,20.0,32,5,0,0,-0.07568210352541804,-0.09246151596272367,0.09517030071944363,0.2832799219017536,0.06789419974483116,0.23618889217043165,0.0,S4WT50,False,False,True,20261010-055231-d1-admitfirst;20261010-055506-d1-wm50;20261010-055721-d1-ct
20261010-055800-d1-an-x4m,2026-10-10T05:58:08+00:00,3.69,local,doc,poisson,0.05,0.25,-1.0,20.0,32,5,0,0,-0.03775591859039429,-0.04041364193658925,0.09516888076155082,0.2832799219017536,0.06975245840970538,0.2362782691254523,0.0,S4C,False,False,True,20261010-055231-d1-admitfirst;20261010-055506-d1-wm50;20261010-055721-d1-ct
20261010-055800-d1-an-x4m,2026-10-10T05:58:08+00:00,3.69,local,doc,poisson,0.1,0.0625,-1.0,20.0,32,5,0,0,-0.07302412048324025,-0.171507064592898,0.16253151966444102,0.35524479813545545,0.11438169238398985,0.4074428003505898,0.0,S4WT50,False,False,True,20261010-055231-d1-admitfirst;20261010-055506-d1-wm50;20261010-055721-d1-ct
20261010-055800-d1-an-x4m,2026-10-10T05:58:08+00:00,3.69,local,doc,poisson,0.1,0.125,-1.0,20.0,32,5,0,0,-0.06351778574423905,-0.1587690025825118,0.16244522911800757,0.3554628735179818,0.11595405108254613,0.40493778935213165,0.0,S4WT50,False,False,True,20261010-055231-d1-admitfirst;20261010-055506-d1-wm50;20261010-055721-d1-ct
20261010-055800-d1-an-x4m,2026-10-10T05:58:08+00:00,3.69,local,doc,poisson,0.1,0.25,-1.0,20.0,32,5,0,0,-0.02837663162470505,-0.09091680994296192,0.16258786415009566,0.3554628735179818,0.11928775243224336,0.405121327423233,0.0,S4WT50,False,False,True,20261010-055231-d1-admitfirst;20261010-055506-d1-wm50;20261010-055721-d1-ct
20261010-055800-d1-an-x4m,2026-10-10T05:58:08+00:00,3.69,local,doc,poisson,0.2,0.0625,-1.0,20.0,32,5,0,0,-0.059767678722214224,-0.12717274674059553,0.24560477620743057,0.4817285200007496,0.1728936678742738,0.6211178871084764,0.0,S4WT50,False,False,True,20261010-055231-d1-admitfirst;20261010-055506-d1-wm50;20261010-055721-d1-ct
20261010-055800-d1-an-x4m,2026-10-10T05:58:08+00:00,3.69,local,doc,poisson,0.2,0.125,-1.0,20.0,32,5,0,0,-0.04960877446840006,-0.08834203729187828,0.24488577492573174,0.48194659538327594,0.17490886603964811,0.6151019833181532,0.0,S4WT,False,False,True,20261010-055231-d1-admitfirst;20261010-055506-d1-wm50;20261010-055721-d1-ct
20261010-055800-d1-an-x4m,2026-10-10T05:58:08+00:00,3.69,local,doc,poisson,0.2,0.25,-1.0,20.0,32,5,0,0,-0.008798556130969137,-0.02944823747323444,0.24572168287988036,0.48151044461822323,0.18056309276908164,0.6126005898166225,0.0,S4C,False,False,True,20261010-055231-d1-admitfirst;20261010-055506-d1-wm50;20261010-055721-d1-ct
20261010-055800-d1-an-x4m,2026-10-10T05:58:08+00:00,3.69,local,doc,poisson,0.4,0.0625,-1.0,20.0,32,5,0,0,-0.06994854813241413,-0.09898008945882875,0.2661618800996458,0.5471511347586604,0.18737813408568788,0.6639551752815495,0.0,S4WT50,False,False,True,20261010-055231-d1-admitfirst;20261010-055506-d1-wm50;20261010-055721-d1-ct
20261010-055800-d1-an-x4m,2026-10-10T05:58:08+00:00,3.69,local,doc,poisson,0.4,0.125,-1.0,20.0,32,5,0,0,-0.05640813046659543,-0.07780884791759124,0.2665408831318093,0.5467149839936076,0.19053567185208947,0.6619914890730432,0.0,S4WT50,False,False,True,20261010-055231-d1-admitfirst;20261010-055506-d1-wm50;20261010-055721-d1-ct
20261010-055800-d1-an-x4m,2026-10-10T05:58:08+00:00,3.69,local,doc,poisson,0.4,0.25,-1.0,20.0,32,5,0,0,-0.03394518886514619,-0.04643973204853158,0.26781534005236246,0.546933059376134,0.1970084962646032,0.6572078601774501,0.0,S4WT50,False,False,True,20261010-055231-d1-admitfirst;20261010-055506-d1-wm50;20261010-055721-d1-ct
20261010-055800-d1-an-x4m,2026-10-10T05:58:08+00:00,3.69,nfs,chat,bursty,0.05,0.0625,-1.0,20.0,32,5,0,0,-0.007022153829216227,-0.015280695634753316,0.24945709913406508,0.8763229447640095,0.09690364217377948,0.19268595585398454,0.0,S4CT50,False,False,True,20261010-055231-d1-admitfirst;20261010-055506-d1-wm50;20261010-055721-d1-ct
20261010-055800-d1-an-x4m,2026-10-10T05:58:08+00:00,3.69,nfs,chat,bursty,0.05,0.125,-1.0,20.0,32,5,0,0,0.0,-0.0018465493645557496,0.2498877288588596,0.8985083357706932,0.09707275611358937,0.17136964338664515,0.0,S4BD,False,False,True,20261010-055231-d1-admitfirst;20261010-055506-d1-wm50;20261010-055721-d1-ct
20261010-055800-d1-an-x4m,2026-10-10T05:58:08+00:00,3.69,nfs,chat,bursty,0.05,0.25,-1.0,20.0,32,5,0,0,0.0,0.0,0.2510180674327934,0.9206937267773772,0.0975125658245589,0.16588965714931528,0.0,S4BD,False,False,True,20261010-055231-d1-admitfirst;20261010-055506-d1-wm50;20261010-055721-d1-ct
20261010-055800-d1-an-x4m,2026-10-10T05:58:08+00:00,3.69,nfs,chat,bursty,0.1,0.0625,-1.0,20.0,32,5,0,0,-0.004432914179202108,-0.07047209955385958,0.4139289827325154,0.9983425953007703,0.1607457851306774,0.3311529487839432,0.0,S4CT50,False,False,True,20261010-055231-d1-admitfirst;20261010-055506-d1-wm50;20261010-055721-d1-ct
20261010-055800-d1-an-x4m,2026-10-10T05:58:08+00:00,3.69,nfs,chat,bursty,0.1,0.125,-1.0,20.0,32,5,0,0,0.0,-0.03145337444256546,0.42024677874726174,1.031620681810796,0.1632064086031557,0.2955599273717072,0.0,S4BD,False,False,True,20261010-055231-d1-admitfirst;20261010-055506-d1-wm50;20261010-055721-d1-ct
20261010-055800-d1-an-x4m,2026-10-10T05:58:08+00:00,3.69,nfs,chat,bursty,0.1,0.25,-1.0,20.0,32,5,0,0,0.0,-0.006547545047554948,0.42209784983551274,1.0538060728174798,0.16393175281516434,0.2803167372936828,0.0,S1,False,False,True,20261010-055231-d1-admitfirst;20261010-055506-d1-wm50;20261010-055721-d1-ct
20261010-055800-d1-an-x4m,2026-10-10T05:58:08+00:00,3.69,nfs,chat,bursty,0.2,0.0625,-1.0,20.0,32,5,0,0,-0.011459306182440843,-0.06378803658189969,0.6194442707283374,1.2201965053676083,0.24031435887263647,0.5177998825480742,0.0,S4CT,False,False,True,20261010-055231-d1-admitfirst;20261010-055506-d1-wm50;20261010-055721-d1-ct
20261010-055800-d1-an-x4m,2026-10-10T05:58:08+00:00,3.69,nfs,chat,bursty,0.2,0.125,-1.0,20.0,32,5,0,0,-0.007705771990412114,-0.0846146296088357,0.630806250598385,1.2978453738910014,0.2447760743059179,0.4715865084581831,0.0,S4CT,False,False,True,20261010-055231-d1-admitfirst;20261010-055506-d1-wm50;20261010-055721-d1-ct
20261010-055800-d1-an-x4m,2026-10-10T05:58:08+00:00,3.69,nfs,chat,bursty,0.2,0.25,-1.0,20.0,32,5,0,0,0.0,-0.009118857633668043,0.6451856137741016,1.3089380693943433,0.2503675643877051,0.4367118562175339,0.0,S4BD,False,False,True,20261010-055231-d1-admitfirst;20261010-055506-d1-wm50;20261010-055721-d1-ct
20261010-055800-d1-an-x4m,2026-10-10T05:58:08+00:00,3.69,nfs,chat,bursty,0.4,0.0625,-1.0,20.0,32,5,0,0,-0.020559120972611034,-0.09561326930795411,0.7900881521903157,1.4198650244277622,0.30517374003237147,0.6939104001989991,0.0,S4B,False,False,True,20261010-055231-d1-admitfirst;20261010-055506-d1-wm50;20261010-055721-d1-ct
20261010-055800-d1-an-x4m,2026-10-10T05:58:08+00:00,3.69,nfs,chat,bursty,0.4,0.125,-1.0,20.0,32,5,0,0,-0.016742951885248436,-0.11172235997160773,0.8055205453468645,1.453143110937788,0.3112289609685719,0.6430229685646085,0.0,S4CT,False,False,True,20261010-055231-d1-admitfirst;20261010-055506-d1-wm50;20261010-055721-d1-ct
20261010-055800-d1-an-x4m,2026-10-10T05:58:08+00:00,3.69,nfs,chat,bursty,0.4,0.25,-1.0,20.0,32,5,0,0,-0.0024082921395797152,-0.04443029219477046,0.8391404092554662,1.5307919794611808,0.3244031643075102,0.5876917824275804,0.0,S4CT,False,False,True,20261010-055231-d1-admitfirst;20261010-055506-d1-wm50;20261010-055721-d1-ct
20261010-055800-d1-an-x4m,2026-10-10T05:58:08+00:00,3.69,nfs,chat,poisson,0.05,0.0625,-1.0,20.0,32,5,0,0,0.001139749232870857,0.0,0.21182979820768305,0.4991712976503851,0.08224849421418035,0.1412467195026173,0.0,S4CT,False,False,True,20261010-055231-d1-admitfirst;20261010-055506-d1-wm50;20261010-055721-d1-ct
20261010-055800-d1-an-x4m,2026-10-10T05:58:08+00:00,3.69,nfs,chat,poisson,0.05,0.125,-1.0,20.0,32,5,0,0,0.0,0.0,0.21182979820768305,0.4991712976503851,0.08224849421418035,0.1390703598242567,0.0,S4BD,False,False,True,20261010-055231-d1-admitfirst;20261010-055506-d1-wm50;20261010-055721-d1-ct
20261010-055800-d1-an-x4m,2026-10-10T05:58:08+00:00,3.69,nfs,chat,poisson,0.05,0.25,-1.0,20.0,32,5,0,0,0.0,0.0,0.21182979820768305,0.4991712976503851,0.08224849421418035,0.13908909857764312,0.0,S4BD,False,False,True,20261010-055231-d1-admitfirst;20261010-055506-d1-wm50;20261010-055721-d1-ct
20261010-055800-d1-an-x4m,2026-10-10T05:58:08+00:00,3.69,nfs,chat,poisson,0.1,0.0625,-1.0,20.0,32,5,0,0,-0.005457407334580555,-0.029676023476148616,0.36401195480676946,0.7099325122138811,0.14144386430721043,0.2687489602450623,0.0,S4CT50,False,False,True,20261010-055231-d1-admitfirst;20261010-055506-d1-wm50;20261010-055721-d1-ct
20261010-055800-d1-an-x4m,2026-10-10T05:58:08+00:00,3.69,nfs,chat,poisson,0.1,0.125,-1.0,20.0,32,5,0,0,0.0,-0.018652652656025892,0.36471585087270664,0.721025207717223,0.1417213713899516,0.24244874960162197,0.0,S4BD,False,False,True,20261010-055231-d1-admitfirst;20261010-055506-d1-wm50;20261010-055721-d1-ct
20261010-055800-d1-an-x4m,2026-10-10T05:58:08+00:00,3.69,nfs,chat,poisson,0.1,0.25,-1.0,20.0,32,5,0,0,0.0,-0.03136184368484207,0.3643976722981004,0.721025207717223,0.1415971872199143,0.2398102099326993,0.0,S4BD,False,False,True,20261010-055231-d1-admitfirst;20261010-055506-d1-wm50;20261010-055721-d1-ct
20261010-055800-d1-an-x4m,2026-10-10T05:58:08+00:00,3.69,nfs,chat,poisson,0.2,0.0625,-1.0,20.0,32,5,0,0,-0.013205247788493302,-0.06457311279200628,0.561374293128848,0.9983425953007703,0.21815595880037325,0.45982780354506864,0.0,S4CT50,False,False,True,20261010-055231-d1-admitfirst;20261010-055506-d1-wm50;20261010-055721-d1-ct
20261010-055800-d1-an-x4m,2026-10-10T05:58:08+00:00,3.69,nfs,chat,poisson,0.2,0.125,-1.0,20.0,32,5,0,0,-0.008993107863773053,-0.0929880781653234,0.5654147831604087,1.0648987683208218,0.21972834193627366,0.4112713255234521,0.0,S4BD,False,False,True,20261010-055231-d1-admitfirst;20261010-055506-d1-wm50;20261010-055721-d1-ct
20261010-055800-d1-an-x4m,2026-10-10T05:58:08+00:00,3.69,nfs,chat,poisson,0.2,0.25,-1.0,20.0,32,5,0,0,0.0,-0.002522893831745865,0.5721464628376512,1.120362245837531,0.2224585354817404,0.379655356769152,0.0,S4BD,False,False,True,20261010-055231-d1-admitfirst;20261010-055506-d1-wm50;20261010-055721-d1-ct
20261010-055800-d1-an-x4m,2026-10-10T05:58:08+00:00,3.69,nfs,chat,poisson,0.4,0.0625,-1.0,20.0,32,5,0,0,-0.034412957876481465,-0.04796387730192164,0.7070209471502549,1.220196505367608,0.2745285201404279,0.6244514448023422,0.0,S4BD,False,False,True,20261010-055231-d1-admitfirst;20261010-055506-d1-wm50;20261010-055721-d1-ct
20261010-055800-d1-an-x4m,2026-10-10T05:58:08+00:00,3.69,nfs,chat,poisson,0.4,0.125,-1.0,20.0,32,5,0,0,-0.018182296019839117,-0.05698671677842726,0.719037459944145,1.2756599828843176,0.2793751764308441,0.57273496916956,0.0,S4B,False,False,True,20261010-055231-d1-admitfirst;20261010-055506-d1-wm50;20261010-055721-d1-ct
20261010-055800-d1-an-x4m,2026-10-10T05:58:08+00:00,3.69,nfs,chat,poisson,0.4,0.25,-1.0,20.0,32,5,0,0,-5.285242627728337e-05,-0.016124275765442064,0.7426472314168299,1.3754942424143946,0.28866170362947124,0.5203473696412056,0.0,S4BD,False,False,True,20261010-055231-d1-admitfirst;20261010-055506-d1-wm50;20261010-055721-d1-ct
20261010-055800-d1-an-x4m,2026-10-10T05:58:08+00:00,3.69,nfs,doc,bursty,0.05,0.0625,-1.0,20.0,32,5,0,0,0.00046519514003895424,-0.033089872071747406,0.32912850616171807,1.7755245740036614,0.07435168411996365,0.3749817226938951,0.0,S4CT50,False,False,True,20261010-055231-d1-admitfirst;20261010-055506-d1-wm50;20261010-055721-d1-ct
20261010-055800-d1-an-x4m,2026-10-10T05:58:08+00:00,3.69,nfs,doc,bursty,0.05,0.125,-1.0,20.0,32,5,0,0,-2.6437805398127345e-05,-0.009634374111105348,0.33197683253117355,1.7755245740036614,0.07499436336329775,0.32617782955757574,0.0,S4CT,False,False,True,20261010-055231-d1-admitfirst;20261010-055506-d1-wm50;20261010-055721-d1-ct
20261010-055800-d1-an-x4m,2026-10-10T05:58:08+00:00,3.69,nfs,doc,bursty,0.05,0.25,-1.0,20.0,32,5,0,0,0.0,-0.0030791912039668246,0.33823044798508917,1.7748312805347026,0.07641163526704153,0.2868833858634568,0.0,S4BD,False,False,True,20261010-055231-d1-admitfirst;20261010-055506-d1-wm50;20261010-055721-d1-ct
20261010-055800-d1-an-x4m,2026-10-10T05:58:08+00:00,3.69,nfs,doc,bursty,0.1,0.0625,-1.0,20.0,32,5,0,0,-0.0049732130672340835,-0.006022616945194792,0.5225078037756677,1.7755245740036614,0.11799563511435296,0.6037239147516615,0.0,S4CT50,False,False,True,20261010-055231-d1-admitfirst;20261010-055506-d1-wm50;20261010-055721-d1-ct
20261010-055800-d1-an-x4m,2026-10-10T05:58:08+00:00,3.69,nfs,doc,bursty,0.1,0.125,-1.0,20.0,32,5,0,0,-0.00445626420105405,-0.007087380035177615,0.529293456709412,1.7755245740036614,0.11952958264060858,0.5330382733785455,0.0,S4CT,False,False,True,20261010-055231-d1-admitfirst;20261010-055506-d1-wm50;20261010-055721-d1-ct
20261010-055800-d1-an-x4m,2026-10-10T05:58:08+00:00,3.69,nfs,doc,bursty,0.1,0.25,-1.0,20.0,32,5,0,0,-0.002124394408607233,-0.0036602154449717483,0.5429058985458943,1.776911160941579,0.12262052932738107,0.46784363079956315,0.0,S4CT,False,False,True,20261010-055231-d1-admitfirst;20261010-055506-d1-wm50;20261010-055721-d1-ct
20261010-055800-d1-an-x4m,2026-10-10T05:58:08+00:00,3.69,nfs,doc,bursty,0.2,0.0625,-1.0,20.0,32,5,0,0,-0.009729654718248604,-0.022186443436258863,0.6986807723866582,1.7748312805347026,0.15764684545326252,0.8460572872635753,0.0,S4CT50,False,False,True,20261010-055231-d1-admitfirst;20261010-055506-d1-wm50;20261010-055721-d1-ct
20261010-055800-d1-an-x4m,2026-10-10T05:58:08+00:00,3.69,nfs,doc,bursty,0.2,0.125,-1.0,20.0,32,5,0,0,-0.007878252631184468,-0.012831976895623098,0.7228831067335915,1.7755245740036614,0.1630719634164832,0.796362174723195,0.0,S4CT,False,False,True,20261010-055231-d1-admitfirst;20261010-055506-d1-wm50;20261010-055721-d1-ct
20261010-055800-d1-an-x4m,2026-10-10T05:58:08+00:00,3.69,nfs,doc,bursty,0.2,0.25,-1.0,20.0,32,5,0,0,0.0014824411769223111,-0.014818815901290083,0.759409248720285,1.7762178674726203,0.17134595593699464,0.7146072637754394,0.0,S4BD,False,False,True,20261010-055231-d1-admitfirst;20261010-055506-d1-wm50;20261010-055721-d1-ct
20261010-055800-d1-an-x4m,2026-10-10T05:58:08+00:00,3.69,nfs,doc,bursty,0.4,0.0625,-1.0,20.0,32,5,0,0,-0.00850396286779631,-0.014542447515990875,0.7402282856367444,1.7748312805347026,0.16698346366159608,0.9270979832953797,0.0,S4BD,False,False,True,20261010-055231-d1-admitfirst;20261010-055506-d1-wm50;20261010-055721-d1-ct
20261010-055800-d1-an-x4m,2026-10-10T05:58:08+00:00,3.69,nfs,doc,bursty,0.4,0.125,-1.0,20.0,32,5,0,0,-0.007351501787959958,-0.03198539169719694,0.756249168759696,1.7755245740036614,0.17059694425658525,0.9009824308610996,0.0,S4BD,False,False,True,20261010-055231-d1-admitfirst;20261010-055506-d1-wm50;20261010-055721-d1-ct
20261010-055800-d1-an-x4m,2026-10-10T05:58:08+00:00,3.69,nfs,doc,bursty,0.4,0.25,-1.0,20.0,32,5,0,0,-0.03615225787587295,-0.06736405254705924,0.8032988588396943,1.7755245740036614,0.18125616491472507,0.851075869529631,0.0,S2b,False,False,True,20261010-055231-d1-admitfirst;20261010-055506-d1-wm50;20261010-055721-d1-ct
20261010-055800-d1-an-x4m,2026-10-10T05:58:08+00:00,3.69,nfs,doc,poisson,0.05,0.0625,-1.0,20.0,32,5,0,0,-0.0002844647488488006,-0.005278943727777596,0.30160382505426087,0.8992016292396521,0.06811513262403686,0.2806186101808334,0.0,S4CT50,False,False,True,20261010-055231-d1-admitfirst;20261010-055506-d1-wm50;20261010-055721-d1-ct
20261010-055800-d1-an-x4m,2026-10-10T05:58:08+00:00,3.69,nfs,doc,poisson,0.05,0.125,-1.0,20.0,32,5,0,0,0.0,-0.006242314181472364,0.3025371316305022,0.9005882161775698,0.06832480560253454,0.24196987364023811,0.0,S4CT,False,False,True,20261010-055231-d1-admitfirst;20261010-055506-d1-wm50;20261010-055721-d1-ct
20261010-055800-d1-an-x4m,2026-10-10T05:58:08+00:00,3.69,nfs,doc,poisson,0.05,0.25,-1.0,20.0,32,5,0,0,0.0,0.0,0.3025557617542197,0.9005882161775698,0.06832892982839565,0.2362782691254523,0.0,S4BD,False,False,True,20261010-055231-d1-admitfirst;20261010-055506-d1-wm50;20261010-055721-d1-ct
20261010-055800-d1-an-x4m,2026-10-10T05:58:08+00:00,3.69,nfs,doc,poisson,0.1,0.0625,-1.0,20.0,32,5,0,0,-0.017898884052682584,-0.03332385363802448,0.5065232584387719,1.0330072687487137,0.11440729749401239,0.5597946071301922,0.0,S4CT50,False,False,True,20261010-055231-d1-admitfirst;20261010-055506-d1-wm50;20261010-055721-d1-ct
20261010-055800-d1-an-x4m,2026-10-10T05:58:08+00:00,3.69,nfs,doc,poisson,0.1,0.125,-1.0,20.0,32,5,0,0,-0.001407156830484424,-0.0029377841510778158,0.5105141853774015,1.085004278920629,0.11531171418796105,0.46489504340879917,0.0,S4CT50,False,False,True,20261010-055231-d1-admitfirst;20261010-055506-d1-wm50;20261010-055721-d1-ct
20261010-055800-d1-an-x4m,2026-10-10T05:58:08+00:00,3.69,nfs,doc,poisson,0.1,0.25,-1.0,20.0,32,5,0,0,0.0,-0.004231680419437556,0.5165399430407922,1.1300683544029553,0.11667610637136454,0.40765844041580246,0.0,S4BD,False,False,True,20261010-055231-d1-admitfirst;20261010-055506-d1-wm50;20261010-055721-d1-ct
20261010-055800-d1-an-x4m,2026-10-10T05:58:08+00:00,3.69,nfs,doc,poisson,0.2,0.0625,-1.0,20.0,32,5,0,0,-0.00895744386330033,-0.01698974042343393,0.6375248773799883,1.383813764041901,0.14393887190555857,0.7977892276212307,0.0,S4CT50,False,False,True,20261010-055231-d1-admitfirst;20261010-055506-d1-wm50;20261010-055721-d1-ct
20261010-055800-d1-an-x4m,2026-10-10T05:58:08+00:00,3.69,nfs,doc,poisson,0.2,0.125,-1.0,20.0,32,5,0,0,-0.027764648559115535,-0.0803251909609316,0.6654815123044397,1.3872802313866954,0.15025099316995685,0.7645905221085008,0.0,S4CT,False,False,True,20261010-055231-d1-admitfirst;20261010-055506-d1-wm50;20261010-055721-d1-ct
20261010-055800-d1-an-x4m,2026-10-10T05:58:08+00:00,3.69,nfs,doc,poisson,0.2,0.25,-1.0,20.0,32,5,0,0,-0.0173235568151775,-0.03226838781295205,0.7426390075653725,1.5300986859922223,0.16770853955023957,0.6694419871814586,0.0,S4CT50,False,False,True,20261010-055231-d1-admitfirst;20261010-055506-d1-wm50;20261010-055721-d1-ct
20261010-055800-d1-an-x4m,2026-10-10T05:58:08+00:00,3.69,nfs,doc,poisson,0.4,0.0625,-1.0,20.0,32,5,0,0,-0.01012282467989678,-0.01141558030201062,0.6876241175218948,1.731847085459253,0.1552271344698239,0.8649640449610484,0.0,S4BD,False,False,True,20261010-055231-d1-admitfirst;20261010-055506-d1-wm50;20261010-055721-d1-ct
20261010-055800-d1-an-x4m,2026-10-10T05:58:08+00:00,3.69,nfs,doc,poisson,0.4,0.125,-1.0,20.0,32,5,0,0,-0.015543184437072033,-0.043246299752510375,0.7043107927835313,1.7325403789282117,0.15898482896329996,0.8412378171684438,0.0,S4BD,False,False,True,20261010-055231-d1-admitfirst;20261010-055506-d1-wm50;20261010-055721-d1-ct
20261010-055800-d1-an-x4m,2026-10-10T05:58:08+00:00,3.69,nfs,doc,poisson,0.4,0.25,-1.0,20.0,32,5,0,0,-0.043637175715733556,-0.05233333814409602,0.7432897053491083,1.7360068462730063,0.16781292468196038,0.7795163734244819,0.0,S2b,False,False,True,20261010-055231-d1-admitfirst;20261010-055506-d1-wm50;20261010-055721-d1-ct
20261010-055800-d1-an-x4m,2026-10-10T05:58:08+00:00,11.6,local,chat,bursty,0.05,0.0625,-1.0,20.0,32,5,0,0,-0.004994860759823583,-0.00894664233973197,0.0790282139224143,0.28960410799501835,0.07389173465049512,0.15323423659193972,0.0,S4CT,False,False,True,20261010-055231-d1-admitfirst;20261010-055506-d1-wm50;20261010-055721-d1-ct
20261010-055800-d1-an-x4m,2026-10-10T05:58:08+00:00,11.6,local,chat,bursty,0.05,0.125,-1.0,20.0,32,5,0,0,-0.0011870922994755562,-0.0035529000171268255,0.07909874382571568,0.28960410799501835,0.0739576045212017,0.14898469957553107,0.0,S4CT,False,False,True,20261010-055231-d1-admitfirst;20261010-055506-d1-wm50;20261010-055721-d1-ct
20261010-055800-d1-an-x4m,2026-10-10T05:58:08+00:00,11.6,local,chat,bursty,0.05,0.25,-1.0,20.0,32,5,0,0,0.0,0.0,0.07917463644674654,0.28960410799501835,0.07402864136995553,0.14565844404711095,0.0,S1,False,False,True,20261010-055231-d1-admitfirst;20261010-055506-d1-wm50;20261010-055721-d1-ct
20261010-055800-d1-an-x4m,2026-10-10T05:58:08+00:00,11.6,local,chat,bursty,0.1,0.0625,-1.0,20.0,32,5,0,0,-0.014330141579967592,-0.0314937313445075,0.13325747731211707,0.3349637875605031,0.12458707613535558,0.26219444817488674,0.0,S4CT,False,False,True,20261010-055231-d1-admitfirst;20261010-055506-d1-wm50;20261010-055721-d1-ct
20261010-055800-d1-an-x4m,2026-10-10T05:58:08+00:00,11.6,local,chat,bursty,0.1,0.125,-1.0,20.0,32,5,0,0,-0.002554531592512177,-0.029172860487002295,0.13339473812073194,0.338452993680925,0.12471522458014868,0.25394033497455837,0.0,S4CT50,False,False,True,20261010-055231-d1-admitfirst;20261010-055506-d1-wm50;20261010-055721-d1-ct
20261010-055800-d1-an-x4m,2026-10-10T05:58:08+00:00,11.6,local,chat,bursty,0.1,0.25,-1.0,20.0,32,5,0,0,0.0,-0.0035560855802050373,0.13362613994333142,0.3454314059217688,0.12493189591336704,0.24730445437230367,0.0,S1,False,False,True,20261010-055231-d1-admitfirst;20261010-055506-d1-wm50;20261010-055721-d1-ct
20261010-055800-d1-an-x4m,2026-10-10T05:58:08+00:00,11.6,local,chat,bursty,0.2,0.0625,-1.0,20.0,32,5,0,0,-0.00971570559064372,-0.03131863437928584,0.2053260456108867,0.41521552833020703,0.1919385558465671,0.4133143818598666,0.0,S4CT,False,False,True,20261010-055231-d1-admitfirst;20261010-055506-d1-wm50;20261010-055721-d1-ct
20261010-055800-d1-an-x4m,2026-10-10T05:58:08+00:00,11.6,local,chat,bursty,0.2,0.125,-1.0,20.0,32,5,0,0,-0.0038380118427967513,-0.04513188174111349,0.20630073673162436,0.41521552833020703,0.19284951457592145,0.4030709671432791,0.0,S4CT50,False,False,True,20261010-055231-d1-admitfirst;20261010-055506-d1-wm50;20261010-055721-d1-ct
20261010-055800-d1-an-x4m,2026-10-10T05:58:08+00:00,11.6,local,chat,bursty,0.2,0.25,-1.0,20.0,32,5,0,0,0.0,-0.033264695205395656,0.2068512152889354,0.4256831466914727,0.19336317532306688,0.38732649623072235,0.0,S4CT,False,False,True,20261010-055231-d1-admitfirst;20261010-055506-d1-wm50;20261010-055721-d1-ct
20261010-055800-d1-an-x4m,2026-10-10T05:58:08+00:00,11.6,local,chat,bursty,0.4,0.0625,-1.0,20.0,32,5,0,0,-0.013702507837560884,-0.04628191568204121,0.2690314997256683,0.4849996507386451,0.2513630379482513,0.5582681071359995,0.0,S4CT50,False,False,True,20261010-055231-d1-admitfirst;20261010-055506-d1-wm50;20261010-055721-d1-ct
20261010-055800-d1-an-x4m,2026-10-10T05:58:08+00:00,11.6,local,chat,bursty,0.4,0.125,-1.0,20.0,32,5,0,0,-0.023784473218163682,-0.052323789094483986,0.2724762835075198,0.49197806297948893,0.25458924769592856,0.549196357702211,0.0,S4CT50,False,False,True,20261010-055231-d1-admitfirst;20261010-055506-d1-wm50;20261010-055721-d1-ct
20261010-055800-d1-an-x4m,2026-10-10T05:58:08+00:00,11.6,local,chat,bursty,0.4,0.25,-1.0,20.0,32,5,0,0,-0.018837664251512676,-0.038555437600116815,0.2749430368381338,0.5059348874611767,0.25689899496253316,0.5262735597774467,0.0,S4CT,False,False,True,20261010-055231-d1-admitfirst;20261010-055506-d1-wm50;20261010-055721-d1-ct
20261010-055800-d1-an-x4m,2026-10-10T05:58:08+00:00,11.6,local,chat,poisson,0.05,0.0625,-1.0,20.0,32,5,0,0,0.00031469396831096397,-0.0017213378596019346,0.06674192757301742,0.1570142754189858,0.06239347909495422,0.12343425719122954,0.0,S4CT50,False,False,True,20261010-055231-d1-admitfirst;20261010-055506-d1-wm50;20261010-055721-d1-ct
20261010-055800-d1-an-x4m,2026-10-10T05:58:08+00:00,11.6,local,chat,poisson,0.05,0.125,-1.0,20.0,32,5,0,0,0.0,0.0,0.06674666820783592,0.1570142754189858,0.062397908914283665,0.12247210817383672,0.0,S1,False,False,True,20261010-055231-d1-admitfirst;20261010-055506-d1-wm50;20261010-055721-d1-ct
20261010-055800-d1-an-x4m,2026-10-10T05:58:08+00:00,11.6,local,chat,poisson,0.05,0.25,-1.0,20.0,32,5,0,0,0.0,0.0,0.06674666820783592,0.1570142754189858,0.062397908914283665,0.12240444507435193,0.0,S1,False,False,True,20261010-055231-d1-admitfirst;20261010-055506-d1-wm50;20261010-055721-d1-ct
20261010-055800-d1-an-x4m,2026-10-10T05:58:08+00:00,11.6,local,chat,poisson,0.1,0.0625,-1.0,20.0,32,5,0,0,-0.005945322853117774,-0.01885338013923976,0.11478618216270027,0.22679839782742395,0.10731895452770772,0.218594686940758,0.0,S4CT50,False,False,True,20261010-055231-d1-admitfirst;20261010-055506-d1-wm50;20261010-055721-d1-ct
20261010-055800-d1-an-x4m,2026-10-10T05:58:08+00:00,11.6,local,chat,poisson,0.1,0.125,-1.0,20.0,32,5,0,0,0.0,-0.003934588841454256,0.11481703280330413,0.23028760394784586,0.10734778272125305,0.2123464110362557,0.0,S4CT,False,False,True,20261010-055231-d1-admitfirst;20261010-055506-d1-wm50;20261010-055721-d1-ct
20261010-055800-d1-an-x4m,2026-10-10T05:58:08+00:00,11.6,local,chat,poisson,0.1,0.25,-1.0,20.0,32,5,0,0,0.0,0.0,0.11482102302108985,0.23028760394784586,0.10735148792348263,0.21095206287727936,0.0,S1,False,False,True,20261010-055231-d1-admitfirst;20261010-055506-d1-wm50;20261010-055721-d1-ct
20261010-055800-d1-an-x4m,2026-10-10T05:58:08+00:00,11.6,local,chat,poisson,0.2,0.0625,-1.0,20.0,32,5,0,0,-0.01579912175274778,-0.02949067424591212,0.18024768291502044,0.3489206120421907,0.16853766711417031,0.3592218871018776,0.0,S4CT50,False,False,True,20261010-055231-d1-admitfirst;20261010-055506-d1-wm50;20261010-055721-d1-ct
20261010-055800-d1-an-x4m,2026-10-10T05:58:08+00:00,11.6,local,chat,poisson,0.2,0.125,-1.0,20.0,32,5,0,0,-0.0024627920050879215,-0.03014248355067506,0.1806321460751035,0.3489206120421907,0.16889863143262815,0.3468584701570772,0.0,S4CT50,False,False,True,20261010-055231-d1-admitfirst;20261010-055506-d1-wm50;20261010-055721-d1-ct
20261010-055800-d1-an-x4m,2026-10-10T05:58:08+00:00,11.6,local,chat,poisson,0.2,0.25,-1.0,20.0,32,5,0,0,-0.0011023200545852152,-0.006206209656541395,0.18056135233568188,0.35240981816261263,0.16883208531757182,0.3347548405964015,0.0,S4CT,False,False,True,20261010-055231-d1-admitfirst;20261010-055506-d1-wm50;20261010-055721-d1-ct
20261010-055800-d1-an-x4m,2026-10-10T05:58:08+00:00,11.6,local,chat,poisson,0.4,0.0625,-1.0,20.0,32,5,0,0,-0.010254883257769687,-0.02511512564766394,0.23617423377819174,0.4326615589323165,0.22082608504666856,0.49134803647103914,0.0,S4CT50,False,False,True,20261010-055231-d1-admitfirst;20261010-055506-d1-wm50;20261010-055721-d1-ct
20261010-055800-d1-an-x4m,2026-10-10T05:58:08+00:00,11.6,local,chat,poisson,0.4,0.125,-1.0,20.0,32,5,0,0,-0.03720142433122808,-0.05302134572980188,0.23848847788856736,0.45010758953442603,0.223006373334295,0.48084480380879047,0.0,S4CT50,False,False,True,20261010-055231-d1-admitfirst;20261010-055506-d1-wm50;20261010-055721-d1-ct
20261010-055800-d1-an-x4m,2026-10-10T05:58:08+00:00,11.6,local,chat,poisson,0.4,0.25,-1.0,20.0,32,5,0,0,-0.016587118429306824,-0.04103554266531939,0.24126823416436913,0.4745320323773794,0.22561136399009576,0.4621406098521693,0.0,S4CT,False,False,True,20261010-055231-d1-admitfirst;20261010-055506-d1-wm50;20261010-055721-d1-ct
20261010-055800-d1-an-x4m,2026-10-10T05:58:08+00:00,11.6,local,doc,bursty,0.05,0.0625,-1.0,20.0,32,5,0,0,0.0016527100492527147,-0.0016003600010472407,0.1081307093516523,0.5589272054150843,0.08679497043358274,0.2429060418880001,0.0,S4WT50,False,False,True,20261010-055231-d1-admitfirst;20261010-055506-d1-wm50;20261010-055721-d1-ct
20261010-055800-d1-an-x4m,2026-10-10T05:58:08+00:00,11.6,local,doc,bursty,0.05,0.125,-1.0,20.0,32,5,0,0,-0.0012041979998909103,-0.0038760028588604722,0.10816342091768305,0.5589272054150843,0.08682120385215164,0.23945652918278243,0.0,S4CT,False,False,True,20261010-055231-d1-admitfirst;20261010-055506-d1-wm50;20261010-055721-d1-ct
20261010-055800-d1-an-x4m,2026-10-10T05:58:08+00:00,11.6,local,doc,bursty,0.05,0.25,-1.0,20.0,32,5,0,0,0.0,-0.003858618499957389,0.10828023521345169,0.5589272054150843,0.08691500529066212,0.22982942967473638,0.0,S4CT,False,False,True,20261010-055231-d1-admitfirst;20261010-055506-d1-wm50;20261010-055721-d1-ct
20261010-055800-d1-an-x4m,2026-10-10T05:58:08+00:00,11.6,local,doc,bursty,0.1,0.0625,-1.0,20.0,32,5,0,0,0.0027207803842106415,-0.00015645904817573886,0.1764399291891202,0.5591452807976107,0.14162404562808537,0.3964818672141638,0.0,S4WT50,False,False,True,20261010-055231-d1-admitfirst;20261010-055506-d1-wm50;20261010-055721-d1-ct
20261010-055800-d1-an-x4m,2026-10-10T05:58:08+00:00,11.6,local,doc,bursty,0.1,0.125,-1.0,20.0,32,5,0,0,0.0015998265122971755,-0.009744792117367895,0.17653842411783388,0.5591452807976107,0.14170303375514248,0.3914835851610384,0.0,S4C,False,False,True,20261010-055231-d1-admitfirst;20261010-055506-d1-wm50;20261010-055721-d1-ct
20261010-055800-d1-an-x4m,2026-10-10T05:58:08+00:00,11.6,local,doc,bursty,0.1,0.25,-1.0,20.0,32,5,0,0,0.0068664485744514,-0.001666124456281004,0.17687475690948312,0.5591452807976107,0.14197306157293654,0.3780704981090339,0.0,S1,False,False,True,20261010-055231-d1-admitfirst;20261010-055506-d1-wm50;20261010-055721-d1-ct
20261010-055800-d1-an-x4m,2026-10-10T05:58:08+00:00,11.6,local,doc,bursty,0.2,0.0625,-1.0,20.0,32,5,0,0,0.0004701792923134107,-0.002010535773598998,0.2552065155703073,0.558709130032558,0.20483844340166427,0.5749116582338696,0.0,S4WT50,False,False,True,20261010-055231-d1-admitfirst;20261010-055506-d1-wm50;20261010-055721-d1-ct
20261010-055800-d1-an-x4m,2026-10-10T05:58:08+00:00,11.6,local,doc,bursty,0.2,0.125,-1.0,20.0,32,5,0,0,-0.006678086964034047,-0.012846789980580642,0.2555942605851852,0.558709130032558,0.20514966555301037,0.5711987692667874,0.0,S4C,False,False,True,20261010-055231-d1-admitfirst;20261010-055506-d1-wm50;20261010-055721-d1-ct
20261010-055800-d1-an-x4m,2026-10-10T05:58:08+00:00,11.6,local,doc,bursty,0.2,0.25,-1.0,20.0,32,5,0,0,-0.0057801086722628625,-0.010569967799143543,0.2562963111438356,0.5591452807976107,0.20571330058086143,0.5581340780246138,0.0,S4C,False,False,True,20261010-055231-d1-admitfirst;20261010-055506-d1-wm50;20261010-055721-d1-ct
20261010-055800-d1-an-x4m,2026-10-10T05:58:08+00:00,11.6,local,doc,bursty,0.4,0.0625,-1.0,20.0,32,5,0,0,-0.0025154223759114025,-0.004140047978168804,0.2988156827362295,0.558709130032558,0.2398378850611778,0.6759810416633644,0.0,S4WT50,False,False,True,20261010-055231-d1-admitfirst;20261010-055506-d1-wm50;20261010-055721-d1-ct
20261010-055800-d1-an-x4m,2026-10-10T05:58:08+00:00,11.6,local,doc,bursty,0.4,0.125,-1.0,20.0,32,5,0,0,-0.011666953765033017,-0.054451315828623836,0.29917356120425226,0.558709130032558,0.2401251225772631,0.6734220916681084,0.0,S4C,False,False,True,20261010-055231-d1-admitfirst;20261010-055506-d1-wm50;20261010-055721-d1-ct
20261010-055800-d1-an-x4m,2026-10-10T05:58:08+00:00,11.6,local,doc,bursty,0.4,0.25,-1.0,20.0,32,5,0,0,-0.015879571654105806,-0.020367786604974514,0.3009743281307146,0.5589272054150843,0.24157104842570373,0.6661580142074291,0.0,S4C,False,False,True,20261010-055231-d1-admitfirst;20261010-055506-d1-wm50;20261010-055721-d1-ct
20261010-055800-d1-an-x4m,2026-10-10T05:58:08+00:00,11.6,local,doc,poisson,0.05,0.0625,-1.0,20.0,32,5,0,0,-0.008154385677546783,-0.021829304334461952,0.09527445201639409,0.28349799728428,0.07647346159510401,0.2094703702565861,0.0,S4CT50,False,False,True,20261010-055231-d1-admitfirst;20261010-055506-d1-wm50;20261010-055721-d1-ct
20261010-055800-d1-an-x4m,2026-10-10T05:58:08+00:00,11.6,local,doc,poisson,0.05,0.125,-1.0,20.0,32,5,0,0,0.0,-0.01105503781059547,0.09531592163264388,0.2837160726668063,0.07650673353947664,0.20167014442492448,0.0,S4CT50,False,False,True,20261010-055231-d1-admitfirst;20261010-055506-d1-wm50;20261010-055721-d1-ct
20261010-055800-d1-an-x4m,2026-10-10T05:58:08+00:00,11.6,local,doc,poisson,0.05,0.25,-1.0,20.0,32,5,0,0,0.0,0.0,0.09531592163264388,0.2837160726668063,0.07650673353947664,0.19913001111422923,0.0,S4CT,False,False,True,20261010-055231-d1-admitfirst;20261010-055506-d1-wm50;20261010-055721-d1-ct
20261010-055800-d1-an-x4m,2026-10-10T05:58:08+00:00,11.6,local,doc,poisson,0.1,0.0625,-1.0,20.0,32,5,0,1,0.0019486465683711263,-0.02798032291345376,0.16291380951641588,0.35524479813545545,0.13076687319015845,0.376068437987763,0.0,S4CT50,False,False,True,20261010-055231-d1-admitfirst;20261010-055506-d1-wm50;20261010-055721-d1-ct
20261010-055800-d1-an-x4m,2026-10-10T05:58:08+00:00,11.6,local,doc,poisson,0.1,0.125,-1.0,20.0,32,5,0,0,-0.010244395500511372,-0.03410046856065696,0.16299841070557453,0.3554628735179818,0.13083480678374387,0.3608635706319269,0.0,S4CT,False,False,True,20261010-055231-d1-admitfirst;20261010-055506-d1-wm50;20261010-055721-d1-ct
20261010-055800-d1-an-x4m,2026-10-10T05:58:08+00:00,11.6,local,doc,poisson,0.1,0.25,-1.0,20.0,32,5,0,0,-0.009392319786696746,-0.046458777831748566,0.16315105112058684,0.3554628735179818,0.13095731510422812,0.3440496163651793,0.0,S4CT,False,False,True,20261010-055231-d1-admitfirst;20261010-055506-d1-wm50;20261010-055721-d1-ct
20261010-055800-d1-an-x4m,2026-10-10T05:58:08+00:00,11.6,local,doc,poisson,0.2,0.0625,-1.0,20.0,32,5,1,1,0.0031367338711807413,-0.00970481114583266,0.24718480081642769,0.48194659538327594,0.19840958099593484,0.5912442608993878,0.0,S4CT50,False,False,True,20261010-055231-d1-admitfirst;20261010-055506-d1-wm50;20261010-055721-d1-ct
20261010-055800-d1-an-x4m,2026-10-10T05:58:08+00:00,11.6,local,doc,poisson,0.2,0.125,-1.0,20.0,32,5,0,0,-0.02921572638210934,-0.10050076842894284,0.24794472285956043,0.48216467076580233,0.19901977398189596,0.5799395319659157,0.0,S4CT50,False,False,True,20261010-055231-d1-admitfirst;20261010-055506-d1-wm50;20261010-055721-d1-ct
20261010-055800-d1-an-x4m,2026-10-10T05:58:08+00:00,11.6,local,doc,poisson,0.2,0.25,-1.0,20.0,32,5,0,0,-0.044702613702402805,-0.08814755940359409,0.2493769252088657,0.5107325458767568,0.20016940382767504,0.5542073896210096,0.0,S4CT50,False,False,True,20261010-055231-d1-admitfirst;20261010-055506-d1-wm50;20261010-055721-d1-ct
20261010-055800-d1-an-x4m,2026-10-10T05:58:08+00:00,11.6,local,doc,poisson,0.4,0.0625,-1.0,20.0,32,5,0,0,-0.0015840751987494794,-0.035808750523149246,0.2695860325829834,0.546933059376134,0.2163892208028156,0.6263297561253901,0.0,S4WT50,False,False,True,20261010-055231-d1-admitfirst;20261010-055506-d1-wm50;20261010-055721-d1-ct
20261010-055800-d1-an-x4m,2026-10-10T05:58:08+00:00,11.6,local,doc,poisson,0.4,0.125,-1.0,20.0,32,5,0,0,-0.015194464394641893,-0.029301195227858012,0.26995603477314606,0.5608898838578217,0.21668652539961003,0.6231174974400624,0.0,S4C,False,False,True,20261010-055231-d1-admitfirst;20261010-055506-d1-wm50;20261010-055721-d1-ct
20261010-055800-d1-an-x4m,2026-10-10T05:58:08+00:00,11.6,local,doc,poisson,0.4,0.25,-1.0,20.0,32,5,0,0,-0.024564482691805112,-0.04324437941946846,0.27187949819990626,0.5606718084752953,0.21823124448251044,0.6153730340886924,0.0,S4C,False,False,True,20261010-055231-d1-admitfirst;20261010-055506-d1-wm50;20261010-055721-d1-ct
20261010-055800-d1-an-x4m,2026-10-10T05:58:08+00:00,11.6,nfs,chat,bursty,0.05,0.0625,-1.0,20.0,32,5,0,0,-0.0055783214968881945,-0.00910225570037404,0.24910272130230715,0.8763229447640095,0.09676360448687502,0.18905156272681226,0.0,S4CT50,False,False,True,20261010-055231-d1-admitfirst;20261010-055506-d1-wm50;20261010-055721-d1-ct
20261010-055800-d1-an-x4m,2026-10-10T05:58:08+00:00,11.6,nfs,chat,bursty,0.05,0.125,-1.0,20.0,32,5,0,0,-0.00419654580701001,-0.08548558505869086,0.24938054963914386,0.8874156402673513,0.09687486646499556,0.16206573564691945,0.0,S4CT50,False,False,True,20261010-055231-d1-admitfirst;20261010-055506-d1-wm50;20261010-055721-d1-ct
20261010-055800-d1-an-x4m,2026-10-10T05:58:08+00:00,11.6,nfs,chat,bursty,0.05,0.25,-1.0,20.0,32,5,0,0,0.0,-0.0048655226730619505,0.251496819043478,0.9206937267773772,0.09769833212948727,0.1474491088846845,0.0,S1,False,False,True,20261010-055231-d1-admitfirst;20261010-055506-d1-wm50;20261010-055721-d1-ct
20261010-055800-d1-an-x4m,2026-10-10T05:58:08+00:00,11.6,nfs,chat,bursty,0.1,0.0625,-1.0,20.0,32,5,0,0,-0.00496807349986117,-0.08646553597103235,0.41367556495940994,0.9983425953007703,0.1606349524912905,0.32749926474481816,0.0,S4CT50,False,False,True,20261010-055231-d1-admitfirst;20261010-055506-d1-wm50;20261010-055721-d1-ct
20261010-055800-d1-an-x4m,2026-10-10T05:58:08+00:00,11.6,nfs,chat,bursty,0.1,0.125,-1.0,20.0,32,5,0,0,-0.0031604714553796764,-0.07456752427725599,0.4201247841072614,1.031620681810796,0.16314411977224658,0.2842019880421779,0.0,S4BD,False,False,True,20261010-055231-d1-admitfirst;20261010-055506-d1-wm50;20261010-055721-d1-ct
20261010-055800-d1-an-x4m,2026-10-10T05:58:08+00:00,11.6,nfs,chat,bursty,0.1,0.25,-1.0,20.0,32,5,0,0,0.0,-0.02526149429800184,0.4232496152131988,1.0981768548308473,0.16438430788529934,0.2530857797599079,0.0,S1,False,False,True,20261010-055231-d1-admitfirst;20261010-055506-d1-wm50;20261010-055721-d1-ct
20261010-055800-d1-an-x4m,2026-10-10T05:58:08+00:00,11.6,nfs,chat,bursty,0.2,0.0625,-1.0,20.0,32,5,0,0,-0.022303177489850556,-0.05455827965224025,0.619899116539922,1.2201965053676083,0.24045128471020302,0.5145996598925837,0.0,S4CT50,False,False,True,20261010-055231-d1-admitfirst;20261010-055506-d1-wm50;20261010-055721-d1-ct
20261010-055800-d1-an-x4m,2026-10-10T05:58:08+00:00,11.6,nfs,chat,bursty,0.2,0.125,-1.0,20.0,32,5,0,0,-0.04721596000523598,-0.10662238998216966,0.6305326909686559,1.2756599828843176,0.24463471455991836,0.4612100772558211,0.0,S4CT,False,False,True,20261010-055231-d1-admitfirst;20261010-055506-d1-wm50;20261010-055721-d1-ct
20261010-055800-d1-an-x4m,2026-10-10T05:58:08+00:00,11.6,nfs,chat,bursty,0.2,0.25,-1.0,20.0,32,5,0,0,-0.0014122478684895912,-0.042383806832651305,0.6484490857158401,1.3533088514077107,0.2516082612763688,0.40110198633588656,0.0,S4BD,False,False,True,20261010-055231-d1-admitfirst;20261010-055506-d1-wm50;20261010-055721-d1-ct
20261010-055800-d1-an-x4m,2026-10-10T05:58:08+00:00,11.6,nfs,chat,bursty,0.4,0.0625,-1.0,20.0,32,5,0,0,-0.046370775251690755,-0.06952160680659936,0.7937941640133548,1.4309577199311039,0.30654736946716554,0.6940526263942264,0.0,S4CT,False,False,True,20261010-055231-d1-admitfirst;20261010-055506-d1-wm50;20261010-055721-d1-ct
20261010-055800-d1-an-x4m,2026-10-10T05:58:08+00:00,11.6,nfs,chat,bursty,0.4,0.125,-1.0,20.0,32,5,0,0,-0.060447443721293403,-0.14301145743106547,0.8135256983451861,1.4753285019444715,0.31431460644191983,0.6446452601609325,0.0,S4BD,False,False,True,20261010-055231-d1-admitfirst;20261010-055506-d1-wm50;20261010-055721-d1-ct
20261010-055800-d1-an-x4m,2026-10-10T05:58:08+00:00,11.6,nfs,chat,bursty,0.4,0.25,-1.0,20.0,32,5,0,0,-0.014145735094262646,-0.05527215510863792,0.8455429565009795,1.5640700659712068,0.3267805836564438,0.5672916711588329,0.0,S4BD,False,False,True,20261010-055231-d1-admitfirst;20261010-055506-d1-wm50;20261010-055721-d1-ct
20261010-055800-d1-an-x4m,2026-10-10T05:58:08+00:00,11.6,nfs,chat,poisson,0.05,0.0625,-1.0,20.0,32,5,0,0,0.0011565203091288279,-0.0009185927382128201,0.21206555231261914,0.48807860214704324,0.08234251363741564,0.13135004789139443,0.0,S4CT50,False,False,True,20261010-055231-d1-admitfirst;20261010-055506-d1-wm50;20261010-055721-d1-ct
20261010-055800-d1-an-x4m,2026-10-10T05:58:08+00:00,11.6,nfs,chat,poisson,0.05,0.125,-1.0,20.0,32,5,0,0,0.0,0.0,0.21219739984939254,0.4991712976503851,0.08239404229325928,0.12313759396842414,0.0,S4BD,False,False,True,20261010-055231-d1-admitfirst;20261010-055506-d1-wm50;20261010-055721-d1-ct
20261010-055800-d1-an-x4m,2026-10-10T05:58:08+00:00,11.6,nfs,chat,poisson,0.05,0.25,-1.0,20.0,32,5,0,0,0.0,0.0,0.21219739984939254,0.4991712976503851,0.08239404229325928,0.12240444507435193,0.0,S1,False,False,True,20261010-055231-d1-admitfirst;20261010-055506-d1-wm50;20261010-055721-d1-ct
20261010-055800-d1-an-x4m,2026-10-10T05:58:08+00:00,11.6,nfs,chat,poisson,0.1,0.0625,-1.0,20.0,32,5,0,0,-0.006485288344745599,-0.009805436767847953,0.36419190864927903,0.6988398167105393,0.14151700675053272,0.2613161122436539,0.0,S4BD,False,False,True,20261010-055231-d1-admitfirst;20261010-055506-d1-wm50;20261010-055721-d1-ct
20261010-055800-d1-an-x4m,2026-10-10T05:58:08+00:00,11.6,nfs,chat,poisson,0.1,0.125,-1.0,20.0,32,5,0,0,-0.0004218380081002504,-0.15010669933913234,0.36520716163797223,0.721025207717223,0.1419110913806994,0.2226995645812689,0.0,S4CT,False,False,True,20261010-055231-d1-admitfirst;20261010-055506-d1-wm50;20261010-055721-d1-ct
20261010-055800-d1-an-x4m,2026-10-10T05:58:08+00:00,11.6,nfs,chat,poisson,0.1,0.25,-1.0,20.0,32,5,0,0,0.0,-0.0011295751023376877,0.36503279020992585,0.7321179032205649,0.1418478212581134,0.21169197403029916,0.0,S1,False,False,True,20261010-055231-d1-admitfirst;20261010-055506-d1-wm50;20261010-055721-d1-ct
20261010-055800-d1-an-x4m,2026-10-10T05:58:08+00:00,11.6,nfs,chat,poisson,0.2,0.0625,-1.0,20.0,32,5,0,0,-0.073259824604607,-0.16641319889628547,0.5613395493152258,1.0094352908041122,0.21813204015096915,0.4575185917415047,0.0,S4B,False,False,True,20261010-055231-d1-admitfirst;20261010-055506-d1-wm50;20261010-055721-d1-ct
20261010-055800-d1-an-x4m,2026-10-10T05:58:08+00:00,11.6,nfs,chat,poisson,0.2,0.125,-1.0,20.0,32,5,0,0,-0.008855631854890467,-0.03847802404194889,0.5661720625019294,1.0870841593275054,0.2200194335359357,0.39251928913488776,0.0,S4CT,False,False,True,20261010-055231-d1-admitfirst;20261010-055506-d1-wm50;20261010-055721-d1-ct
20261010-055800-d1-an-x4m,2026-10-10T05:58:08+00:00,11.6,nfs,chat,poisson,0.2,0.25,-1.0,20.0,32,5,0,0,-0.0004305915571888308,-0.0027690514562479507,0.5740066329912188,1.0981768548308473,0.22319569790623534,0.34380693359669784,0.0,S4CT,False,False,True,20261010-055231-d1-admitfirst;20261010-055506-d1-wm50;20261010-055721-d1-ct
20261010-055800-d1-an-x4m,2026-10-10T05:58:08+00:00,11.6,nfs,chat,poisson,0.4,0.0625,-1.0,20.0,32,5,0,0,-0.024698331871940704,-0.05854468974775329,0.7050169817106858,1.23128920087095,0.2736822285393611,0.6201722777537773,0.0,S4BD,False,False,True,20261010-055231-d1-admitfirst;20261010-055506-d1-wm50;20261010-055721-d1-ct
20261010-055800-d1-an-x4m,2026-10-10T05:58:08+00:00,11.6,nfs,chat,poisson,0.4,0.125,-1.0,20.0,32,5,0,0,-0.04885405044997704,-0.10710724702282359,0.7232203446994585,1.2756599828843176,0.28092639997181823,0.576414038360193,0.0,S4CT50,False,False,True,20261010-055231-d1-admitfirst;20261010-055506-d1-wm50;20261010-055721-d1-ct
20261010-055800-d1-an-x4m,2026-10-10T05:58:08+00:00,11.6,nfs,chat,poisson,0.4,0.25,-1.0,20.0,32,5,0,0,-0.025983520206193322,-0.03667544480819396,0.7491170635155959,1.4198650244277622,0.29122063218839467,0.5028820341645862,0.0,S4BD,False,False,True,20261010-055231-d1-admitfirst;20261010-055506-d1-wm50;20261010-055721-d1-ct
20261010-055800-d1-an-x4m,2026-10-10T05:58:08+00:00,11.6,nfs,doc,bursty,0.05,0.0625,-1.0,20.0,32,5,0,0,-0.009232921197678712,-0.04880882692051203,0.32864251903286534,1.7755245740036614,0.07424274515068444,0.3785860566105611,0.0,S1,False,False,True,20261010-055231-d1-admitfirst;20261010-055506-d1-wm50;20261010-055721-d1-ct
20261010-055800-d1-an-x4m,2026-10-10T05:58:08+00:00,11.6,nfs,doc,bursty,0.05,0.125,-1.0,20.0,32,5,0,0,-0.003667819882865464,-0.008119579280275402,0.3317987828880464,1.7748312805347026,0.07495325816418277,0.3274086494099822,0.0,S4CT,False,False,True,20261010-055231-d1-admitfirst;20261010-055506-d1-wm50;20261010-055721-d1-ct
20261010-055800-d1-an-x4m,2026-10-10T05:58:08+00:00,11.6,nfs,doc,bursty,0.05,0.25,-1.0,20.0,32,5,0,0,0.0,-0.003325146761692821,0.3388943268746253,1.7748312805347026,0.07656204555055565,0.2559587757375753,0.0,S4BD,False,False,True,20261010-055231-d1-admitfirst;20261010-055506-d1-wm50;20261010-055721-d1-ct
20261010-055800-d1-an-x4m,2026-10-10T05:58:08+00:00,11.6,nfs,doc,bursty,0.1,0.0625,-1.0,20.0,32,5,0,0,-0.007644071110161299,-0.011091863132677848,0.5209006748516627,1.7755245740036614,0.11763462133195957,0.607373727760924,0.0,S4CT,False,False,True,20261010-055231-d1-admitfirst;20261010-055506-d1-wm50;20261010-055721-d1-ct
20261010-055800-d1-an-x4m,2026-10-10T05:58:08+00:00,11.6,nfs,doc,bursty,0.1,0.125,-1.0,20.0,32,5,0,0,-0.0066024535590069044,-0.014175397818288693,0.5287311179601386,1.7755245740036614,0.11939933064496393,0.5335584449157277,0.0,S4CT,False,False,True,20261010-055231-d1-admitfirst;20261010-055506-d1-wm50;20261010-055721-d1-ct
20261010-055800-d1-an-x4m,2026-10-10T05:58:08+00:00,11.6,nfs,doc,bursty,0.1,0.25,-1.0,20.0,32,5,0,0,-0.0020137982611903027,-0.01112326307461664,0.5421670782178362,1.7755245740036614,0.12244993586414024,0.42816179760559947,0.0,S4BD,False,False,True,20261010-055231-d1-admitfirst;20261010-055506-d1-wm50;20261010-055721-d1-ct
20261010-055800-d1-an-x4m,2026-10-10T05:58:08+00:00,11.6,nfs,doc,bursty,0.2,0.0625,-1.0,20.0,32,5,0,0,-0.010752639091204053,-0.020717553524483123,0.6951239996982783,1.7755245740036614,0.1568380559555424,0.8449485189211299,0.0,S4CT,False,False,True,20261010-055231-d1-admitfirst;20261010-055506-d1-wm50;20261010-055721-d1-ct
20261010-055800-d1-an-x4m,2026-10-10T05:58:08+00:00,11.6,nfs,doc,bursty,0.2,0.125,-1.0,20.0,32,5,0,0,-0.018069910057177396,-0.0515613616024897,0.7194022546737189,1.7755245740036614,0.16229400651935966,0.7955863533312417,0.0,S4BD,False,False,True,20261010-055231-d1-admitfirst;20261010-055506-d1-wm50;20261010-055721-d1-ct
20261010-055800-d1-an-x4m,2026-10-10T05:58:08+00:00,11.6,nfs,doc,bursty,0.2,0.25,-1.0,20.0,32,5,0,0,-0.005805528906352997,-0.025495873557111803,0.7569778091748904,1.7762178674726203,0.17080003569059035,0.6947877454828612,0.0,S2b,False,False,True,20261010-055231-d1-admitfirst;20261010-055506-d1-wm50;20261010-055721-d1-ct
20261010-055800-d1-an-x4m,2026-10-10T05:58:08+00:00,11.6,nfs,doc,bursty,0.4,0.0625,-1.0,20.0,32,5,0,0,-0.01000951585852805,-0.016247097035955615,0.7390965420821883,1.7748312805347026,0.16672382309785042,0.9270019560171437,0.0,S4CT,False,False,True,20261010-055231-d1-admitfirst;20261010-055506-d1-wm50;20261010-055721-d1-ct
20261010-055800-d1-an-x4m,2026-10-10T05:58:08+00:00,11.6,nfs,doc,bursty,0.4,0.125,-1.0,20.0,32,5,0,0,-0.011042247690920104,-0.026125214584701406,0.7544455431396436,1.7755245740036614,0.1701928169129961,0.8973227598477465,0.0,S4BD,False,False,True,20261010-055231-d1-admitfirst;20261010-055506-d1-wm50;20261010-055721-d1-ct
20261010-055800-d1-an-x4m,2026-10-10T05:58:08+00:00,11.6,nfs,doc,bursty,0.4,0.25,-1.0,20.0,32,5,0,0,-0.03834645289403349,-0.10459552689841511,0.7995456679469155,1.7755245740036614,0.18042180299225857,0.8503531790276837,0.0,S2b,False,False,True,20261010-055231-d1-admitfirst;20261010-055506-d1-wm50;20261010-055721-d1-ct
20261010-055800-d1-an-x4m,2026-10-10T05:58:08+00:00,11.6,nfs,doc,poisson,0.05,0.0625,-1.0,20.0,32,5,0,0,-0.002791794984515761,-0.0033236144439032778,0.30137172050892463,0.8998949227086109,0.0680631611005352,0.2816226153782828,0.0,S4CT50,False,False,True,20261010-055231-d1-admitfirst;20261010-055506-d1-wm50;20261010-055721-d1-ct
20261010-055800-d1-an-x4m,2026-10-10T05:58:08+00:00,11.6,nfs,doc,poisson,0.05,0.125,-1.0,20.0,32,5,0,0,-0.0019572183660055975,-0.006810404373797763,0.30302322614390864,0.9019748031154876,0.0684343907014093,0.21611295998356717,0.0,S4CT50,False,False,True,20261010-055231-d1-admitfirst;20261010-055506-d1-wm50;20261010-055721-d1-ct
20261010-055800-d1-an-x4m,2026-10-10T05:58:08+00:00,11.6,nfs,doc,poisson,0.05,0.25,-1.0,20.0,32,5,0,0,0.0,0.0,0.30302322614390864,0.9019748031154876,0.0684343907014093,0.19913001111422923,0.0,S4BD,False,False,True,20261010-055231-d1-admitfirst;20261010-055506-d1-wm50;20261010-055721-d1-ct
20261010-055800-d1-an-x4m,2026-10-10T05:58:08+00:00,11.6,nfs,doc,poisson,0.1,0.0625,-1.0,20.0,32,5,0,0,-0.006931250516136189,-0.04649775378987353,0.5027682552329245,1.0323139752797548,0.11354905348098517,0.569119559108951,0.0,S4CT50,False,False,True,20261010-055231-d1-admitfirst;20261010-055506-d1-wm50;20261010-055721-d1-ct
20261010-055800-d1-an-x4m,2026-10-10T05:58:08+00:00,11.6,nfs,doc,poisson,0.1,0.125,-1.0,20.0,32,5,0,0,-0.00818466647185212,-0.019447831002896043,0.5120807226137002,1.085004278920629,0.11566780480724881,0.45604306699979824,0.0,S4CT,False,False,True,20261010-055231-d1-admitfirst;20261010-055506-d1-wm50;20261010-055721-d1-ct
20261010-055800-d1-an-x4m,2026-10-10T05:58:08+00:00,11.6,nfs,doc,poisson,0.1,0.25,-1.0,20.0,32,5,0,0,-0.0009773470515316296,-0.005473741984420077,0.5184607041556389,1.1300683544029553,0.11711053437191458,0.3540736514267745,0.0,S4CT,False,False,True,20261010-055231-d1-admitfirst;20261010-055506-d1-wm50;20261010-055721-d1-ct
20261010-055800-d1-an-x4m,2026-10-10T05:58:08+00:00,11.6,nfs,doc,poisson,0.2,0.0625,-1.0,20.0,32,5,0,0,-0.015091916889887647,-0.0181602760013716,0.6337492196755721,1.34152286243541,0.14308341921525644,0.7991636254246194,0.0,S4CT,False,False,True,20261010-055231-d1-admitfirst;20261010-055506-d1-wm50;20261010-055721-d1-ct
20261010-055800-d1-an-x4m,2026-10-10T05:58:08+00:00,11.6,nfs,doc,poisson,0.2,0.125,-1.0,20.0,32,5,0,0,-0.04956043674535093,-0.14546648926926475,0.6552181296966764,1.4302644264621454,0.14794080429377113,0.7574663552958826,0.0,S2b,False,False,True,20261010-055231-d1-admitfirst;20261010-055506-d1-wm50;20261010-055721-d1-ct
20261010-055800-d1-an-x4m,2026-10-10T05:58:08+00:00,11.6,nfs,doc,poisson,0.2,0.25,-1.0,20.0,32,5,0,0,-0.026887462726980615,-0.053822859045319915,0.7387652097363496,1.5335651533370167,0.1668293628919552,0.6614957356588359,0.0,S4CT50,False,False,True,20261010-055231-d1-admitfirst;20261010-055506-d1-wm50;20261010-055721-d1-ct
20261010-055800-d1-an-x4m,2026-10-10T05:58:08+00:00,11.6,nfs,doc,poisson,0.4,0.0625,-1.0,20.0,32,5,0,0,-0.01231860552798103,-0.01284615517474752,0.6872725877556902,1.731847085459253,0.1551485571028391,0.8679897558296231,0.0,S4CT,False,False,True,20261010-055231-d1-admitfirst;20261010-055506-d1-wm50;20261010-055721-d1-ct
20261010-055800-d1-an-x4m,2026-10-10T05:58:08+00:00,11.6,nfs,doc,poisson,0.4,0.125,-1.0,20.0,32,5,0,0,-0.013965014956094701,-0.0706507658921176,0.7021499699527467,1.7769111609415795,0.15849708377842342,0.8390168369108906,0.0,S2b,False,False,True,20261010-055231-d1-admitfirst;20261010-055506-d1-wm50;20261010-055721-d1-ct
20261010-055800-d1-an-x4m,2026-10-10T05:58:08+00:00,11.6,nfs,doc,poisson,0.4,0.25,-1.0,20.0,32,5,0,0,-0.08425513548313579,-0.09510563383967185,0.7372851930315742,1.7803776282863737,0.16645925290671124,0.7846852091074161,0.0,S2b,False,False,True,20261010-055231-d1-admitfirst;20261010-055506-d1-wm50;20261010-055721-d1-ct
