run_id,ts,src_run,model,n_mamba,n_attn,state_MiB,kv_KiB_tok,max_ctx,vllm_all_block_tokens,interval,interval_tokens,state_over_chunk_kv,ckpt_frac_bytes,ckpt_frac_bytes_vllm_padded,write_GiBps_vllm_padded,t_tok_ms,prefill_tok_per_s,write_GiBps_needed,local_ssd_write_GiBps,nfs_write_GiBps,ratio_vs_local_ssd_write,ckpt_load_ms_cpu,ckpt_load_ms_vllm_cpu,ckpt_load_ms_local_ssd,ckpt_load_ms_nfs,f_chunk_ms,exp_recompute_ms_uniform_branch,cpu_GiB_per_32k_session_ckpts,kv_GiB_per_32k_session
20261010-055012-d5-arith,2026-10-10T05:50:12+00:00,20261010-054103-d5-cfgs+lit_C_table,Jamba-1.5-Mini,28,4,8.3,16.0,262144,1024,vllm_all_block,1024,1.0375,0.34156378600823045,0.875,1.2345139115582346,0.0988812773652099,10113.137963485058,0.2343647503973836,1.9106542968750002,0.60099609375,0.12266203822465553,0.22886524837714137,2.196603997289973,1.161050260886595,24.481609297112353,50.627214010987466,50.627214010987466,0.259375,0.5
20261010-055012-d5-arith,2026-10-10T05:50:12+00:00,20261010-054103-d5-cfgs+lit_C_table,Jamba-1.5-Mini,28,4,8.3,16.0,262144,1024,sglang_8192,8192,1.0375,0.06089508437270726,,,0.0988812773652099,10113.137963485058,0.1643205528763549,1.9106542968750002,0.60099609375,0.08600224182109337,0.22886524837714137,2.196603997289973,1.161050260886595,24.481609297112353,50.627214010987466,405.0177120878997,0.032421875,0.5
20261010-055012-d5-arith,2026-10-10T05:50:12+00:00,20261010-054103-d5-cfgs+lit_C_table,Jamba-1.5-Mini,28,4,8.3,16.0,262144,1024,every_512,512,1.0375,0.5092024539877301,,,0.0988812773652099,10113.137963485058,0.3144152618499879,1.9106542968750002,0.60099609375,0.16455894840015517,0.22886524837714137,2.196603997289973,1.161050260886595,24.481609297112353,50.627214010987466,25.313607005493733,0.51875,0.5
20261010-055012-d5-arith,2026-10-10T05:50:12+00:00,20261010-054103-d5-cfgs+lit_C_table,Jamba-1.5-Mini,28,4,8.3,16.0,262144,1024,every_4096,4096,1.0375,0.11479944674965423,,,0.0988812773652099,10113.137963485058,0.1743268668079304,1.9106542968750002,0.60099609375,0.0912393555930308,0.22886524837714137,2.196603997289973,1.161050260886595,24.481609297112353,50.627214010987466,202.50885604394986,0.06484375,0.5
20261010-055012-d5-arith,2026-10-10T05:50:12+00:00,20261010-054103-d5-cfgs+lit_C_table,Falcon-H1-7B,44,44,66.9,44.0,262144,1792,vllm_all_block,1792,3.040909090909091,0.4649061848505907,0.5,1.0061899102716694,0.08340705764092869,11989.393083557114,0.9401995330395664,1.9106542968750002,0.60099609375,0.49208249476492116,1.8447090501723802,17.705157520325205,9.358344873893158,197.32767011768874,42.70441351215549,74.7327236462721,1.1946428571428571,1.375
20261010-055012-d5-arith,2026-10-10T05:50:12+00:00,20261010-054103-d5-cfgs+lit_C_table,Falcon-H1-7B,44,44,66.9,44.0,262144,1792,sglang_8192,8192,3.040909090909091,0.15970398663165436,,,0.08340705764092869,11989.393083557114,0.598711581552276,1.9106542968750002,0.60099609375,0.3133542172079522,1.8447090501723802,17.705157520325205,9.358344873893158,197.32767011768874,42.70441351215549,341.6353080972439,0.261328125,1.375
20261010-055012-d5-arith,2026-10-10T05:50:12+00:00,20261010-054103-d5-cfgs+lit_C_table,Falcon-H1-7B,44,44,66.9,44.0,262144,1792,every_512,512,3.040909090909091,0.7525309336332958,,,0.08340705764092869,11989.393083557114,2.0329609777988957,1.9106542968750002,0.60099609375,1.0640129829472218,1.8447090501723802,17.705157520325205,9.358344873893158,197.32767011768874,42.70441351215549,21.352206756077745,4.18125,1.375
20261010-055012-d5-arith,2026-10-10T05:50:12+00:00,20261010-054103-d5-cfgs+lit_C_table,Falcon-H1-7B,44,44,66.9,44.0,262144,1792,every_4096,4096,3.040909090909091,0.275421984355702,,,0.08340705764092869,11989.393083557114,0.6943282079687173,1.9106542968750002,0.60099609375,0.3633981349239035,1.8447090501723802,17.705157520325205,9.358344873893158,197.32767011768874,42.70441351215549,170.81765404862196,0.52265625,1.375
20261010-055012-d5-arith,2026-10-10T05:50:12+00:00,20261010-054103-d5-cfgs+lit_C_table,Nemotron-H-8B,24,4,49.4,16.0,8192,640,vllm_all_block,640,6.175,0.8316498316498316,0.8571428571428571,1.6774735141126536,0.0636740446504164,15704.986317269551,1.4234560962613088,1.9106542968750002,0.60099609375,0.7450097584840252,1.3621618397386484,13.073763550135501,6.91034733587925,145.7098191900422,32.6011108610132,20.375694288133246,2.47,0.5
20261010-055012-d5-arith,2026-10-10T05:50:12+00:00,20261010-054103-d5-cfgs+lit_C_table,Nemotron-H-8B,24,4,49.4,16.0,8192,640,sglang_8192,8192,6.175,0.27846674182638104,,,0.0636740446504164,15704.986317269551,0.3321247783522151,1.9106542968750002,0.60099609375,0.17382777140554775,1.3621618397386484,13.073763550135501,6.91034733587925,145.7098191900422,32.6011108610132,260.8088868881056,0.19296875,0.5
20261010-055012-d5-arith,2026-10-10T05:50:12+00:00,20261010-054103-d5-cfgs+lit_C_table,Nemotron-H-8B,24,4,49.4,16.0,8192,640,every_512,512,6.175,0.8606271777003485,,,0.0636740446504164,15704.986317269551,1.7194103519654698,1.9106542968750002,0.60099609375,0.8999065685392055,1.3621618397386484,13.073763550135501,6.91034733587925,145.7098191900422,32.6011108610132,16.3005554305066,3.0875,0.5
20261010-055012-d5-arith,2026-10-10T05:50:12+00:00,20261010-054103-d5-cfgs+lit_C_table,Nemotron-H-8B,24,4,49.4,16.0,8192,640,every_4096,4096,6.175,0.43562610229276894,,,0.0636740446504164,15704.986317269551,0.4246104832597654,1.9106542968750002,0.60099609375,0.2222330245477916,1.3621618397386484,13.073763550135501,6.91034733587925,145.7098191900422,32.6011108610132,130.4044434440528,0.3859375,0.5
20261010-055012-d5-arith,2026-10-10T05:50:12+00:00,20261010-054103-d5-cfgs+lit_C_table,Nemotron-Nano-9B-v2,27,4,69.4,16.0,131072,768,vllm_all_block,768,8.675,0.8525798525798526,0.8709677419354839,1.6620601573752076,0.07115002108054201,14054.809609515047,1.4547494280681927,1.9106542968750002,0.60099609375,0.7613880912143711,1.9136443659486277,18.366785230352306,9.708058807895144,204.70164882163823,36.42881079323751,27.32160809492813,2.8916666666666666,0.5
20261010-055012-d5-arith,2026-10-10T05:50:12+00:00,20261010-054103-d5-cfgs+lit_C_table,Nemotron-Nano-9B-v2,27,4,69.4,16.0,131072,768,sglang_8192,8192,8.675,0.3515704154002027,,,0.07115002108054201,14054.809609515047,0.33073656760671977,1.9106542968750002,0.60099609375,0.17310120839110507,1.9136443659486277,18.366785230352306,9.708058807895144,204.70164882163823,36.42881079323751,291.4304863459001,0.27109375,0.5
20261010-055012-d5-arith,2026-10-10T05:50:12+00:00,20261010-054103-d5-cfgs+lit_C_table,Nemotron-Nano-9B-v2,27,4,69.4,16.0,131072,768,every_512,512,8.675,0.896640826873385,,,0.07115002108054201,14054.809609515047,2.074894454529695,1.9106542968750002,0.60099609375,1.085960164496173,1.9136443659486277,18.366785230352306,9.708058807895144,204.70164882163823,36.42881079323751,18.214405396618755,4.3375,0.5
20261010-055012-d5-arith,2026-10-10T05:50:12+00:00,20261010-054103-d5-cfgs+lit_C_table,Nemotron-Nano-9B-v2,27,4,69.4,16.0,131072,768,every_4096,4096,8.675,0.52023988005997,,,0.07115002108054201,14054.809609515047,0.44701376006825144,1.9106542968750002,0.60099609375,0.23395847213144294,1.9136443659486277,18.366785230352306,9.708058807895144,204.70164882163823,36.42881079323751,145.71524317295004,0.5421875,0.5
20261010-055012-d5-arith,2026-10-10T05:50:12+00:00,20261010-054103-d5-cfgs+lit_C_table,Granite-4.0-H-Small,36,4,73.7,16.0,131072,768,vllm_all_block,768,9.2125,0.8599766627771295,0.9,2.030550662210993,0.07514606429905697,13307.416819865964,1.4501515979290176,1.9106542968750002,0.60099609375,0.7589816746550305,2.032213109083773,19.504784891598916,10.309566774378558,217.38489219243138,38.47478492111717,28.85608869083788,3.0708333333333333,0.5
20261010-055012-d5-arith,2026-10-10T05:50:12+00:00,20261010-054103-d5-cfgs+lit_C_table,Granite-4.0-H-Small,36,4,73.7,16.0,131072,768,sglang_8192,8192,9.2125,0.3653941497273178,,,0.07514606429905697,13307.416819865964,0.31997036606871665,1.9106542968750002,0.60099609375,0.16746638394609065,2.032213109083773,19.504784891598916,10.309566774378558,217.38489219243138,38.47478492111717,307.79827936893736,0.287890625,0.5
20261010-055012-d5-arith,2026-10-10T05:50:12+00:00,20261010-054103-d5-cfgs+lit_C_table,Granite-4.0-H-Small,36,4,73.7,16.0,131072,768,every_512,512,9.2125,0.9020807833537332,,,0.07514606429905697,13307.416819865964,2.0736998637829767,1.9106542968750002,0.60099609375,1.0853349384944457,2.032213109083773,19.504784891598916,10.309566774378558,217.38489219243138,38.47478492111717,19.237392460558585,4.60625,0.5
20261010-055012-d5-arith,2026-10-10T05:50:12+00:00,20261010-054103-d5-cfgs+lit_C_table,Granite-4.0-H-Small,36,4,73.7,16.0,131072,768,every_4096,4096,9.2125,0.5352214960058098,,,0.07514606429905697,13307.416819865964,0.43688566591633393,1.9106542968750002,0.60099609375,0.22865762091598096,2.032213109083773,19.504784891598916,10.309566774378558,217.38489219243138,38.47478492111717,153.89913968446868,0.57578125,0.5
20261010-055012-d5-arith,2026-10-10T05:50:12+00:00,20261010-054103-d5-cfgs+lit_C_table,Qwen3-Next-80B-A3B,36,12,37.7,24.0,262144,576,vllm_all_block,576,3.141666666666667,0.736328125,0.75,1.9571677304649535,0.04677817488501628,21377.4907306252,1.8556849592556597,1.9106542968750002,0.60099609375,0.9712300976114588,1.0395445619058108,9.977345867208673,5.273686124749955,111.19959885555852,23.950425541128336,13.47211436688469,2.0944444444444446,0.75
20261010-055012-d5-arith,2026-10-10T05:50:12+00:00,20261010-054103-d5-cfgs+lit_C_table,Qwen3-Next-80B-A3B,36,12,37.7,24.0,262144,576,sglang_8192,8192,3.141666666666667,0.16412712233347848,,,0.04677817488501628,21377.4907306252,0.5853664423018227,1.9106542968750002,0.60099609375,0.30636962597536754,1.0395445619058108,9.977345867208673,5.273686124749955,111.19959885555852,23.950425541128336,191.6034043290267,0.147265625,0.75
20261010-055012-d5-arith,2026-10-10T05:50:12+00:00,20261010-054103-d5-cfgs+lit_C_table,Qwen3-Next-80B-A3B,36,12,37.7,24.0,262144,576,every_512,512,3.141666666666667,0.7585513078470825,,,0.04677817488501628,21377.4907306252,2.026484087585587,1.9106542968750002,0.60099609375,1.0606231022011854,1.0395445619058108,9.977345867208673,5.273686124749955,111.19959885555852,23.950425541128336,11.975212770564168,2.35625,0.75
20261010-055012-d5-arith,2026-10-10T05:50:12+00:00,20261010-054103-d5-cfgs+lit_C_table,Qwen3-Next-80B-A3B,36,12,37.7,24.0,262144,576,every_4096,4096,3.141666666666667,0.28197456993268516,,,0.04677817488501628,21377.4907306252,0.681440951987407,1.9106542968750002,0.60099609375,0.3566531910570887,1.0395445619058108,9.977345867208673,5.273686124749955,111.19959885555852,23.950425541128336,95.80170216451334,0.29453125,0.75
20261010-055012-d5-arith,2026-10-10T05:50:12+00:00,20261010-054103-d5-cfgs+lit_C_table,Kimi-Linear-48B-A3B,20,7,21.4,7.9,1048576,1024,vllm_all_block,1024,5.417721518987341,0.7303754266211604,0.7407407407407407,0.7774652628604469,0.037259359028159564,26838.89433643312,0.7499500313353447,1.9106542968750002,0.60099609375,0.39250953590188287,0.5900863030446777,5.6635331978319785,2.9935512750570035,63.12125770580774,19.076791822417697,19.076791822417697,0.66875,0.246875
20261010-055012-d5-arith,2026-10-10T05:50:12+00:00,20261010-054103-d5-cfgs+lit_C_table,Kimi-Linear-48B-A3B,20,7,21.4,7.9,1048576,1024,sglang_8192,8192,5.417721518987341,0.25295508274231676,,,0.037259359028159564,26838.89433643312,0.2706730915143778,1.9106542968750002,0.60099609375,0.1416651311318229,0.5900863030446777,5.6635331978319785,2.9935512750570035,63.12125770580774,19.076791822417697,152.61433457934157,0.08359375,0.246875
20261010-055012-d5-arith,2026-10-10T05:50:12+00:00,20261010-054103-d5-cfgs+lit_C_table,Kimi-Linear-48B-A3B,20,7,21.4,7.9,1048576,1024,every_512,512,5.417721518987341,0.8441814595660749,,,0.037259359028159564,26838.89433643312,1.2976951054164496,1.9106542968750002,0.60099609375,0.6791888556390943,0.5900863030446777,5.6635331978319785,2.9935512750570035,63.12125770580774,19.076791822417697,9.538395911208848,1.3375,0.246875
20261010-055012-d5-arith,2026-10-10T05:50:12+00:00,20261010-054103-d5-cfgs+lit_C_table,Kimi-Linear-48B-A3B,20,7,21.4,7.9,1048576,1024,every_4096,4096,5.417721518987341,0.40377358490566034,,,0.037259359028159564,26838.89433643312,0.33914122577451594,1.9106542968750002,0.60099609375,0.17750004609897435,0.5900863030446777,5.6635331978319785,2.9935512750570035,63.12125770580774,19.076791822417697,76.30716728967079,0.1671875,0.246875
