run_id,ts,dev,sec,gib_written,MiBps,n_writes,lat_max_ms,sda_util_pct,sda_write_mib
20261010-060133-d7-seqw,2026-10-10T06:01:44+00:00,local,0,2.438,2470.6,39,26.35,89.7,2496.1
20261010-060133-d7-seqw,2026-10-10T06:01:45+00:00,local,1,4.812,2435.8,38,26.43,88.6,2432.3
20261010-060133-d7-seqw,2026-10-10T06:01:46+00:00,local,2,7.188,2394.1,38,36.15,88.8,2432.0
20261010-060133-d7-seqw,2026-10-10T06:01:47+00:00,local,3,9.5,2402.0,37,31.16,89.0,2368.0
20261010-060133-d7-seqw,2026-10-10T06:01:48+00:00,local,4,11.875,2432.0,38,26.52,89.2,2432.1
20261010-060133-d7-seqw,2026-10-10T06:01:49+00:00,local,5,14.25,2415.8,38,26.86,89.6,2432.0
20261010-060133-d7-seqw,2026-10-10T06:01:50+00:00,local,6,16.625,2436.6,38,27.26,89.0,2432.5
20261010-060133-d7-seqw,2026-10-10T06:01:51+00:00,local,7,18.938,2400.7,37,32.54,88.7,2368.1
20261010-060133-d7-seqw,2026-10-10T06:01:52+00:00,local,8,21.312,2423.2,38,35.44,89.9,2432.3
20261010-060133-d7-seqw,2026-10-10T06:01:53+00:00,local,9,23.688,2413.8,38,26.88,88.3,2432.4
20261010-060133-d7-seqw,2026-10-10T06:01:54+00:00,local,10,26.062,2426.4,38,26.15,89.7,2432.0
20261010-060133-d7-seqw,2026-10-10T06:01:55+00:00,local,11,28.438,2424.6,38,27.32,87.8,2432.5
20261010-060133-d7-seqw,2026-10-10T06:01:56+00:00,local,12,30.75,2391.9,37,36.37,88.8,2368.0
20261010-060133-d7-seqw,2026-10-10T06:01:57+00:00,local,13,32.0,2361.9,20,30.51,88.6,1280.0
