run_id,ts,L,rep,kind,ttft_s,offload_metrics
20261008-141324-m7-c6-vllm,2026-10-08T14:15:48+00:00,8192,0,cold_compute,0.44029,
20261008-141324-m7-c6-vllm,2026-10-08T14:15:48+00:00,8192,0,warm_cpu_load,0.28957,"{""vllm:kv_offload_total_bytes_total{engine=\""0\"",model_name=\""m\"",transfer_type=\""CPU_to_GPU\""}"": 1073741824.0, ""vllm:kv_offload_total_time_total{engine=\""0\"",model_name=\""m\"",transfer_type=\""CPU_to_GPU\""}"": 0.24613983154296876, ""vllm:kv_offload_size_bucket{engine=\""0\"",le=\""+Inf\"",model_name=\""m\"",transfer_type=\""CPU_to_GPU\""}"": 1.0, ""vllm:kv_offload_size_count{engine=\""0\"",model_name=\""m\"",transfer_type=\""CPU_to_GPU\""}"": 1.0, ""vllm:kv_offload_size_sum{engine=\""0\"",model_name=\""m\"",transfer_type=\""CPU_to_GPU\""}"": 1073741824.0, ""vllm:kv_offload_load_bytes_total{engine=\""0\"",model_name=\""m\""}"": 1073741824.0, ""vllm:kv_offload_load_bytes_created{engine=\""0\"",model_name=\""m\""}"": 1791468948.685627, ""vllm:kv_offload_load_time_total{engine=\""0\"",model_name=\""m\""}"": 0.24613983154296876, ""vllm:kv_offload_load_time_created{engine=\""0\"",model_name=\""m\""}"": 1791468948.685662, ""vllm:kv_offload_load_size_bucket{engine=\""0\"",le=\""+Inf\"",model_name=\""m\""}"": 1.0, ""vllm:kv_offload_load_size_count{engine=\""0\"",model_name=\""m\""}"": 1.0, ""vllm:kv_offload_load_size_sum{engine=\""0\"",model_name=\""m\""}"": 1073741824.0, ""vllm:kv_offload_load_size_created{engine=\""0\"",model_name=\""m\""}"": 1791468948.6857116, ""vllm:kv_offload_lookup_sync_delay_seconds_bucket{engine=\""0\"",le=\""0.0005\"",model_name=\""m\""}"": 1.0, ""vllm:kv_offload_lookup_sync_delay_seconds_bucket{engine=\""0\"",le=\""0.001\"",model_name=\""m\""}"": 1.0, ""vllm:kv_offload_lookup_sync_delay_seconds_bucket{engine=\""0\"",le=\""0.005\"",model_name=\""m\""}"": 1.0"
20261008-141324-m7-c6-vllm,2026-10-08T14:15:50+00:00,8192,1,cold_compute,0.44105,
20261008-141324-m7-c6-vllm,2026-10-08T14:15:50+00:00,8192,1,warm_cpu_load,0.30319,"{""vllm:kv_offload_total_bytes_total{engine=\""0\"",model_name=\""m\"",transfer_type=\""CPU_to_GPU\""}"": 1073741824.0, ""vllm:kv_offload_total_time_total{engine=\""0\"",model_name=\""m\"",transfer_type=\""CPU_to_GPU\""}"": 0.2481278533935547, ""vllm:kv_offload_size_bucket{engine=\""0\"",le=\""+Inf\"",model_name=\""m\"",transfer_type=\""CPU_to_GPU\""}"": 1.0, ""vllm:kv_offload_size_count{engine=\""0\"",model_name=\""m\"",transfer_type=\""CPU_to_GPU\""}"": 1.0, ""vllm:kv_offload_size_sum{engine=\""0\"",model_name=\""m\"",transfer_type=\""CPU_to_GPU\""}"": 1073741824.0, ""vllm:kv_offload_load_bytes_total{engine=\""0\"",model_name=\""m\""}"": 1073741824.0, ""vllm:kv_offload_load_time_total{engine=\""0\"",model_name=\""m\""}"": 0.2481278533935547, ""vllm:kv_offload_load_size_bucket{engine=\""0\"",le=\""+Inf\"",model_name=\""m\""}"": 1.0, ""vllm:kv_offload_load_size_count{engine=\""0\"",model_name=\""m\""}"": 1.0, ""vllm:kv_offload_load_size_sum{engine=\""0\"",model_name=\""m\""}"": 1073741824.0, ""vllm:kv_offload_lookup_sync_delay_seconds_bucket{engine=\""0\"",le=\""0.0005\"",model_name=\""m\""}"": 1.0, ""vllm:kv_offload_lookup_sync_delay_seconds_bucket{engine=\""0\"",le=\""0.001\"",model_name=\""m\""}"": 1.0, ""vllm:kv_offload_lookup_sync_delay_seconds_bucket{engine=\""0\"",le=\""0.005\"",model_name=\""m\""}"": 1.0, ""vllm:kv_offload_lookup_sync_delay_seconds_bucket{engine=\""0\"",le=\""0.01\"",model_name=\""m\""}"": 1.0, ""vllm:kv_offload_lookup_sync_delay_seconds_bucket{engine=\""0\"",le=\""0.05\"",model_name=\""m\""}"": 1.0, ""vllm:kv_offload_lookup_sync_delay_seconds_bucket{engine=\""0\"","
20261008-141324-m7-c6-vllm,2026-10-08T14:15:52+00:00,8192,2,cold_compute,0.44843,
20261008-141324-m7-c6-vllm,2026-10-08T14:15:52+00:00,8192,2,warm_cpu_load,0.29808,"{""vllm:kv_offload_total_bytes_total{engine=\""0\"",model_name=\""m\"",transfer_type=\""CPU_to_GPU\""}"": 1073741824.0, ""vllm:kv_offload_total_time_total{engine=\""0\"",model_name=\""m\"",transfer_type=\""CPU_to_GPU\""}"": 0.24876760864257813, ""vllm:kv_offload_size_bucket{engine=\""0\"",le=\""+Inf\"",model_name=\""m\"",transfer_type=\""CPU_to_GPU\""}"": 1.0, ""vllm:kv_offload_size_count{engine=\""0\"",model_name=\""m\"",transfer_type=\""CPU_to_GPU\""}"": 1.0, ""vllm:kv_offload_size_sum{engine=\""0\"",model_name=\""m\"",transfer_type=\""CPU_to_GPU\""}"": 1073741824.0, ""vllm:kv_offload_load_bytes_total{engine=\""0\"",model_name=\""m\""}"": 1073741824.0, ""vllm:kv_offload_load_time_total{engine=\""0\"",model_name=\""m\""}"": 0.24876760864257813, ""vllm:kv_offload_load_size_bucket{engine=\""0\"",le=\""+Inf\"",model_name=\""m\""}"": 1.0, ""vllm:kv_offload_load_size_count{engine=\""0\"",model_name=\""m\""}"": 1.0, ""vllm:kv_offload_load_size_sum{engine=\""0\"",model_name=\""m\""}"": 1073741824.0, ""vllm:kv_offload_lookup_sync_delay_seconds_bucket{engine=\""0\"",le=\""0.0005\"",model_name=\""m\""}"": 1.0, ""vllm:kv_offload_lookup_sync_delay_seconds_bucket{engine=\""0\"",le=\""0.001\"",model_name=\""m\""}"": 1.0, ""vllm:kv_offload_lookup_sync_delay_seconds_bucket{engine=\""0\"",le=\""0.005\"",model_name=\""m\""}"": 1.0, ""vllm:kv_offload_lookup_sync_delay_seconds_bucket{engine=\""0\"",le=\""0.01\"",model_name=\""m\""}"": 1.0, ""vllm:kv_offload_lookup_sync_delay_seconds_bucket{engine=\""0\"",le=\""0.05\"",model_name=\""m\""}"": 1.0, ""vllm:kv_offload_lookup_sync_delay_seconds_bucket{engine=\""0\"
20261008-141324-m7-c6-vllm,2026-10-08T14:15:54+00:00,8192,3,cold_compute,0.44402,
20261008-141324-m7-c6-vllm,2026-10-08T14:15:54+00:00,8192,3,warm_cpu_load,0.28962,"{""vllm:kv_offload_total_bytes_total{engine=\""0\"",model_name=\""m\"",transfer_type=\""CPU_to_GPU\""}"": 1073741824.0, ""vllm:kv_offload_total_time_total{engine=\""0\"",model_name=\""m\"",transfer_type=\""CPU_to_GPU\""}"": 0.24925314331054693, ""vllm:kv_offload_size_bucket{engine=\""0\"",le=\""+Inf\"",model_name=\""m\"",transfer_type=\""CPU_to_GPU\""}"": 1.0, ""vllm:kv_offload_size_count{engine=\""0\"",model_name=\""m\"",transfer_type=\""CPU_to_GPU\""}"": 1.0, ""vllm:kv_offload_size_sum{engine=\""0\"",model_name=\""m\"",transfer_type=\""CPU_to_GPU\""}"": 1073741824.0, ""vllm:kv_offload_load_bytes_total{engine=\""0\"",model_name=\""m\""}"": 1073741824.0, ""vllm:kv_offload_load_time_total{engine=\""0\"",model_name=\""m\""}"": 0.24925314331054693, ""vllm:kv_offload_load_size_bucket{engine=\""0\"",le=\""+Inf\"",model_name=\""m\""}"": 1.0, ""vllm:kv_offload_load_size_count{engine=\""0\"",model_name=\""m\""}"": 1.0, ""vllm:kv_offload_load_size_sum{engine=\""0\"",model_name=\""m\""}"": 1073741824.0, ""vllm:kv_offload_lookup_sync_delay_seconds_bucket{engine=\""0\"",le=\""0.0005\"",model_name=\""m\""}"": 1.0, ""vllm:kv_offload_lookup_sync_delay_seconds_bucket{engine=\""0\"",le=\""0.001\"",model_name=\""m\""}"": 1.0, ""vllm:kv_offload_lookup_sync_delay_seconds_bucket{engine=\""0\"",le=\""0.005\"",model_name=\""m\""}"": 1.0, ""vllm:kv_offload_lookup_sync_delay_seconds_bucket{engine=\""0\"",le=\""0.01\"",model_name=\""m\""}"": 1.0, ""vllm:kv_offload_lookup_sync_delay_seconds_bucket{engine=\""0\"",le=\""0.05\"",model_name=\""m\""}"": 1.0, ""vllm:kv_offload_lookup_sync_delay_seconds_bucket{engine=\""0\"
20261008-141324-m7-c6-vllm,2026-10-08T14:15:55+00:00,8192,4,cold_compute,0.44309,
20261008-141324-m7-c6-vllm,2026-10-08T14:15:55+00:00,8192,4,warm_cpu_load,0.2939,"{""vllm:kv_offload_total_bytes_total{engine=\""0\"",model_name=\""m\"",transfer_type=\""CPU_to_GPU\""}"": 1073741824.0, ""vllm:kv_offload_total_time_total{engine=\""0\"",model_name=\""m\"",transfer_type=\""CPU_to_GPU\""}"": 0.24889102172851563, ""vllm:kv_offload_size_bucket{engine=\""0\"",le=\""+Inf\"",model_name=\""m\"",transfer_type=\""CPU_to_GPU\""}"": 1.0, ""vllm:kv_offload_size_count{engine=\""0\"",model_name=\""m\"",transfer_type=\""CPU_to_GPU\""}"": 1.0, ""vllm:kv_offload_size_sum{engine=\""0\"",model_name=\""m\"",transfer_type=\""CPU_to_GPU\""}"": 1073741824.0, ""vllm:kv_offload_load_bytes_total{engine=\""0\"",model_name=\""m\""}"": 1073741824.0, ""vllm:kv_offload_load_time_total{engine=\""0\"",model_name=\""m\""}"": 0.24889102172851563, ""vllm:kv_offload_load_size_bucket{engine=\""0\"",le=\""+Inf\"",model_name=\""m\""}"": 1.0, ""vllm:kv_offload_load_size_count{engine=\""0\"",model_name=\""m\""}"": 1.0, ""vllm:kv_offload_load_size_sum{engine=\""0\"",model_name=\""m\""}"": 1073741824.0, ""vllm:kv_offload_lookup_sync_delay_seconds_bucket{engine=\""0\"",le=\""0.0005\"",model_name=\""m\""}"": 1.0, ""vllm:kv_offload_lookup_sync_delay_seconds_bucket{engine=\""0\"",le=\""0.001\"",model_name=\""m\""}"": 1.0, ""vllm:kv_offload_lookup_sync_delay_seconds_bucket{engine=\""0\"",le=\""0.005\"",model_name=\""m\""}"": 1.0, ""vllm:kv_offload_lookup_sync_delay_seconds_bucket{engine=\""0\"",le=\""0.01\"",model_name=\""m\""}"": 1.0, ""vllm:kv_offload_lookup_sync_delay_seconds_bucket{engine=\""0\"",le=\""0.05\"",model_name=\""m\""}"": 1.0, ""vllm:kv_offload_lookup_sync_delay_seconds_bucket{engine=\""0\"
20261008-141324-m7-c6-vllm,2026-10-08T14:15:57+00:00,8192,5,cold_compute,0.4434,
20261008-141324-m7-c6-vllm,2026-10-08T14:15:57+00:00,8192,5,warm_cpu_load,0.28953,"{""vllm:kv_offload_total_bytes_total{engine=\""0\"",model_name=\""m\"",transfer_type=\""CPU_to_GPU\""}"": 1073741824.0, ""vllm:kv_offload_total_time_total{engine=\""0\"",model_name=\""m\"",transfer_type=\""CPU_to_GPU\""}"": 0.24767750549316414, ""vllm:kv_offload_size_bucket{engine=\""0\"",le=\""+Inf\"",model_name=\""m\"",transfer_type=\""CPU_to_GPU\""}"": 1.0, ""vllm:kv_offload_size_count{engine=\""0\"",model_name=\""m\"",transfer_type=\""CPU_to_GPU\""}"": 1.0, ""vllm:kv_offload_size_sum{engine=\""0\"",model_name=\""m\"",transfer_type=\""CPU_to_GPU\""}"": 1073741824.0, ""vllm:kv_offload_load_bytes_total{engine=\""0\"",model_name=\""m\""}"": 1073741824.0, ""vllm:kv_offload_load_time_total{engine=\""0\"",model_name=\""m\""}"": 0.24767750549316414, ""vllm:kv_offload_load_size_bucket{engine=\""0\"",le=\""+Inf\"",model_name=\""m\""}"": 1.0, ""vllm:kv_offload_load_size_count{engine=\""0\"",model_name=\""m\""}"": 1.0, ""vllm:kv_offload_load_size_sum{engine=\""0\"",model_name=\""m\""}"": 1073741824.0, ""vllm:kv_offload_lookup_sync_delay_seconds_bucket{engine=\""0\"",le=\""0.0005\"",model_name=\""m\""}"": 1.0, ""vllm:kv_offload_lookup_sync_delay_seconds_bucket{engine=\""0\"",le=\""0.001\"",model_name=\""m\""}"": 1.0, ""vllm:kv_offload_lookup_sync_delay_seconds_bucket{engine=\""0\"",le=\""0.005\"",model_name=\""m\""}"": 1.0, ""vllm:kv_offload_lookup_sync_delay_seconds_bucket{engine=\""0\"",le=\""0.01\"",model_name=\""m\""}"": 1.0, ""vllm:kv_offload_lookup_sync_delay_seconds_bucket{engine=\""0\"",le=\""0.05\"",model_name=\""m\""}"": 1.0, ""vllm:kv_offload_lookup_sync_delay_seconds_bucket{engine=\""0\"
20261008-141324-m7-c6-vllm,2026-10-08T14:16:00+00:00,16384,0,cold_compute,1.30591,
20261008-141324-m7-c6-vllm,2026-10-08T14:16:00+00:00,16384,0,warm_cpu_load,0.5557,"{""vllm:kv_offload_total_bytes_total{engine=\""0\"",model_name=\""m\"",transfer_type=\""CPU_to_GPU\""}"": 2147483648.0, ""vllm:kv_offload_total_time_total{engine=\""0\"",model_name=\""m\"",transfer_type=\""CPU_to_GPU\""}"": 0.4865660095214843, ""vllm:kv_offload_size_bucket{engine=\""0\"",le=\""+Inf\"",model_name=\""m\"",transfer_type=\""CPU_to_GPU\""}"": 1.0, ""vllm:kv_offload_size_count{engine=\""0\"",model_name=\""m\"",transfer_type=\""CPU_to_GPU\""}"": 1.0, ""vllm:kv_offload_size_sum{engine=\""0\"",model_name=\""m\"",transfer_type=\""CPU_to_GPU\""}"": 2147483648.0, ""vllm:kv_offload_load_bytes_total{engine=\""0\"",model_name=\""m\""}"": 2147483648.0, ""vllm:kv_offload_load_time_total{engine=\""0\"",model_name=\""m\""}"": 0.4865660095214843, ""vllm:kv_offload_load_size_bucket{engine=\""0\"",le=\""+Inf\"",model_name=\""m\""}"": 1.0, ""vllm:kv_offload_load_size_count{engine=\""0\"",model_name=\""m\""}"": 1.0, ""vllm:kv_offload_load_size_sum{engine=\""0\"",model_name=\""m\""}"": 2147483648.0, ""vllm:kv_offload_lookup_sync_delay_seconds_bucket{engine=\""0\"",le=\""0.001\"",model_name=\""m\""}"": 1.0, ""vllm:kv_offload_lookup_sync_delay_seconds_bucket{engine=\""0\"",le=\""0.005\"",model_name=\""m\""}"": 1.0, ""vllm:kv_offload_lookup_sync_delay_seconds_bucket{engine=\""0\"",le=\""0.01\"",model_name=\""m\""}"": 1.0, ""vllm:kv_offload_lookup_sync_delay_seconds_bucket{engine=\""0\"",le=\""0.05\"",model_name=\""m\""}"": 1.0, ""vllm:kv_offload_lookup_sync_delay_seconds_bucket{engine=\""0\"",le=\""0.1\"",model_name=\""m\""}"": 1.0, ""vllm:kv_offload_lookup_sync_delay_seconds_bucket{engine=\""0\"",le="
20261008-141324-m7-c6-vllm,2026-10-08T14:16:03+00:00,16384,1,cold_compute,1.3003,
20261008-141324-m7-c6-vllm,2026-10-08T14:16:03+00:00,16384,1,warm_cpu_load,0.55005,"{""vllm:kv_offload_total_bytes_total{engine=\""0\"",model_name=\""m\"",transfer_type=\""CPU_to_GPU\""}"": 2147483648.0, ""vllm:kv_offload_total_time_total{engine=\""0\"",model_name=\""m\"",transfer_type=\""CPU_to_GPU\""}"": 0.49040444946289075, ""vllm:kv_offload_size_bucket{engine=\""0\"",le=\""+Inf\"",model_name=\""m\"",transfer_type=\""CPU_to_GPU\""}"": 1.0, ""vllm:kv_offload_size_count{engine=\""0\"",model_name=\""m\"",transfer_type=\""CPU_to_GPU\""}"": 1.0, ""vllm:kv_offload_size_sum{engine=\""0\"",model_name=\""m\"",transfer_type=\""CPU_to_GPU\""}"": 2147483648.0, ""vllm:kv_offload_load_bytes_total{engine=\""0\"",model_name=\""m\""}"": 2147483648.0, ""vllm:kv_offload_load_time_total{engine=\""0\"",model_name=\""m\""}"": 0.49040444946289075, ""vllm:kv_offload_load_size_bucket{engine=\""0\"",le=\""+Inf\"",model_name=\""m\""}"": 1.0, ""vllm:kv_offload_load_size_count{engine=\""0\"",model_name=\""m\""}"": 1.0, ""vllm:kv_offload_load_size_sum{engine=\""0\"",model_name=\""m\""}"": 2147483648.0, ""vllm:kv_offload_lookup_sync_delay_seconds_bucket{engine=\""0\"",le=\""0.005\"",model_name=\""m\""}"": 1.0, ""vllm:kv_offload_lookup_sync_delay_seconds_bucket{engine=\""0\"",le=\""0.01\"",model_name=\""m\""}"": 1.0, ""vllm:kv_offload_lookup_sync_delay_seconds_bucket{engine=\""0\"",le=\""0.05\"",model_name=\""m\""}"": 1.0, ""vllm:kv_offload_lookup_sync_delay_seconds_bucket{engine=\""0\"",le=\""0.1\"",model_name=\""m\""}"": 1.0, ""vllm:kv_offload_lookup_sync_delay_seconds_bucket{engine=\""0\"",le=\""0.5\"",model_name=\""m\""}"": 1.0, ""vllm:kv_offload_lookup_sync_delay_seconds_bucket{engine=\""0\"",le="
20261008-141324-m7-c6-vllm,2026-10-08T14:16:06+00:00,16384,2,cold_compute,1.30395,
20261008-141324-m7-c6-vllm,2026-10-08T14:16:06+00:00,16384,2,warm_cpu_load,0.56394,"{""vllm:kv_offload_total_bytes_total{engine=\""0\"",model_name=\""m\"",transfer_type=\""CPU_to_GPU\""}"": 2147483648.0, ""vllm:kv_offload_total_time_total{engine=\""0\"",model_name=\""m\"",transfer_type=\""CPU_to_GPU\""}"": 0.48753323364257817, ""vllm:kv_offload_size_bucket{engine=\""0\"",le=\""+Inf\"",model_name=\""m\"",transfer_type=\""CPU_to_GPU\""}"": 1.0, ""vllm:kv_offload_size_count{engine=\""0\"",model_name=\""m\"",transfer_type=\""CPU_to_GPU\""}"": 1.0, ""vllm:kv_offload_size_sum{engine=\""0\"",model_name=\""m\"",transfer_type=\""CPU_to_GPU\""}"": 2147483648.0, ""vllm:kv_offload_load_bytes_total{engine=\""0\"",model_name=\""m\""}"": 2147483648.0, ""vllm:kv_offload_load_time_total{engine=\""0\"",model_name=\""m\""}"": 0.48753323364257817, ""vllm:kv_offload_load_size_bucket{engine=\""0\"",le=\""+Inf\"",model_name=\""m\""}"": 1.0, ""vllm:kv_offload_load_size_count{engine=\""0\"",model_name=\""m\""}"": 1.0, ""vllm:kv_offload_load_size_sum{engine=\""0\"",model_name=\""m\""}"": 2147483648.0, ""vllm:kv_offload_lookup_sync_delay_seconds_bucket{engine=\""0\"",le=\""0.001\"",model_name=\""m\""}"": 1.0, ""vllm:kv_offload_lookup_sync_delay_seconds_bucket{engine=\""0\"",le=\""0.005\"",model_name=\""m\""}"": 1.0, ""vllm:kv_offload_lookup_sync_delay_seconds_bucket{engine=\""0\"",le=\""0.01\"",model_name=\""m\""}"": 1.0, ""vllm:kv_offload_lookup_sync_delay_seconds_bucket{engine=\""0\"",le=\""0.05\"",model_name=\""m\""}"": 1.0, ""vllm:kv_offload_lookup_sync_delay_seconds_bucket{engine=\""0\"",le=\""0.1\"",model_name=\""m\""}"": 1.0, ""vllm:kv_offload_lookup_sync_delay_seconds_bucket{engine=\""0\"",l"
20261008-141324-m7-c6-vllm,2026-10-08T14:16:09+00:00,16384,3,cold_compute,1.30374,
20261008-141324-m7-c6-vllm,2026-10-08T14:16:09+00:00,16384,3,warm_cpu_load,0.54748,"{""vllm:kv_offload_total_bytes_total{engine=\""0\"",model_name=\""m\"",transfer_type=\""CPU_to_GPU\""}"": 2147483648.0, ""vllm:kv_offload_total_time_total{engine=\""0\"",model_name=\""m\"",transfer_type=\""CPU_to_GPU\""}"": 0.48898550415039077, ""vllm:kv_offload_size_bucket{engine=\""0\"",le=\""+Inf\"",model_name=\""m\"",transfer_type=\""CPU_to_GPU\""}"": 1.0, ""vllm:kv_offload_size_count{engine=\""0\"",model_name=\""m\"",transfer_type=\""CPU_to_GPU\""}"": 1.0, ""vllm:kv_offload_size_sum{engine=\""0\"",model_name=\""m\"",transfer_type=\""CPU_to_GPU\""}"": 2147483648.0, ""vllm:kv_offload_load_bytes_total{engine=\""0\"",model_name=\""m\""}"": 2147483648.0, ""vllm:kv_offload_load_time_total{engine=\""0\"",model_name=\""m\""}"": 0.48898550415039077, ""vllm:kv_offload_load_size_bucket{engine=\""0\"",le=\""+Inf\"",model_name=\""m\""}"": 1.0, ""vllm:kv_offload_load_size_count{engine=\""0\"",model_name=\""m\""}"": 1.0, ""vllm:kv_offload_load_size_sum{engine=\""0\"",model_name=\""m\""}"": 2147483648.0, ""vllm:kv_offload_lookup_sync_delay_seconds_bucket{engine=\""0\"",le=\""0.001\"",model_name=\""m\""}"": 1.0, ""vllm:kv_offload_lookup_sync_delay_seconds_bucket{engine=\""0\"",le=\""0.005\"",model_name=\""m\""}"": 1.0, ""vllm:kv_offload_lookup_sync_delay_seconds_bucket{engine=\""0\"",le=\""0.01\"",model_name=\""m\""}"": 1.0, ""vllm:kv_offload_lookup_sync_delay_seconds_bucket{engine=\""0\"",le=\""0.05\"",model_name=\""m\""}"": 1.0, ""vllm:kv_offload_lookup_sync_delay_seconds_bucket{engine=\""0\"",le=\""0.1\"",model_name=\""m\""}"": 1.0, ""vllm:kv_offload_lookup_sync_delay_seconds_bucket{engine=\""0\"",l"
20261008-141324-m7-c6-vllm,2026-10-08T14:16:12+00:00,16384,4,cold_compute,1.30485,
20261008-141324-m7-c6-vllm,2026-10-08T14:16:12+00:00,16384,4,warm_cpu_load,0.54789,"{""vllm:kv_offload_total_bytes_total{engine=\""0\"",model_name=\""m\"",transfer_type=\""CPU_to_GPU\""}"": 2147483648.0, ""vllm:kv_offload_total_time_total{engine=\""0\"",model_name=\""m\"",transfer_type=\""CPU_to_GPU\""}"": 0.4881463317871093, ""vllm:kv_offload_size_bucket{engine=\""0\"",le=\""+Inf\"",model_name=\""m\"",transfer_type=\""CPU_to_GPU\""}"": 1.0, ""vllm:kv_offload_size_count{engine=\""0\"",model_name=\""m\"",transfer_type=\""CPU_to_GPU\""}"": 1.0, ""vllm:kv_offload_size_sum{engine=\""0\"",model_name=\""m\"",transfer_type=\""CPU_to_GPU\""}"": 2147483648.0, ""vllm:kv_offload_load_bytes_total{engine=\""0\"",model_name=\""m\""}"": 2147483648.0, ""vllm:kv_offload_load_time_total{engine=\""0\"",model_name=\""m\""}"": 0.4881463317871093, ""vllm:kv_offload_load_size_bucket{engine=\""0\"",le=\""+Inf\"",model_name=\""m\""}"": 1.0, ""vllm:kv_offload_load_size_count{engine=\""0\"",model_name=\""m\""}"": 1.0, ""vllm:kv_offload_load_size_sum{engine=\""0\"",model_name=\""m\""}"": 2147483648.0, ""vllm:kv_offload_lookup_sync_delay_seconds_bucket{engine=\""0\"",le=\""0.001\"",model_name=\""m\""}"": 1.0, ""vllm:kv_offload_lookup_sync_delay_seconds_bucket{engine=\""0\"",le=\""0.005\"",model_name=\""m\""}"": 1.0, ""vllm:kv_offload_lookup_sync_delay_seconds_bucket{engine=\""0\"",le=\""0.01\"",model_name=\""m\""}"": 1.0, ""vllm:kv_offload_lookup_sync_delay_seconds_bucket{engine=\""0\"",le=\""0.05\"",model_name=\""m\""}"": 1.0, ""vllm:kv_offload_lookup_sync_delay_seconds_bucket{engine=\""0\"",le=\""0.1\"",model_name=\""m\""}"": 1.0, ""vllm:kv_offload_lookup_sync_delay_seconds_bucket{engine=\""0\"",le="
20261008-141324-m7-c6-vllm,2026-10-08T14:16:15+00:00,16384,5,cold_compute,1.31422,
20261008-141324-m7-c6-vllm,2026-10-08T14:16:15+00:00,16384,5,warm_cpu_load,0.56047,"{""vllm:kv_offload_total_bytes_total{engine=\""0\"",model_name=\""m\"",transfer_type=\""CPU_to_GPU\""}"": 2147483648.0, ""vllm:kv_offload_total_time_total{engine=\""0\"",model_name=\""m\"",transfer_type=\""CPU_to_GPU\""}"": 0.48868774414062477, ""vllm:kv_offload_size_bucket{engine=\""0\"",le=\""+Inf\"",model_name=\""m\"",transfer_type=\""CPU_to_GPU\""}"": 1.0, ""vllm:kv_offload_size_count{engine=\""0\"",model_name=\""m\"",transfer_type=\""CPU_to_GPU\""}"": 1.0, ""vllm:kv_offload_size_sum{engine=\""0\"",model_name=\""m\"",transfer_type=\""CPU_to_GPU\""}"": 2147483648.0, ""vllm:kv_offload_load_bytes_total{engine=\""0\"",model_name=\""m\""}"": 2147483648.0, ""vllm:kv_offload_load_time_total{engine=\""0\"",model_name=\""m\""}"": 0.48868774414062477, ""vllm:kv_offload_load_size_bucket{engine=\""0\"",le=\""+Inf\"",model_name=\""m\""}"": 1.0, ""vllm:kv_offload_load_size_count{engine=\""0\"",model_name=\""m\""}"": 1.0, ""vllm:kv_offload_load_size_sum{engine=\""0\"",model_name=\""m\""}"": 2147483648.0, ""vllm:kv_offload_lookup_sync_delay_seconds_bucket{engine=\""0\"",le=\""0.001\"",model_name=\""m\""}"": 1.0, ""vllm:kv_offload_lookup_sync_delay_seconds_bucket{engine=\""0\"",le=\""0.005\"",model_name=\""m\""}"": 1.0, ""vllm:kv_offload_lookup_sync_delay_seconds_bucket{engine=\""0\"",le=\""0.01\"",model_name=\""m\""}"": 1.0, ""vllm:kv_offload_lookup_sync_delay_seconds_bucket{engine=\""0\"",le=\""0.05\"",model_name=\""m\""}"": 1.0, ""vllm:kv_offload_lookup_sync_delay_seconds_bucket{engine=\""0\"",le=\""0.1\"",model_name=\""m\""}"": 1.0, ""vllm:kv_offload_lookup_sync_delay_seconds_bucket{engine=\""0\"",l"
20261008-141324-m7-c6-vllm,2026-10-08T14:16:21+00:00,32768,0,cold_compute,4.35552,
20261008-141324-m7-c6-vllm,2026-10-08T14:16:21+00:00,32768,0,warm_cpu_load,1.06719,"{""vllm:kv_offload_total_bytes_total{engine=\""0\"",model_name=\""m\"",transfer_type=\""CPU_to_GPU\""}"": 4294967296.0, ""vllm:kv_offload_total_time_total{engine=\""0\"",model_name=\""m\"",transfer_type=\""CPU_to_GPU\""}"": 0.9655310058593747, ""vllm:kv_offload_size_bucket{engine=\""0\"",le=\""+Inf\"",model_name=\""m\"",transfer_type=\""CPU_to_GPU\""}"": 1.0, ""vllm:kv_offload_size_count{engine=\""0\"",model_name=\""m\"",transfer_type=\""CPU_to_GPU\""}"": 1.0, ""vllm:kv_offload_size_sum{engine=\""0\"",model_name=\""m\"",transfer_type=\""CPU_to_GPU\""}"": 4294967296.0, ""vllm:kv_offload_load_bytes_total{engine=\""0\"",model_name=\""m\""}"": 4294967296.0, ""vllm:kv_offload_load_time_total{engine=\""0\"",model_name=\""m\""}"": 0.9655310058593747, ""vllm:kv_offload_load_size_bucket{engine=\""0\"",le=\""+Inf\"",model_name=\""m\""}"": 1.0, ""vllm:kv_offload_load_size_count{engine=\""0\"",model_name=\""m\""}"": 1.0, ""vllm:kv_offload_load_size_sum{engine=\""0\"",model_name=\""m\""}"": 4294967296.0, ""vllm:kv_offload_lookup_sync_delay_seconds_bucket{engine=\""0\"",le=\""0.005\"",model_name=\""m\""}"": 1.0, ""vllm:kv_offload_lookup_sync_delay_seconds_bucket{engine=\""0\"",le=\""0.01\"",model_name=\""m\""}"": 1.0, ""vllm:kv_offload_lookup_sync_delay_seconds_bucket{engine=\""0\"",le=\""0.05\"",model_name=\""m\""}"": 1.0, ""vllm:kv_offload_lookup_sync_delay_seconds_bucket{engine=\""0\"",le=\""0.1\"",model_name=\""m\""}"": 1.0, ""vllm:kv_offload_lookup_sync_delay_seconds_bucket{engine=\""0\"",le=\""0.5\"",model_name=\""m\""}"": 1.0, ""vllm:kv_offload_lookup_sync_delay_seconds_bucket{engine=\""0\"",le=\"""
20261008-141324-m7-c6-vllm,2026-10-08T14:16:28+00:00,32768,1,cold_compute,4.78769,
20261008-141324-m7-c6-vllm,2026-10-08T14:16:28+00:00,32768,1,warm_cpu_load,1.09188,"{""vllm:kv_offload_total_bytes_total{engine=\""0\"",model_name=\""m\"",transfer_type=\""CPU_to_GPU\""}"": 4294967296.0, ""vllm:kv_offload_total_time_total{engine=\""0\"",model_name=\""m\"",transfer_type=\""CPU_to_GPU\""}"": 0.9750039062500004, ""vllm:kv_offload_size_bucket{engine=\""0\"",le=\""+Inf\"",model_name=\""m\"",transfer_type=\""CPU_to_GPU\""}"": 1.0, ""vllm:kv_offload_size_count{engine=\""0\"",model_name=\""m\"",transfer_type=\""CPU_to_GPU\""}"": 1.0, ""vllm:kv_offload_size_sum{engine=\""0\"",model_name=\""m\"",transfer_type=\""CPU_to_GPU\""}"": 4294967296.0, ""vllm:kv_offload_load_bytes_total{engine=\""0\"",model_name=\""m\""}"": 4294967296.0, ""vllm:kv_offload_load_time_total{engine=\""0\"",model_name=\""m\""}"": 0.9750039062500004, ""vllm:kv_offload_load_size_bucket{engine=\""0\"",le=\""+Inf\"",model_name=\""m\""}"": 1.0, ""vllm:kv_offload_load_size_count{engine=\""0\"",model_name=\""m\""}"": 1.0, ""vllm:kv_offload_load_size_sum{engine=\""0\"",model_name=\""m\""}"": 4294967296.0, ""vllm:kv_offload_lookup_sync_delay_seconds_bucket{engine=\""0\"",le=\""0.005\"",model_name=\""m\""}"": 1.0, ""vllm:kv_offload_lookup_sync_delay_seconds_bucket{engine=\""0\"",le=\""0.01\"",model_name=\""m\""}"": 1.0, ""vllm:kv_offload_lookup_sync_delay_seconds_bucket{engine=\""0\"",le=\""0.05\"",model_name=\""m\""}"": 1.0, ""vllm:kv_offload_lookup_sync_delay_seconds_bucket{engine=\""0\"",le=\""0.1\"",model_name=\""m\""}"": 1.0, ""vllm:kv_offload_lookup_sync_delay_seconds_bucket{engine=\""0\"",le=\""0.5\"",model_name=\""m\""}"": 1.0, ""vllm:kv_offload_lookup_sync_delay_seconds_bucket{engine=\""0\"",le=\"""
20261008-141324-m7-c6-vllm,2026-10-08T14:16:35+00:00,32768,2,cold_compute,4.36077,
20261008-141324-m7-c6-vllm,2026-10-08T14:16:35+00:00,32768,2,warm_cpu_load,1.07491,"{""vllm:kv_offload_total_bytes_total{engine=\""0\"",model_name=\""m\"",transfer_type=\""CPU_to_GPU\""}"": 4294967296.0, ""vllm:kv_offload_total_time_total{engine=\""0\"",model_name=\""m\"",transfer_type=\""CPU_to_GPU\""}"": 0.9730076293945311, ""vllm:kv_offload_size_bucket{engine=\""0\"",le=\""+Inf\"",model_name=\""m\"",transfer_type=\""CPU_to_GPU\""}"": 1.0, ""vllm:kv_offload_size_count{engine=\""0\"",model_name=\""m\"",transfer_type=\""CPU_to_GPU\""}"": 1.0, ""vllm:kv_offload_size_sum{engine=\""0\"",model_name=\""m\"",transfer_type=\""CPU_to_GPU\""}"": 4294967296.0, ""vllm:kv_offload_load_bytes_total{engine=\""0\"",model_name=\""m\""}"": 4294967296.0, ""vllm:kv_offload_load_time_total{engine=\""0\"",model_name=\""m\""}"": 0.9730076293945311, ""vllm:kv_offload_load_size_bucket{engine=\""0\"",le=\""+Inf\"",model_name=\""m\""}"": 1.0, ""vllm:kv_offload_load_size_count{engine=\""0\"",model_name=\""m\""}"": 1.0, ""vllm:kv_offload_load_size_sum{engine=\""0\"",model_name=\""m\""}"": 4294967296.0, ""vllm:kv_offload_lookup_sync_delay_seconds_bucket{engine=\""0\"",le=\""0.005\"",model_name=\""m\""}"": 1.0, ""vllm:kv_offload_lookup_sync_delay_seconds_bucket{engine=\""0\"",le=\""0.01\"",model_name=\""m\""}"": 1.0, ""vllm:kv_offload_lookup_sync_delay_seconds_bucket{engine=\""0\"",le=\""0.05\"",model_name=\""m\""}"": 1.0, ""vllm:kv_offload_lookup_sync_delay_seconds_bucket{engine=\""0\"",le=\""0.1\"",model_name=\""m\""}"": 1.0, ""vllm:kv_offload_lookup_sync_delay_seconds_bucket{engine=\""0\"",le=\""0.5\"",model_name=\""m\""}"": 1.0, ""vllm:kv_offload_lookup_sync_delay_seconds_bucket{engine=\""0\"",le=\"""
20261008-141324-m7-c6-vllm,2026-10-08T14:16:42+00:00,32768,3,cold_compute,4.80441,
20261008-141324-m7-c6-vllm,2026-10-08T14:16:42+00:00,32768,3,warm_cpu_load,1.08958,"{""vllm:kv_offload_total_bytes_total{engine=\""0\"",model_name=\""m\"",transfer_type=\""CPU_to_GPU\""}"": 4294967296.0, ""vllm:kv_offload_total_time_total{engine=\""0\"",model_name=\""m\"",transfer_type=\""CPU_to_GPU\""}"": 0.9722705078125005, ""vllm:kv_offload_size_bucket{engine=\""0\"",le=\""+Inf\"",model_name=\""m\"",transfer_type=\""CPU_to_GPU\""}"": 1.0, ""vllm:kv_offload_size_count{engine=\""0\"",model_name=\""m\"",transfer_type=\""CPU_to_GPU\""}"": 1.0, ""vllm:kv_offload_size_sum{engine=\""0\"",model_name=\""m\"",transfer_type=\""CPU_to_GPU\""}"": 4294967296.0, ""vllm:kv_offload_load_bytes_total{engine=\""0\"",model_name=\""m\""}"": 4294967296.0, ""vllm:kv_offload_load_time_total{engine=\""0\"",model_name=\""m\""}"": 0.9722705078125005, ""vllm:kv_offload_load_size_bucket{engine=\""0\"",le=\""+Inf\"",model_name=\""m\""}"": 1.0, ""vllm:kv_offload_load_size_count{engine=\""0\"",model_name=\""m\""}"": 1.0, ""vllm:kv_offload_load_size_sum{engine=\""0\"",model_name=\""m\""}"": 4294967296.0, ""vllm:kv_offload_lookup_sync_delay_seconds_bucket{engine=\""0\"",le=\""0.005\"",model_name=\""m\""}"": 1.0, ""vllm:kv_offload_lookup_sync_delay_seconds_bucket{engine=\""0\"",le=\""0.01\"",model_name=\""m\""}"": 1.0, ""vllm:kv_offload_lookup_sync_delay_seconds_bucket{engine=\""0\"",le=\""0.05\"",model_name=\""m\""}"": 1.0, ""vllm:kv_offload_lookup_sync_delay_seconds_bucket{engine=\""0\"",le=\""0.1\"",model_name=\""m\""}"": 1.0, ""vllm:kv_offload_lookup_sync_delay_seconds_bucket{engine=\""0\"",le=\""0.5\"",model_name=\""m\""}"": 1.0, ""vllm:kv_offload_lookup_sync_delay_seconds_bucket{engine=\""0\"",le=\"""
20261008-141324-m7-c6-vllm,2026-10-08T14:16:48+00:00,32768,4,cold_compute,4.3811,
20261008-141324-m7-c6-vllm,2026-10-08T14:16:48+00:00,32768,4,warm_cpu_load,1.07833,"{""vllm:kv_offload_total_bytes_total{engine=\""0\"",model_name=\""m\"",transfer_type=\""CPU_to_GPU\""}"": 4294967296.0, ""vllm:kv_offload_total_time_total{engine=\""0\"",model_name=\""m\"",transfer_type=\""CPU_to_GPU\""}"": 0.9764837036132814, ""vllm:kv_offload_size_bucket{engine=\""0\"",le=\""+Inf\"",model_name=\""m\"",transfer_type=\""CPU_to_GPU\""}"": 1.0, ""vllm:kv_offload_size_count{engine=\""0\"",model_name=\""m\"",transfer_type=\""CPU_to_GPU\""}"": 1.0, ""vllm:kv_offload_size_sum{engine=\""0\"",model_name=\""m\"",transfer_type=\""CPU_to_GPU\""}"": 4294967296.0, ""vllm:kv_offload_load_bytes_total{engine=\""0\"",model_name=\""m\""}"": 4294967296.0, ""vllm:kv_offload_load_time_total{engine=\""0\"",model_name=\""m\""}"": 0.9764837036132814, ""vllm:kv_offload_load_size_bucket{engine=\""0\"",le=\""+Inf\"",model_name=\""m\""}"": 1.0, ""vllm:kv_offload_load_size_count{engine=\""0\"",model_name=\""m\""}"": 1.0, ""vllm:kv_offload_load_size_sum{engine=\""0\"",model_name=\""m\""}"": 4294967296.0, ""vllm:kv_offload_lookup_sync_delay_seconds_bucket{engine=\""0\"",le=\""0.005\"",model_name=\""m\""}"": 1.0, ""vllm:kv_offload_lookup_sync_delay_seconds_bucket{engine=\""0\"",le=\""0.01\"",model_name=\""m\""}"": 1.0, ""vllm:kv_offload_lookup_sync_delay_seconds_bucket{engine=\""0\"",le=\""0.05\"",model_name=\""m\""}"": 1.0, ""vllm:kv_offload_lookup_sync_delay_seconds_bucket{engine=\""0\"",le=\""0.1\"",model_name=\""m\""}"": 1.0, ""vllm:kv_offload_lookup_sync_delay_seconds_bucket{engine=\""0\"",le=\""0.5\"",model_name=\""m\""}"": 1.0, ""vllm:kv_offload_lookup_sync_delay_seconds_bucket{engine=\""0\"",le=\"""
20261008-141324-m7-c6-vllm,2026-10-08T14:16:55+00:00,32768,5,cold_compute,4.80963,
20261008-141324-m7-c6-vllm,2026-10-08T14:16:55+00:00,32768,5,warm_cpu_load,1.0826,"{""vllm:kv_offload_total_bytes_total{engine=\""0\"",model_name=\""m\"",transfer_type=\""CPU_to_GPU\""}"": 4294967296.0, ""vllm:kv_offload_total_time_total{engine=\""0\"",model_name=\""m\"",transfer_type=\""CPU_to_GPU\""}"": 0.977772155761718, ""vllm:kv_offload_size_bucket{engine=\""0\"",le=\""+Inf\"",model_name=\""m\"",transfer_type=\""CPU_to_GPU\""}"": 1.0, ""vllm:kv_offload_size_count{engine=\""0\"",model_name=\""m\"",transfer_type=\""CPU_to_GPU\""}"": 1.0, ""vllm:kv_offload_size_sum{engine=\""0\"",model_name=\""m\"",transfer_type=\""CPU_to_GPU\""}"": 4294967296.0, ""vllm:kv_offload_load_bytes_total{engine=\""0\"",model_name=\""m\""}"": 4294967296.0, ""vllm:kv_offload_load_time_total{engine=\""0\"",model_name=\""m\""}"": 0.977772155761718, ""vllm:kv_offload_load_size_bucket{engine=\""0\"",le=\""+Inf\"",model_name=\""m\""}"": 1.0, ""vllm:kv_offload_load_size_count{engine=\""0\"",model_name=\""m\""}"": 1.0, ""vllm:kv_offload_load_size_sum{engine=\""0\"",model_name=\""m\""}"": 4294967296.0, ""vllm:kv_offload_lookup_sync_delay_seconds_bucket{engine=\""0\"",le=\""0.005\"",model_name=\""m\""}"": 1.0, ""vllm:kv_offload_lookup_sync_delay_seconds_bucket{engine=\""0\"",le=\""0.01\"",model_name=\""m\""}"": 1.0, ""vllm:kv_offload_lookup_sync_delay_seconds_bucket{engine=\""0\"",le=\""0.05\"",model_name=\""m\""}"": 1.0, ""vllm:kv_offload_lookup_sync_delay_seconds_bucket{engine=\""0\"",le=\""0.1\"",model_name=\""m\""}"": 1.0, ""vllm:kv_offload_lookup_sync_delay_seconds_bucket{engine=\""0\"",le=\""0.5\"",model_name=\""m\""}"": 1.0, ""vllm:kv_offload_lookup_sync_delay_seconds_bucket{engine=\""0\"",le=\""1."
