run_id,ts,item,kind,size_mib,rep,value,unit,note
20261008-130257-m7-c0,2026-10-08T13:02:59+00:00,cmd:amd-smi static --bus,info,,,GPU: 0 |     BUS: |         BDF: 0000:a6:00.0 |         MAX_PCIE_WIDTH: 16 |         MAX_PCIE_SPEED: 32 GT/s |         PCIE_LEVELS: N/A |         PCIE_INTERFACE_VERSION: Gen 5 |         SLOT_TYPE: OAM |  | ,,
20261008-130257-m7-c0,2026-10-08T13:02:59+00:00,cmd:rocm-smi --showbus --showpcie,info,,,,,
20261008-130257-m7-c0,2026-10-08T13:02:59+00:00,H2D_pinned,bw,64,0,0.396,GiB/s,
20261008-130257-m7-c0,2026-10-08T13:02:59+00:00,D2H_pinned,bw,64,0,31.069,GiB/s,
20261008-130257-m7-c0,2026-10-08T13:02:59+00:00,H2D_pinned,bw,64,1,47.88,GiB/s,
20261008-130257-m7-c0,2026-10-08T13:02:59+00:00,D2H_pinned,bw,64,1,44.715,GiB/s,
20261008-130257-m7-c0,2026-10-08T13:02:59+00:00,H2D_pinned,bw,64,2,52.932,GiB/s,
20261008-130257-m7-c0,2026-10-08T13:02:59+00:00,D2H_pinned,bw,64,2,44.763,GiB/s,
20261008-130257-m7-c0,2026-10-08T13:02:59+00:00,H2D_pinned,bw,64,3,52.814,GiB/s,
20261008-130257-m7-c0,2026-10-08T13:02:59+00:00,D2H_pinned,bw,64,3,44.769,GiB/s,
20261008-130257-m7-c0,2026-10-08T13:02:59+00:00,H2D_pinned,bw,64,4,52.961,GiB/s,
20261008-130257-m7-c0,2026-10-08T13:02:59+00:00,D2H_pinned,bw,64,4,44.756,GiB/s,
20261008-130257-m7-c0,2026-10-08T13:02:59+00:00,H2D_pageable,bw,64,0,14.786,GiB/s,
20261008-130257-m7-c0,2026-10-08T13:03:00+00:00,D2H_pageable,bw,64,0,43.194,GiB/s,
20261008-130257-m7-c0,2026-10-08T13:03:00+00:00,H2D_pageable,bw,64,1,51.746,GiB/s,
20261008-130257-m7-c0,2026-10-08T13:03:00+00:00,D2H_pageable,bw,64,1,43.687,GiB/s,
20261008-130257-m7-c0,2026-10-08T13:03:00+00:00,H2D_pageable,bw,64,2,51.784,GiB/s,
20261008-130257-m7-c0,2026-10-08T13:03:00+00:00,D2H_pageable,bw,64,2,43.644,GiB/s,
20261008-130257-m7-c0,2026-10-08T13:03:00+00:00,H2D_pageable,bw,64,3,51.7,GiB/s,
20261008-130257-m7-c0,2026-10-08T13:03:00+00:00,D2H_pageable,bw,64,3,43.925,GiB/s,
20261008-130257-m7-c0,2026-10-08T13:03:00+00:00,H2D_pageable,bw,64,4,51.744,GiB/s,
20261008-130257-m7-c0,2026-10-08T13:03:00+00:00,D2H_pageable,bw,64,4,43.804,GiB/s,
20261008-130257-m7-c0,2026-10-08T13:03:00+00:00,H2D_pinned,bw,1024,0,34.043,GiB/s,
20261008-130257-m7-c0,2026-10-08T13:03:00+00:00,D2H_pinned,bw,1024,0,16.625,GiB/s,
20261008-130257-m7-c0,2026-10-08T13:03:00+00:00,H2D_pinned,bw,1024,1,53.425,GiB/s,
20261008-130257-m7-c0,2026-10-08T13:03:00+00:00,D2H_pinned,bw,1024,1,45.229,GiB/s,
20261008-130257-m7-c0,2026-10-08T13:03:00+00:00,H2D_pinned,bw,1024,2,53.588,GiB/s,
20261008-130257-m7-c0,2026-10-08T13:03:00+00:00,D2H_pinned,bw,1024,2,45.243,GiB/s,
20261008-130257-m7-c0,2026-10-08T13:03:00+00:00,H2D_pinned,bw,1024,3,53.596,GiB/s,
20261008-130257-m7-c0,2026-10-08T13:03:00+00:00,D2H_pinned,bw,1024,3,45.248,GiB/s,
20261008-130257-m7-c0,2026-10-08T13:03:00+00:00,H2D_pinned,bw,1024,4,53.585,GiB/s,
20261008-130257-m7-c0,2026-10-08T13:03:00+00:00,D2H_pinned,bw,1024,4,45.248,GiB/s,
20261008-130257-m7-c0,2026-10-08T13:03:00+00:00,H2D_pageable,bw,1024,0,18.664,GiB/s,
20261008-130257-m7-c0,2026-10-08T13:03:00+00:00,D2H_pageable,bw,1024,0,44.205,GiB/s,
20261008-130257-m7-c0,2026-10-08T13:03:00+00:00,H2D_pageable,bw,1024,1,52.329,GiB/s,
20261008-130257-m7-c0,2026-10-08T13:03:00+00:00,D2H_pageable,bw,1024,1,44.287,GiB/s,
20261008-130257-m7-c0,2026-10-08T13:03:00+00:00,H2D_pageable,bw,1024,2,52.367,GiB/s,
20261008-130257-m7-c0,2026-10-08T13:03:00+00:00,D2H_pageable,bw,1024,2,44.287,GiB/s,
20261008-130257-m7-c0,2026-10-08T13:03:00+00:00,H2D_pageable,bw,1024,3,52.331,GiB/s,
20261008-130257-m7-c0,2026-10-08T13:03:00+00:00,D2H_pageable,bw,1024,3,44.305,GiB/s,
20261008-130257-m7-c0,2026-10-08T13:03:00+00:00,H2D_pageable,bw,1024,4,52.336,GiB/s,
20261008-130257-m7-c0,2026-10-08T13:03:00+00:00,D2H_pageable,bw,1024,4,44.289,GiB/s,
20261008-130257-m7-c0,2026-10-08T13:03:02+00:00,H2D_pinned_chunk_into_kv_view,bw,64,0,1.643,GiB/s,38.047ms
20261008-130257-m7-c0,2026-10-08T13:03:02+00:00,D2H_pinned_chunk_from_kv_view,bw,64,0,28.968,GiB/s,2.158ms
20261008-130257-m7-c0,2026-10-08T13:03:02+00:00,H2D_pinned_chunk_into_kv_view,bw,64,1,39.351,GiB/s,1.588ms
20261008-130257-m7-c0,2026-10-08T13:03:02+00:00,D2H_pinned_chunk_from_kv_view,bw,64,1,39.498,GiB/s,1.582ms
20261008-130257-m7-c0,2026-10-08T13:03:02+00:00,H2D_pinned_chunk_into_kv_view,bw,64,2,50.003,GiB/s,1.250ms
20261008-130257-m7-c0,2026-10-08T13:03:02+00:00,D2H_pinned_chunk_from_kv_view,bw,64,2,42.858,GiB/s,1.458ms
20261008-130257-m7-c0,2026-10-08T13:03:02+00:00,H2D_pinned_chunk_into_kv_view,bw,64,3,50.014,GiB/s,1.250ms
20261008-130257-m7-c0,2026-10-08T13:03:02+00:00,D2H_pinned_chunk_from_kv_view,bw,64,3,42.793,GiB/s,1.461ms
20261008-130257-m7-c0,2026-10-08T13:03:02+00:00,H2D_pinned_chunk_into_kv_view,bw,64,4,49.899,GiB/s,1.253ms
20261008-130257-m7-c0,2026-10-08T13:03:02+00:00,D2H_pinned_chunk_from_kv_view,bw,64,4,42.777,GiB/s,1.461ms
20261008-130257-m7-c0,2026-10-08T13:03:02+00:00,H2D_pinned_chunk_into_kv_view,bw,64,5,49.899,GiB/s,1.253ms
20261008-130257-m7-c0,2026-10-08T13:03:02+00:00,D2H_pinned_chunk_from_kv_view,bw,64,5,42.884,GiB/s,1.457ms
20261008-130257-m7-c0,2026-10-08T13:03:02+00:00,H2D_pinned_chunk_into_kv_view,bw,64,6,50.064,GiB/s,1.248ms
20261008-130257-m7-c0,2026-10-08T13:03:02+00:00,D2H_pinned_chunk_from_kv_view,bw,64,6,42.961,GiB/s,1.455ms
20261008-130257-m7-c0,2026-10-08T13:03:02+00:00,H2D_pinned_chunk_into_kv_view,bw,64,7,49.884,GiB/s,1.253ms
20261008-130257-m7-c0,2026-10-08T13:03:02+00:00,D2H_pinned_chunk_from_kv_view,bw,64,7,42.802,GiB/s,1.460ms
20261008-130257-m7-c0,2026-10-08T13:03:02+00:00,H2D_pinned_chunk_into_kv_view,bw,64,8,50.008,GiB/s,1.250ms
20261008-130257-m7-c0,2026-10-08T13:03:02+00:00,D2H_pinned_chunk_from_kv_view,bw,64,8,42.903,GiB/s,1.457ms
20261008-130257-m7-c0,2026-10-08T13:03:02+00:00,H2D_pinned_chunk_into_kv_view,bw,64,9,50.016,GiB/s,1.250ms
20261008-130257-m7-c0,2026-10-08T13:03:02+00:00,D2H_pinned_chunk_from_kv_view,bw,64,9,42.865,GiB/s,1.458ms
20261008-130257-m7-c0,2026-10-08T13:03:02+00:00,H2D_pinned_chunk_into_kv_view,bw,64,10,50.078,GiB/s,1.248ms
20261008-130257-m7-c0,2026-10-08T13:03:02+00:00,D2H_pinned_chunk_from_kv_view,bw,64,10,42.902,GiB/s,1.457ms
20261008-130257-m7-c0,2026-10-08T13:03:02+00:00,H2D_pinned_chunk_into_kv_view,bw,64,11,50.101,GiB/s,1.247ms
20261008-130257-m7-c0,2026-10-08T13:03:02+00:00,D2H_pinned_chunk_from_kv_view,bw,64,11,42.872,GiB/s,1.458ms
20261008-130257-m7-c0,2026-10-08T13:03:02+00:00,H2D_pinned_chunk_into_kv_view,bw,64,12,49.955,GiB/s,1.251ms
20261008-130257-m7-c0,2026-10-08T13:03:02+00:00,D2H_pinned_chunk_from_kv_view,bw,64,12,42.881,GiB/s,1.458ms
20261008-130257-m7-c0,2026-10-08T13:03:02+00:00,H2D_pinned_chunk_into_kv_view,bw,64,13,50.045,GiB/s,1.249ms
20261008-130257-m7-c0,2026-10-08T13:03:02+00:00,D2H_pinned_chunk_from_kv_view,bw,64,13,42.912,GiB/s,1.456ms
20261008-130257-m7-c0,2026-10-08T13:03:02+00:00,H2D_pinned_chunk_into_kv_view,bw,64,14,49.802,GiB/s,1.255ms
20261008-130257-m7-c0,2026-10-08T13:03:02+00:00,D2H_pinned_chunk_from_kv_view,bw,64,14,42.887,GiB/s,1.457ms
