io_model,cpu_tier,ssd_dev,gap_s,ssd_frac,wl_seed,cpu_frac,strategy,n,reps,median,ci_lo,ci_hi,mean,p90,miss,ld_cpu,ld_ssd,recompute,t_recompute,w_ssd_GiB,w_cpu_GiB,demote,backlog,kv_bad,cont_gpu,median_excl_slow,n_gpu_slow
fifo,harness,nfs,0.0,1.0,0,0.25,S1,72,3,2.8601695,2.637687,2.877864,2.812200125,3.8963318,0,1091.0,54.0,1159.0,0.6782558333333333,32.0,32.0,0.0,3.137331611111111,0.0,0,2.8601695,0
fifo,harness,nfs,0.0,1.0,0,0.25,S4,72,3,1.687462,1.370153,2.432334,2.747956513888889,6.2005984000000005,0,1094.0,101.0,1109.0,0.6449119027777778,24.0,32.0,384.0,1.976868638888889,0.0,0,1.687462,0
fifo,harness,nfs,0.0,1.0,0,0.25,S4+,72,3,2.8667005,2.859615,3.085149,2.756917236111111,3.4654007,0,780.0,73.0,1451.0,0.8586643055555555,24.0,32.0,384.0,1.5408934722222223,0.0,0,2.8667005,0
fifo,harness,nfs,0.0,1.0,0,0.25,S4+P,72,3,2.8584775000000002,2.637226,2.882488,2.503516625,3.8736748,0,1182.0,55.0,1067.0,0.6132218333333334,24.0,32.0,384.0,1.7286888194444445,0.0,0,2.8584775000000002,0
fifo,harness,nfs,0.0,1.0,0,0.25,S5,72,3,2.8693635,2.860295,3.085515,2.7589094999999997,3.4659653,0,780.0,73.0,1451.0,0.8646588611111112,24.0,32.0,384.0,1.5428306944444445,0.0,0,2.8693635,0
fifo,harness,nfs,0.0,1.0,0,0.25,S5s,72,3,2.8670705,2.65383,2.907083,2.7830067777777776,3.2409174000000003,0,327.0,131.0,1846.0,1.108400902777778,24.0,14.5,104.0,1.4231194861111112,0.0,0,2.8670705,0
fifo,harness,nfs,0.0,1.0,0,0.5,S1,72,3,1.3617635,1.103672,1.376133,2.440146888888888,3.7265430999999998,0,1558.0,34.0,712.0,0.4060920555555556,32.0,32.0,0.0,6.529223166666667,0.0,0,1.3617635,0
fifo,harness,nfs,0.0,1.0,0,0.5,S4,72,3,1.3579385,1.108517,1.36834,2.0924820138888887,4.8564484000000006,0,1557.0,74.0,673.0,0.37275075,17.0,32.0,272.0,1.4897111388888886,0.0,0,1.3579385,0
fifo,harness,nfs,0.0,1.0,0,0.5,S4+,72,3,2.636622,1.367939,2.859552,2.1734982777777776,3.0875621,0,1540.0,42.0,722.0,0.38409063888888884,16.0,32.0,256.0,1.0127351666666666,0.0,0,2.636622,0
fifo,harness,nfs,0.0,1.0,0,0.5,S4+P,72,3,1.3627365,1.113698,2.637011,1.969882972222222,3.8652847,0,1673.0,30.0,601.0,0.312685,16.0,32.0,256.0,1.1693085694444445,0.0,0,1.3627365,0
fifo,harness,nfs,0.0,1.0,0,0.5,S5,72,3,2.6398715,1.363657,2.859999,2.173784916666667,3.0906596,0,1539.0,42.0,723.0,0.386363,16.0,32.0,256.0,1.0125853194444445,0.0,0,2.6398715,0
fifo,harness,nfs,0.0,1.0,0,0.5,S5s,72,3,2.506404,2.340804,2.697787,2.5695350694444445,2.9850463,0,384.0,199.0,1721.0,1.005739763888889,17.5,14.5,0.0,1.0322999722222221,0.0,0,2.506404,0
share,harness,local,0.0,1.0,0,0.25,S1,72,3,1.2889905000000002,1.074428,1.340538,1.2970822083333333,1.7801622,0,1115.0,630.0,559.0,0.27908643055555554,32.0,32.0,0.0,0.5230358333333334,0.0,0,1.2889905000000002,0
share,harness,local,0.0,1.0,0,0.25,S4,72,3,1.2346075,1.074307,1.349514,1.2522949583333332,1.5647168,0,1113.0,724.0,467.0,0.2336416388888889,24.0,32.0,384.0,0.5199418472222221,0.0,0,1.2346075,0
share,harness,local,0.0,1.0,0,0.25,S4+,72,3,1.428121,1.201194,1.545456,1.366419027777778,1.8611836,0,789.0,835.0,680.0,0.347062375,24.0,32.0,384.0,0.4572813333333333,0.0,0,1.428121,0
share,harness,local,0.0,1.0,0,0.25,S4+P,72,3,1.280886,1.094449,1.337666,1.282239,1.7809722,0,1203.0,573.0,528.0,0.26417841666666664,24.0,32.0,384.0,0.4570015972222223,0.0,0,1.280886,0
share,harness,local,0.0,1.0,0,0.25,S5,72,3,1.4413415,1.201928,1.545695,1.3662162083333333,1.8589366,0,789.0,829.0,686.0,0.3467022361111111,24.0,32.0,384.0,0.45728280555555556,0.0,0,1.4413415,0
share,harness,local,0.0,1.0,0,0.25,S5s,72,3,1.4452995,1.203223,1.545117,1.369768763888889,1.8587738999999999,0,774.0,833.0,697.0,0.3497352083333333,24.0,30.5,360.0,0.46272120833333336,0.0,0,1.4452995,0
share,harness,local,0.0,1.0,0,0.5,S1,72,3,1.0922684999999999,1.073236,1.311119,1.1985631805555554,1.5551107,0,1600.0,341.0,363.0,0.17927159722222222,32.0,32.0,0.0,0.523044375,0.0,0,1.0922684999999999,0
share,harness,local,0.0,1.0,0,0.5,S4,72,3,1.1113935,1.073321,1.31736,1.1638814999999998,1.5550152,0,1599.0,408.0,297.0,0.14614162499999997,17.0,32.0,272.0,0.3638504861111111,0.0,0,1.1113935,0
share,harness,local,0.0,1.0,0,0.5,S4+,72,3,1.128874,1.076577,1.333067,1.2107704583333332,1.5886719,0,1569.0,346.0,389.0,0.19075958333333332,16.0,32.0,256.0,0.3047167777777778,0.0,0,1.128874,0
share,harness,local,0.0,1.0,0,0.5,S4+P,72,3,1.095891,1.073399,1.298913,1.1800508333333333,1.5640208,0,1709.0,265.0,330.0,0.16109122222222222,16.0,32.0,256.0,0.30435748611111113,0.0,0,1.095891,0
share,harness,local,0.0,1.0,0,0.5,S5,72,3,1.1338504999999999,1.075979,1.332583,1.2101302916666667,1.5833228,0,1567.0,343.0,394.0,0.1894296111111111,16.0,32.0,256.0,0.3047181944444444,0.0,0,1.1338504999999999,0
share,harness,local,0.0,1.0,0,0.5,S5s,72,3,1.1299155,1.077408,1.332123,1.2152018888888887,1.5887655,0,1527.0,373.0,404.0,0.19401474999999999,16.0,30.5,232.0,0.3101541388888889,0.0,0,1.1299155,0
share,harness,nfs,0.0,0.5,0,0.25,S1,72,3,1.524789,1.418256,1.704016,1.7137641944444446,2.6239377,624,1115.0,69.0,1120.0,0.6564875555555555,32.0,32.0,0.0,8.898098791666667,0.0,0,1.524789,0
share,harness,nfs,0.0,0.5,0,0.25,S4,72,3,1.509157,1.37774,1.687018,1.6930832916666667,2.5375448,288,1114.0,114.0,1076.0,0.6120483333333334,24.0,32.0,384.0,3.4947733055555554,0.0,0,1.509157,0
share,harness,nfs,0.0,0.5,0,0.25,S4+,72,3,1.929011,1.435249,1.994542,1.8863283888888889,2.8407627,168,789.0,193.0,1322.0,0.757918861111111,24.0,32.0,384.0,2.6746527638888886,0.0,0,1.929011,0
share,harness,nfs,0.0,0.5,0,0.25,S4+P,72,3,1.5110755,1.362807,1.628154,1.6263767083333334,2.5337594,288,1203.0,99.0,1002.0,0.5518339166666667,24.0,32.0,384.0,2.91245075,0.0,0,1.5110755,0
share,harness,nfs,0.0,0.5,0,0.25,S5,72,3,1.9323000000000001,1.421181,1.995619,1.8835298749999998,2.8443255,168,789.0,193.0,1322.0,0.7574969722222222,24.0,32.0,384.0,2.732899430555556,0.0,0,1.9323000000000001,0
share,harness,nfs,0.0,0.5,0,0.25,S5s,72,3,1.9737559999999998,1.968561,2.284255,2.11171,2.841783,168,327.0,260.0,1717.0,0.9998462222222222,24.0,14.5,104.0,2.2222702500000002,0.0,0,1.9737559999999998,0
share,harness,nfs,0.0,0.5,0,0.5,S1,72,3,1.330711,1.098244,1.353235,1.4277672638888887,2.3936650999999998,624,1598.0,0.0,706.0,0.41118352777777784,32.0,32.0,0.0,12.763588097222222,0.0,0,1.330711,0
share,harness,nfs,0.0,0.5,0,0.5,S4,72,3,1.3307745,1.087812,1.348231,1.4194792916666665,2.2925228,0,1599.0,81.0,624.0,0.34673644444444446,17.0,32.0,272.0,2.4511090277777776,0.0,0,1.3307745,0
share,harness,nfs,0.0,0.5,0,0.5,S4+,72,3,1.3800235,1.330421,1.448088,1.4334544861111111,2.0050857,0,1569.0,84.0,651.0,0.35013279166666667,16.0,32.0,256.0,1.8766387361111114,0.0,0,1.3800235,0
share,harness,nfs,0.0,0.5,0,0.5,S4+P,72,3,1.332009,1.099333,1.420493,1.359105152777778,1.9783697999999998,0,1707.0,66.0,531.0,0.27817390277777776,16.0,32.0,256.0,1.9078379999999997,0.0,0,1.332009,0
share,harness,nfs,0.0,0.5,0,0.5,S5,72,3,1.3806384999999999,1.329744,1.437859,1.4321768194444444,2.005629,0,1569.0,84.0,651.0,0.3486323472222222,16.0,32.0,256.0,1.8818456666666665,0.0,0,1.3806384999999999,0
share,harness,nfs,0.0,0.5,0,0.5,S5s,72,3,1.969502,1.911291,2.09374,2.0594642222222226,2.7714008,12,384.0,277.0,1643.0,0.9537275416666667,17.5,14.5,0.0,1.794287472222222,0.0,0,1.969502,0
share,harness,nfs,0.0,1.0,0,0.25,R0,72,3,4.816439,4.567881,5.072399,4.696761041666667,8.3208398,0,1152.0,1152.0,0.0,3.263888888888889e-06,32.0,32.0,0.0,3.0232622361111106,0.0,0,4.816439,0
share,harness,nfs,0.0,1.0,0,0.25,S0,72,3,2.2755035,2.273365,2.292137,2.353494347222222,3.3296766,0,0.0,312.0,1992.0,1.2217686527777778,32.0,0.0,0.0,3.4985524722222223,0.0,0,2.2755035,0
share,harness,nfs,0.0,1.0,0,0.25,S1,144,6,1.554087,1.420495,1.677202,1.7047646388888889,2.5375853000000004,0,2229.0,300.0,2079.0,0.5930002569444445,32.0,32.0,0.0,7.968150319444444,0.0,0,1.554087,0
share,harness,nfs,0.0,1.0,0,0.25,S2b,144,6,1.9332004999999999,1.672337,1.977625,1.8867481736111111,2.8464809,0,1578.0,386.0,2644.0,0.7601835694444444,32.0,32.0,0.0,8.105801923611113,0.0,0,1.9332004999999999,0
share,harness,nfs,0.0,1.0,0,0.25,S3,72,3,2.274831,2.209712,2.286648,2.2771179999999998,3.1965787999999997,1704,0.0,347.0,1957.0,1.1886960972222222,14.5,0.0,0.0,0.8285123888888888,0.0,0,2.274831,0
share,harness,nfs,0.0,1.0,0,0.25,S4,144,6,1.4937745,1.421079,1.676034,1.7011126805555554,2.5389766000000002,0,2229.0,307.0,2072.0,0.5949654444444445,24.0,32.0,384.0,3.1728964583333332,0.0,0,1.4937745,0
share,harness,nfs,0.0,1.0,0,0.25,S4+,144,6,1.9340025,1.67514,1.978171,1.8938477152777777,2.8410057,0,1578.0,389.0,2641.0,0.763990513888889,24.0,32.0,384.0,2.4778978333333335,0.0,0,1.9340025,0
share,harness,nfs,0.0,1.0,0,0.25,S4+P,144,6,1.5407615,1.42088,1.675601,1.648248638888889,2.5387379,0,2408.0,272.0,1928.0,0.5424779652777778,24.0,32.0,384.0,2.586848222222222,0.0,0,1.5407615,0
share,harness,nfs,0.0,1.0,0,0.25,S5,144,6,1.93258,1.675023,1.978267,1.8896598263888886,2.8408956,0,1578.0,388.0,2642.0,0.7608322013888889,24.0,32.0,384.0,2.481176180555556,0.0,0,1.93258,0
share,harness,nfs,0.0,1.0,0,0.25,S5s,144,6,1.9908295,1.969688,2.275666,2.1242954722222223,2.8395449999999998,0,654.0,530.0,3424.0,0.9993308472222223,24.0,14.5,104.0,2.0727174444444447,0.0,0,1.9908295,0
share,harness,nfs,0.0,1.0,0,0.5,R0,72,3,1.3219880000000002,1.071536,1.331196,3.1465334583333333,8.0387709,0,1680.0,624.0,0.0,2.8333333333333335e-06,32.0,32.0,0.0,5.482997902777778,0.0,0,1.3219880000000002,0
share,harness,nfs,0.0,1.0,0,0.5,S0,72,3,2.2756145,2.2734,2.290957,2.352962333333333,3.3287161,0,0.0,312.0,1992.0,1.2143319027777777,32.0,0.0,0.0,3.5417421666666673,0.0,0,2.2756145,0
share,harness,nfs,0.0,1.0,0,0.5,S1,144,6,1.3310965,1.096783,1.340107,1.4194979791666666,2.2761291,0,3199.0,162.0,1247.0,0.34551097222222227,32.0,32.0,0.0,11.205511979166667,0.0,0,1.3310965,0
share,harness,nfs,0.0,1.0,0,0.5,S2b,144,6,1.3807575,1.331889,1.421695,1.4328141805555556,2.0154223,0,3135.0,168.0,1305.0,0.34238083333333336,32.0,32.0,0.0,11.784121888888889,0.0,0,1.3807575,0
share,harness,nfs,0.0,1.0,0,0.5,S3,72,3,2.2305485,2.195044,2.277867,2.2679216388888888,3.1954746,1704,0.0,345.0,1959.0,1.188433611111111,14.5,0.0,0.0,0.8269357083333334,0.0,0,2.2305485,0
share,harness,nfs,0.0,1.0,0,0.5,S4,144,6,1.33141,1.097797,1.338261,1.4156312361111112,2.2760483000000002,0,3197.0,169.0,1242.0,0.34391257638888884,17.0,32.0,272.0,2.2212494305555555,0.0,0,1.33141,0
share,harness,nfs,0.0,1.0,0,0.5,S4+,144,6,1.384487,1.335146,1.421408,1.4383510347222221,2.0093834,0,3135.0,171.0,1302.0,0.3453921111111111,16.0,32.0,256.0,1.6883332916666667,0.0,0,1.384487,0
share,harness,nfs,0.0,1.0,0,0.5,S4+P,144,6,1.3321215,1.102984,1.417851,1.3569681458333334,1.9790142,0,3417.0,132.0,1059.0,0.2752406388888889,16.0,32.0,256.0,1.7714832569444443,0.0,0,1.3321215,0
share,harness,nfs,0.0,1.0,0,0.5,S5,144,6,1.380947,1.332536,1.421106,1.4399277638888888,2.1673775000000033,0,3135.0,172.0,1301.0,0.343440875,16.0,32.0,256.0,1.726297833333333,0.0,0,1.380947,0
share,harness,nfs,0.0,1.0,0,0.5,S5s,144,6,1.979382,1.966745,2.090262,2.0643269305555556,2.7720564,0,768.0,561.0,3279.0,0.9434610138888888,17.5,14.5,0.0,1.6535371458333334,0.0,0,1.979382,0
share,harness,nfs,0.0,1.0,0,1.0,R0,72,3,1.0711140000000001,1.068056,1.086844,1.0760850138888889,1.3264079,0,2304.0,0.0,0.0,2.013888888888889e-06,32.0,32.0,0.0,11.02971026388889,0.0,0,1.0711140000000001,0
share,harness,nfs,0.0,1.0,0,1.0,S0,72,3,2.275543,2.273484,2.290802,2.353472486111111,3.3293884,0,0.0,312.0,1992.0,1.2233168749999999,32.0,0.0,0.0,3.502297180555556,0.0,0,2.275543,0
share,harness,nfs,0.0,1.0,0,1.0,S1,72,3,1.094772,1.071801,1.101803,1.0831231666666667,1.337586,0,2169.0,0.0,135.0,0.06886786111111112,32.0,32.0,0.0,10.997982194444445,0.0,0,1.094772,0
share,harness,nfs,0.0,1.0,0,1.0,S2b,72,3,1.083491,1.071846,1.102386,1.0832732500000002,1.3363441,0,2165.0,0.0,139.0,0.06916877777777779,32.0,32.0,0.0,10.901921875,0.0,0,1.083491,0
share,harness,nfs,0.0,1.0,0,1.0,S3,72,3,2.2538175,2.206684,2.276075,2.266375236111111,3.1943778999999997,1704,0.0,343.0,1961.0,1.1929760694444442,14.5,0.0,0.0,0.828964236111111,0.0,0,2.2538175,0
share,harness,nfs,0.0,1.0,0,1.0,S4,72,3,1.087126,1.072582,1.102417,1.085362222222222,1.3398031,0,2162.0,0.0,142.0,0.07001659722222223,0.0,32.0,0.0,0.0,0.0,0,1.087126,0
share,harness,nfs,0.0,1.0,0,1.0,S4+,72,3,1.0847155000000002,1.072396,1.093519,1.0819727083333335,1.3374713999999999,0,2166.0,0.0,138.0,0.06616456944444443,0.0,32.0,0.0,0.0,0.0,0,1.0847155000000002,0
share,harness,nfs,0.0,1.0,0,1.0,S4+P,72,3,1.0913819999999999,1.073207,1.102287,1.0826628194444445,1.3326332,0,2168.0,0.0,136.0,0.06687461111111112,0.0,32.0,0.0,0.0,0.0,0,1.0913819999999999,0
share,harness,nfs,0.0,1.0,0,1.0,S5,72,3,1.0880025,1.07164,1.113511,1.0815867638888887,1.3312362,0,2169.0,0.0,135.0,0.06649006944444444,0.0,32.0,0.0,0.0,0.0,0,1.0880025,0
share,harness,nfs,0.0,1.0,0,1.0,S5s,72,3,1.989758,1.922182,2.160028,2.071191986111111,2.7700604999999996,0,384.0,283.0,1637.0,0.9477673333333334,17.5,14.5,0.0,1.5242507083333332,0.0,0,1.989758,0
share,harness,nfs,0.0,1.0,1,0.25,S1,36,3,1.0712765,0.834163,1.101703,1.0408217222222222,1.3321795,0,995.0,0.0,61.0,0.06178516666666668,20.0,20.0,0.0,10.12628761111111,0.0,0,1.0712765,0
share,harness,nfs,0.0,1.0,1,0.25,S4,36,3,1.0725500000000001,0.829082,1.101717,1.04001875,1.334115,0,995.0,0.0,61.0,0.06163302777777778,12.0,20.0,192.0,5.335229916666667,0.0,0,1.0725500000000001,0
share,harness,nfs,0.0,1.0,1,0.25,S4+,36,3,1.379505,1.116005,1.631922,1.3905864166666666,1.9824125000000001,0,690.0,42.0,324.0,0.34029061111111114,12.0,20.0,192.0,3.2759929999999997,0.0,0,1.379505,0
share,harness,nfs,0.0,1.0,1,0.25,S4+P,36,3,1.1199504999999998,1.073574,1.331585,1.1414175,1.38266,0,930.0,12.0,114.0,0.11504297222222222,12.0,20.0,192.0,3.758065222222222,0.0,0,1.1199504999999998,0
share,harness,nfs,0.0,1.0,1,0.25,S5,36,3,1.4209779999999999,1.092543,1.631832,1.4072823333333333,1.9880365,0,690.0,44.0,322.0,0.3307129166666667,12.0,20.0,192.0,3.208725583333334,0.0,0,1.4209779999999999,0
share,harness,nfs,0.0,1.0,1,0.25,S5s,36,3,1.9563745,1.439727,2.092724,1.9736917500000004,2.834872,0,171.0,123.0,762.0,0.861507,12.75,7.25,0.0,1.9088111388888893,0.0,0,1.9563745,0
share,harness,nfs,0.0,1.0,1,0.5,S1,36,3,1.0733575,0.834746,1.094782,1.0393255833333332,1.3324125,0,993.0,0.0,63.0,0.059913527777777774,20.0,20.0,0.0,10.145713055555555,0.0,0,1.0733575,0
share,harness,nfs,0.0,1.0,1,0.5,S4,36,3,1.0731605,0.833998,1.094263,1.0389729722222223,1.3321040000000002,0,995.0,0.0,61.0,0.05937305555555556,6.0,20.0,96.0,0.948414388888889,0.0,0,1.0731605,0
share,harness,nfs,0.0,1.0,1,0.5,S4+,36,3,1.082024,0.834022,1.329494,1.0901869999999998,1.3856035,0,976.0,6.0,74.0,0.07005180555555555,4.0,20.0,64.0,0.5068406944444445,0.0,0,1.082024,0
share,harness,nfs,0.0,1.0,1,0.5,S4+P,36,3,1.0733075,0.834125,1.10233,1.0431033055555554,1.334143,0,993.0,0.0,63.0,0.06303866666666667,4.0,20.0,64.0,0.5292415,0.0,0,1.0733075,0
share,harness,nfs,0.0,1.0,1,0.5,S5,36,3,1.084091,0.833105,1.330363,1.0934215833333336,1.384538,0,976.0,6.0,74.0,0.07197258333333334,4.0,20.0,64.0,0.50569975,0.0,0,1.084091,0
share,harness,nfs,0.0,1.0,1,0.5,S5s,36,3,1.9102005,1.439762,1.969919,1.9470150833333335,2.8360455,0,171.0,118.0,767.0,0.8831935833333333,12.75,7.25,0.0,1.8521585,0.0,0,1.9102005,0
share,harness,nfs,0.0,1.0,2,0.25,S1,51,3,1.436393,1.329413,2.274208,1.6924371960784312,2.533859,0,594.0,111.0,783.0,0.6484887843137255,25.0,25.0,0.0,9.473431901960783,0.0,0,1.436393,0
share,harness,nfs,0.0,1.0,2,0.25,S4,51,3,1.436599,1.331843,2.27526,1.6913519019607843,2.534887,0,596.0,111.0,781.0,0.6402921960784314,17.0,25.0,272.0,3.258801392156863,0.0,0,1.436599,0
share,harness,nfs,0.0,1.0,2,0.25,S4+,51,3,1.435797,1.372993,1.692469,1.5839244901960783,2.533682,0,723.0,93.0,672.0,0.5200841568627451,17.0,25.0,272.0,2.9299111372549023,0.0,0,1.435797,0
share,harness,nfs,0.0,1.0,2,0.25,S4+P,51,3,1.436769,1.420438,1.980536,1.6910033137254898,2.535609,0,595.0,111.0,782.0,0.6247934117647059,17.0,25.0,272.0,2.400910725490196,0.0,0,1.436769,0
share,harness,nfs,0.0,1.0,2,0.25,S5,51,3,1.435991,1.373368,1.692216,1.592248705882353,2.532486,0,723.0,94.0,671.0,0.5178554705882353,17.0,25.0,272.0,2.8941570784313733,0.0,0,1.435991,0
share,harness,nfs,0.0,1.0,2,0.25,S5s,51,3,1.96995,1.440025,2.009775,1.966886137254902,2.770727,0,231.0,170.0,1087.0,0.8743486666666667,17.0,9.8125,29.0,2.272123882352941,0.0,0,1.96995,0
share,harness,nfs,0.0,1.0,2,0.5,S1,51,3,1.105469,1.073573,1.337673,1.3198663529411763,2.275335,0,1044.0,48.0,396.0,0.31188962745098037,25.0,25.0,0.0,12.043350392156865,0.0,0,1.105469,0
share,harness,nfs,0.0,1.0,2,0.5,S4,51,3,1.103665,1.072388,1.336994,1.3207311372549022,2.275974,0,1042.0,48.0,398.0,0.3111247450980392,9.0,25.0,144.0,1.8046560392156863,0.0,0,1.103665,0
share,harness,nfs,0.0,1.0,2,0.5,S4+,51,3,1.129483,1.085868,1.355948,1.1973141372549019,1.630549,0,1229.0,27.0,232.0,0.16447027450980395,9.0,25.0,144.0,1.4589498627450983,0.0,0,1.129483,0
share,harness,nfs,0.0,1.0,2,0.5,S4+P,51,3,1.09903,1.072761,1.359924,1.3018290588235295,2.235179,0,1075.0,45.0,368.0,0.2769845294117647,9.0,25.0,144.0,1.0870462156862744,0.0,0,1.09903,0
share,harness,nfs,0.0,1.0,2,0.5,S5,51,3,1.129354,1.083534,1.344614,1.2040835490196078,1.63416,0,1229.0,28.0,231.0,0.1635320980392157,9.0,25.0,144.0,1.4279220000000004,0.0,0,1.129354,0
share,harness,nfs,0.0,1.0,2,0.5,S5s,51,3,1.970539,1.440363,1.99846,1.964703529411765,2.770959,0,240.0,174.0,1074.0,0.8662827450980392,15.1875,9.8125,0.0,2.1252672352941175,0.0,0,1.970539,0
share,harness,nfs,2.0,1.0,0,0.25,S1,72,3,1.4869119999999998,1.352343,1.620526,1.6290517222222225,2.4216302,0,1119.0,222.0,963.0,0.5425306111111111,32.0,32.0,0.0,0.0,0.0,0,1.4869119999999998,0
share,harness,nfs,2.0,1.0,0,0.25,S4,72,3,1.5118800000000001,1.354032,1.687563,1.6600196388888893,2.4084931999999997,0,1116.0,195.0,993.0,0.5611827916666666,24.0,32.0,384.0,0.7077341388888889,0.0,0,1.5118800000000001,0
share,harness,nfs,2.0,1.0,0,0.25,S4+,72,3,1.7816489999999998,1.423341,1.983222,1.7875870277777777,2.7621238,0,789.0,285.0,1230.0,0.6958065416666668,24.0,32.0,384.0,0.0,0.0,0,1.7816489999999998,0
share,harness,nfs,2.0,1.0,0,0.25,S4+P,72,3,1.4872885,1.353198,1.620014,1.5804128472222223,2.3984119,0,1204.0,203.0,897.0,0.4954706527777778,24.0,32.0,384.0,0.0,0.0,0,1.4872885,0
share,harness,nfs,2.0,1.0,0,0.25,S5,72,3,1.8278875,1.423247,1.965474,1.7904042361111112,2.765993,0,790.0,287.0,1227.0,0.6916695555555555,24.0,32.0,384.0,0.0,0.0,0,1.8278875,0
share,harness,nfs,2.0,1.0,0,0.25,S5s,72,3,1.9648445,1.962705,2.144383,1.9773043055555553,2.6225497,0,335.0,357.0,1612.0,0.9184204722222221,24.0,14.5,104.0,0.0,0.0,0,1.9648445,0
share,harness,nfs,2.0,1.0,0,0.5,S1,72,3,1.3261,1.077438,1.356808,1.3762795555555556,2.1421356,0,1606.0,120.0,578.0,0.3168638472222222,32.0,32.0,0.0,0.0,0.0,0,1.3261,0
share,harness,nfs,2.0,1.0,0,0.5,S4,72,3,1.3271815,1.083105,1.348736,1.3869514305555555,2.1422578,0,1599.0,108.0,597.0,0.3241627361111111,17.0,32.0,272.0,0.6061928472222221,0.0,0,1.3271815,0
share,harness,nfs,2.0,1.0,0,0.5,S4+,72,3,1.329289,1.242123,1.369401,1.3835569444444444,1.9611462,0,1567.0,124.0,613.0,0.31711762500000007,16.0,32.0,256.0,0.0,0.0,0,1.329289,0
share,harness,nfs,2.0,1.0,0,0.5,S4+P,72,3,1.3291595,1.084952,1.364029,1.315256013888889,1.8590115,0,1715.0,96.0,493.0,0.25171844444444447,16.0,32.0,256.0,0.0,0.0,0,1.3291595,0
share,harness,nfs,2.0,1.0,0,0.5,S5,72,3,1.331807,1.241847,1.369435,1.3745960694444446,1.9604989,0,1567.0,120.0,617.0,0.31607075,16.0,32.0,256.0,0.0,0.0,0,1.331807,0
share,harness,nfs,2.0,1.0,0,0.5,S5s,72,3,1.9640495,1.962288,1.981296,1.9457033333333333,2.6172286000000002,0,392.0,345.0,1567.0,0.8848157222222222,17.5,14.5,0.0,0.0,0.0,0,1.9640495,0
share,vllm_3.69,nfs,0.0,1.0,0,0.25,S1,72,3,1.6375354999999998,1.437304,1.818997,1.79744975,2.5029274999999997,0,937.0,121.0,1246.0,0.7097537083333333,32.0,32.0,0.0,7.726906458333334,0.0,0,1.6375354999999998,0
share,vllm_3.69,nfs,0.0,1.0,0,0.25,S4,72,3,1.636892,1.425599,1.818561,1.7817919444444443,2.5009122,0,939.0,119.0,1246.0,0.7099400277777778,24.0,32.0,384.0,3.2677259722222223,0.0,0,1.636892,0
share,vllm_3.69,nfs,0.0,1.0,0,0.25,S4+,72,3,1.8227915000000001,1.437005,2.093668,1.9178409722222223,2.9739367,0,720.0,161.0,1423.0,0.8188719583333334,24.0,32.0,384.0,2.6982270833333337,0.0,0,1.8227915000000001,0
share,vllm_3.69,nfs,0.0,1.0,0,0.25,S4+P,72,3,1.6365954999999999,1.429671,1.819085,1.7419198194444445,2.4978404,0,1014.0,104.0,1186.0,0.6569615972222222,24.0,32.0,384.0,2.505216888888889,0.0,0,1.6365954999999999,0
share,vllm_3.69,nfs,0.0,1.0,0,0.25,S5,72,3,1.8352330000000001,1.436464,2.155694,1.923707736111111,2.9754552,0,718.0,163.0,1423.0,0.8165492083333332,24.0,29.0,336.0,1.6251979305555555,0.0,0,1.8352330000000001,0
share,vllm_3.69,nfs,0.0,1.0,0,0.25,S5s,72,3,2.0668575000000002,2.049075,2.274994,2.1690476527777776,2.9928076,0,327.0,260.0,1717.0,1.0006485555555555,24.0,14.5,104.0,2.135962861111111,0.0,0,2.0668575000000002,0
share,vllm_3.69,nfs,0.0,1.0,0,0.5,S1,72,3,1.4433695,1.423438,1.654959,1.6127899861111112,2.2758152,0,1211.0,62.0,1031.0,0.5565455,32.0,32.0,0.0,10.384788833333333,0.0,0,1.4433695,0
share,vllm_3.69,nfs,0.0,1.0,0,0.5,S4,72,3,1.4367355,1.421984,1.668652,1.6151834861111112,2.2755117,0,1217.0,63.0,1024.0,0.5525829444444444,17.0,32.0,272.0,2.078672152777778,0.0,0,1.4367355,0
share,vllm_3.69,nfs,0.0,1.0,0,0.5,S4+,72,3,1.4380890000000002,1.420731,1.819088,1.5970201805555557,2.1399146,0,1271.0,56.0,977.0,0.5152399305555556,16.0,32.0,256.0,1.590285361111111,0.0,0,1.4380890000000002,0
share,vllm_3.69,nfs,0.0,1.0,0,0.5,S4+P,72,3,1.4429835,1.426248,1.669299,1.5364905972222223,2.0450633000000003,0,1345.0,37.0,922.0,0.47583341666666673,16.0,32.0,256.0,1.385807375,0.0,0,1.4429835,0
share,vllm_3.69,nfs,0.0,1.0,0,0.5,S5,72,3,1.4356874999999998,1.422338,1.818759,1.6080839305555554,2.1362077999999998,0,1266.0,59.0,979.0,0.5110613055555555,16.0,29.0,208.0,0.9886481944444445,0.0,0,1.4356874999999998,0
share,vllm_3.69,nfs,0.0,1.0,0,0.5,S5s,72,3,2.0578260000000004,1.993611,2.085731,2.100670916666667,2.8075565,0,384.0,270.0,1650.0,0.9529510416666667,17.5,14.5,0.0,1.6849507361111111,0.0,0,2.0578260000000004,0
