run_id,ts,sim_version,trace,model_profile,device,segment,first_request,requests,accesses,gpu_blocks,cpu_gib,ssd_gib,lookup,prefetch,drop_cost_rule,ordering,tie_width,tier_order,workload,decode,window_accesses,features_run,train_run,policy,total_ms,prefill_ms,decode_ms,gpu_hits,cpu_hits,ssd_hits,recompute,cpu_writes,ssd_writes,ssd_write_mibps,write_feasible,device_write_mibps,best_baseline,vs_best_baseline_pct,oracle_headroom_pct,headroom_captured_pct
20260905-190203-m5p-policy-toolagent-qwen-awq,2026-09-05T19:02:03.807529+08:00,fbea1a98,lc128kz,qwen-awq,nvme,full,0,120,1002600,17117,24.0,512.0,prefix,1,tail,predicted,0.0,predicted,longctx-zipf,0,102702,20260905-143044-m5p-feat-lc128kz-qwen-awq,20260905-143310-m5p-train-lc128kz-qwen-awq,full_gpu,9733835.75,9733835.75,0.0,376832,0,0,625768,0,0,,,2512.0,tier_fs,-155.763,34.666,-449.32
20260905-190203-m5p-policy-toolagent-qwen-awq,2026-09-05T19:02:03.807631+08:00,fbea1a98,lc128kz,qwen-awq,nvme,full,0,120,1002600,17117,24.0,512.0,prefix,1,tail,predicted,0.0,predicted,longctx-zipf,0,102702,20260905-143044-m5p-feat-lc128kz-qwen-awq,20260905-143310-m5p-train-lc128kz-qwen-awq,cpu_lru,5007128.98,5007128.98,0.0,376832,311296,0,314472,608651,0,,,2512.0,tier_fs,-31.566,34.666,-91.06
20260905-190203-m5p-policy-toolagent-qwen-awq,2026-09-05T19:02:03.807659+08:00,fbea1a98,lc128kz,qwen-awq,nvme,full,0,120,1002600,17117,24.0,512.0,prefix,1,tail,predicted,0.0,predicted,longctx-zipf,0,102702,20260905-143044-m5p-feat-lc128kz-qwen-awq,20260905-143310-m5p-train-lc128kz-qwen-awq,cpu_arc,5129593.99,5129593.99,0.0,310115,370310,0,322175,675368,0,,,2512.0,tier_fs,-34.783,34.666,-100.34
20260905-190203-m5p-policy-toolagent-qwen-awq,2026-09-05T19:02:03.807684+08:00,fbea1a98,lc128kz,qwen-awq,nvme,full,0,120,1002600,17117,24.0,512.0,prefix,1,tail,predicted,0.0,predicted,longctx-zipf,0,102702,20260905-143044-m5p-feat-lc128kz-qwen-awq,20260905-143310-m5p-train-lc128kz-qwen-awq,tier_fs,3805803.22,3805803.22,0.0,376832,311296,204800,109672,608651,269269,,,2512.0,tier_fs,0.0,34.666,0.0
20260905-190203-m5p-policy-toolagent-qwen-awq,2026-09-05T19:02:03.807708+08:00,fbea1a98,lc128kz,qwen-awq,nvme,full,0,120,1002600,17117,24.0,512.0,prefix,1,tail,predicted,0.0,predicted,longctx-zipf,0,102702,20260905-143044-m5p-feat-lc128kz-qwen-awq,20260905-143310-m5p-train-lc128kz-qwen-awq,tiara_sym_l2,4419844.62,4419844.62,0.0,205464,405331,282133,109672,437124,346602,,,2512.0,tier_fs,-16.134,34.666,-46.54
20260905-190203-m5p-policy-toolagent-qwen-awq,2026-09-05T19:02:03.807729+08:00,fbea1a98,lc128kz,qwen-awq,nvme,full,0,120,1002600,17117,24.0,512.0,prefix,1,tail,predicted,0.0,predicted,longctx-zipf,0,102702,20260905-143044-m5p-feat-lc128kz-qwen-awq,20260905-143310-m5p-train-lc128kz-qwen-awq,oracle,2486479.42,2486479.42,0.0,574777,257152,60999,109672,289626,60999,,,2512.0,tier_fs,34.666,34.666,
20260905-190214-m5p-policy-toolagent-qwen-awq,2026-09-05T19:02:14.429163+08:00,fbea1a98,lc128kz,qwen-awq,nvme,test,76,44,367620,17117,24.0,512.0,prefix,1,tail,predicted,0.0,predicted,longctx-zipf,0,102702,20260905-143044-m5p-feat-lc128kz-qwen-awq,20260905-143310-m5p-train-lc128kz-qwen-awq,full_gpu,3925649.23,3925649.23,0.0,114688,0,0,252932,0,0,,,2512.0,tier_fs,-104.995,18.813,-558.11
20260905-190214-m5p-policy-toolagent-qwen-awq,2026-09-05T19:02:14.429240+08:00,fbea1a98,lc128kz,qwen-awq,nvme,test,76,44,367620,17117,24.0,512.0,prefix,1,tail,predicted,0.0,predicted,longctx-zipf,0,102702,20260905-143044-m5p-feat-lc128kz-qwen-awq,20260905-143310-m5p-train-lc128kz-qwen-awq,cpu_lru,2433004.99,2433004.99,0.0,114688,98304,0,154628,235815,0,,,2512.0,tier_fs,-27.05,18.813,-143.79
20260905-190214-m5p-policy-toolagent-qwen-awq,2026-09-05T19:02:14.429263+08:00,fbea1a98,lc128kz,qwen-awq,nvme,test,76,44,367620,17117,24.0,512.0,prefix,1,tail,predicted,0.0,predicted,longctx-zipf,0,102702,20260905-143044-m5p-feat-lc128kz-qwen-awq,20260905-143310-m5p-train-lc128kz-qwen-awq,cpu_arc,2557392.01,2557392.01,0.0,106903,97897,0,162820,239260,0,,,2512.0,tier_fs,-33.546,18.813,-178.31
20260905-190214-m5p-policy-toolagent-qwen-awq,2026-09-05T19:02:14.429283+08:00,fbea1a98,lc128kz,qwen-awq,nvme,test,76,44,367620,17117,24.0,512.0,prefix,1,tail,predicted,0.0,predicted,longctx-zipf,0,102702,20260905-143044-m5p-feat-lc128kz-qwen-awq,20260905-143310-m5p-train-lc128kz-qwen-awq,tier_fs,1914996.27,1914996.27,0.0,114688,98304,65536,89092,235815,109425,,,2512.0,tier_fs,0.0,18.813,0.0
20260905-190214-m5p-policy-toolagent-qwen-awq,2026-09-05T19:02:14.429300+08:00,fbea1a98,lc128kz,qwen-awq,nvme,test,76,44,367620,17117,24.0,512.0,prefix,1,tail,predicted,0.0,predicted,longctx-zipf,0,102702,20260905-143044-m5p-feat-lc128kz-qwen-awq,20260905-143310-m5p-train-lc128kz-qwen-awq,tiara_sym_l2,1620127.53,1620127.53,0.0,146406,106187,25935,89092,134784,69824,,,2512.0,tier_fs,15.398,18.813,81.85
20260905-190214-m5p-policy-toolagent-qwen-awq,2026-09-05T19:02:14.429319+08:00,fbea1a98,lc128kz,qwen-awq,nvme,test,76,44,367620,17117,24.0,512.0,prefix,1,tail,predicted,0.0,predicted,longctx-zipf,0,102702,20260905-143044-m5p-feat-lc128kz-qwen-awq,20260905-143310-m5p-train-lc128kz-qwen-awq,tiara_cost_l2,1620834.42,1620834.42,0.0,146337,106187,26004,89092,134794,69893,,,2512.0,tier_fs,15.361,18.813,81.65
20260905-190214-m5p-policy-toolagent-qwen-awq,2026-09-05T19:02:14.429336+08:00,fbea1a98,lc128kz,qwen-awq,nvme,test,76,44,367620,17117,24.0,512.0,prefix,1,tail,predicted,0.0,predicted,longctx-zipf,0,102702,20260905-143044-m5p-feat-lc128kz-qwen-awq,20260905-143310-m5p-train-lc128kz-qwen-awq,diag_true_ordering,1554736.24,1554736.24,0.0,175697,90690,12141,89092,144249,56030,,,2512.0,tier_fs,18.813,18.813,100.0
20260905-190214-m5p-policy-toolagent-qwen-awq,2026-09-05T19:02:14.429354+08:00,fbea1a98,lc128kz,qwen-awq,nvme,test,76,44,367620,17117,24.0,512.0,prefix,1,tail,predicted,0.0,predicted,longctx-zipf,0,102702,20260905-143044-m5p-feat-lc128kz-qwen-awq,20260905-143310-m5p-train-lc128kz-qwen-awq,diag_true_both,2059843.93,2059843.93,0.0,175697,61871,0,130052,61871,0,,,2512.0,tier_fs,-7.564,18.813,-40.21
20260905-190214-m5p-policy-toolagent-qwen-awq,2026-09-05T19:02:14.429370+08:00,fbea1a98,lc128kz,qwen-awq,nvme,test,76,44,367620,17117,24.0,512.0,prefix,1,tail,predicted,0.0,predicted,longctx-zipf,0,102702,20260905-143044-m5p-feat-lc128kz-qwen-awq,20260905-143310-m5p-train-lc128kz-qwen-awq,oracle,1554736.24,1554736.24,0.0,175697,90690,12141,89092,98882,12141,,,2512.0,tier_fs,18.813,18.813,
20260905-190221-m5p-policy-toolagent-qwen-awq,2026-09-05T19:02:21.833420+08:00,fbea1a98,lc128kz,qwen-awq,nvme,test,76,44,367620,17117,24.0,512.0,prefix,1,block,predicted,0.0,predicted,longctx-zipf,0,102702,20260905-143044-m5p-feat-lc128kz-qwen-awq,20260905-143310-m5p-train-lc128kz-qwen-awq,full_gpu,3925649.23,3925649.23,0.0,114688,0,0,252932,0,0,,,2512.0,tier_fs,-104.995,18.813,-558.11
20260905-190221-m5p-policy-toolagent-qwen-awq,2026-09-05T19:02:21.833500+08:00,fbea1a98,lc128kz,qwen-awq,nvme,test,76,44,367620,17117,24.0,512.0,prefix,1,block,predicted,0.0,predicted,longctx-zipf,0,102702,20260905-143044-m5p-feat-lc128kz-qwen-awq,20260905-143310-m5p-train-lc128kz-qwen-awq,cpu_lru,2433004.99,2433004.99,0.0,114688,98304,0,154628,235815,0,,,2512.0,tier_fs,-27.05,18.813,-143.79
20260905-190221-m5p-policy-toolagent-qwen-awq,2026-09-05T19:02:21.833524+08:00,fbea1a98,lc128kz,qwen-awq,nvme,test,76,44,367620,17117,24.0,512.0,prefix,1,block,predicted,0.0,predicted,longctx-zipf,0,102702,20260905-143044-m5p-feat-lc128kz-qwen-awq,20260905-143310-m5p-train-lc128kz-qwen-awq,cpu_arc,2557392.01,2557392.01,0.0,106903,97897,0,162820,239260,0,,,2512.0,tier_fs,-33.546,18.813,-178.31
20260905-190221-m5p-policy-toolagent-qwen-awq,2026-09-05T19:02:21.833542+08:00,fbea1a98,lc128kz,qwen-awq,nvme,test,76,44,367620,17117,24.0,512.0,prefix,1,block,predicted,0.0,predicted,longctx-zipf,0,102702,20260905-143044-m5p-feat-lc128kz-qwen-awq,20260905-143310-m5p-train-lc128kz-qwen-awq,tier_fs,1914996.27,1914996.27,0.0,114688,98304,65536,89092,235815,109425,,,2512.0,tier_fs,0.0,18.813,0.0
20260905-190221-m5p-policy-toolagent-qwen-awq,2026-09-05T19:02:21.833559+08:00,fbea1a98,lc128kz,qwen-awq,nvme,test,76,44,367620,17117,24.0,512.0,prefix,1,block,predicted,0.0,predicted,longctx-zipf,0,102702,20260905-143044-m5p-feat-lc128kz-qwen-awq,20260905-143310-m5p-train-lc128kz-qwen-awq,tiara_sym_l2_blockcost,1817971.21,1817971.21,0.0,146406,106187,4438,110589,134784,55019,,,2512.0,tier_fs,5.067,18.813,26.93
20260905-190221-m5p-policy-toolagent-qwen-awq,2026-09-05T19:02:21.833574+08:00,fbea1a98,lc128kz,qwen-awq,nvme,test,76,44,367620,17117,24.0,512.0,prefix,1,block,predicted,0.0,predicted,longctx-zipf,0,102702,20260905-143044-m5p-feat-lc128kz-qwen-awq,20260905-143310-m5p-train-lc128kz-qwen-awq,oracle,1554736.24,1554736.24,0.0,175697,90690,12141,89092,98882,12141,,,2512.0,tier_fs,18.813,18.813,
20260905-190230-m5p-policy-toolagent-qwen-awq,2026-09-05T19:02:30.252540+08:00,fbea1a98,lc128kz,qwen-awq,nvme,test,76,44,367620,17117,24.0,512.0,prefix,1,tail,predicted,0.0,predicted,longctx-zipf,0,102702,20260905-143045-m5p-feat-lc128kz-qwen-awq,20260905-143633-m5p-train-lc128kz-qwen-awq,full_gpu,3925649.23,3925649.23,0.0,114688,0,0,252932,0,0,,,2512.0,tier_fs,-104.995,18.813,-558.11
20260905-190230-m5p-policy-toolagent-qwen-awq,2026-09-05T19:02:30.252621+08:00,fbea1a98,lc128kz,qwen-awq,nvme,test,76,44,367620,17117,24.0,512.0,prefix,1,tail,predicted,0.0,predicted,longctx-zipf,0,102702,20260905-143045-m5p-feat-lc128kz-qwen-awq,20260905-143633-m5p-train-lc128kz-qwen-awq,cpu_lru,2433004.99,2433004.99,0.0,114688,98304,0,154628,235815,0,,,2512.0,tier_fs,-27.05,18.813,-143.79
20260905-190230-m5p-policy-toolagent-qwen-awq,2026-09-05T19:02:30.252647+08:00,fbea1a98,lc128kz,qwen-awq,nvme,test,76,44,367620,17117,24.0,512.0,prefix,1,tail,predicted,0.0,predicted,longctx-zipf,0,102702,20260905-143045-m5p-feat-lc128kz-qwen-awq,20260905-143633-m5p-train-lc128kz-qwen-awq,cpu_arc,2557392.01,2557392.01,0.0,106903,97897,0,162820,239260,0,,,2512.0,tier_fs,-33.546,18.813,-178.31
20260905-190230-m5p-policy-toolagent-qwen-awq,2026-09-05T19:02:30.252665+08:00,fbea1a98,lc128kz,qwen-awq,nvme,test,76,44,367620,17117,24.0,512.0,prefix,1,tail,predicted,0.0,predicted,longctx-zipf,0,102702,20260905-143045-m5p-feat-lc128kz-qwen-awq,20260905-143633-m5p-train-lc128kz-qwen-awq,tier_fs,1914996.27,1914996.27,0.0,114688,98304,65536,89092,235815,109425,,,2512.0,tier_fs,0.0,18.813,0.0
20260905-190230-m5p-policy-toolagent-qwen-awq,2026-09-05T19:02:30.252683+08:00,fbea1a98,lc128kz,qwen-awq,nvme,test,76,44,367620,17117,24.0,512.0,prefix,1,tail,predicted,0.0,predicted,longctx-zipf,0,102702,20260905-143045-m5p-feat-lc128kz-qwen-awq,20260905-143633-m5p-train-lc128kz-qwen-awq,tiara_sym_l2,1941105.9,1941105.9,0.0,146118,92383,21614,107505,116713,40279,,,2512.0,tier_fs,-1.363,18.813,-7.25
20260905-190230-m5p-policy-toolagent-qwen-awq,2026-09-05T19:02:30.252701+08:00,fbea1a98,lc128kz,qwen-awq,nvme,test,76,44,367620,17117,24.0,512.0,prefix,1,tail,predicted,0.0,predicted,longctx-zipf,0,102702,20260905-143045-m5p-feat-lc128kz-qwen-awq,20260905-143633-m5p-train-lc128kz-qwen-awq,tiara_cost_l2,1744541.66,1744541.66,0.0,145965,104780,22985,93890,135209,53725,,,2512.0,tier_fs,8.901,18.813,47.31
20260905-190230-m5p-policy-toolagent-qwen-awq,2026-09-05T19:02:30.252717+08:00,fbea1a98,lc128kz,qwen-awq,nvme,test,76,44,367620,17117,24.0,512.0,prefix,1,tail,predicted,0.0,predicted,longctx-zipf,0,102702,20260905-143045-m5p-feat-lc128kz-qwen-awq,20260905-143633-m5p-train-lc128kz-qwen-awq,oracle,1554736.24,1554736.24,0.0,175697,90690,12141,89092,98882,12141,,,2512.0,tier_fs,18.813,18.813,
20260905-190236-m5p-policy-toolagent-qwen-awq,2026-09-05T19:02:36.842033+08:00,fbea1a98,lc128kz,qwen-awq,nvme,test,83,37,309135,17117,24.0,512.0,prefix,1,tail,predicted,0.0,predicted,longctx-zipf,0,17117,20260905-143031-m5p-feat-lc128kz-qwen-awq,20260905-143314-m5p-train-lc128kz-qwen-awq,full_gpu,3397231.37,3397231.37,0.0,90112,0,0,219023,0,0,,,2512.0,tier_fs,-96.93,16.274,-595.61
20260905-190236-m5p-policy-toolagent-qwen-awq,2026-09-05T19:02:36.842097+08:00,fbea1a98,lc128kz,qwen-awq,nvme,test,83,37,309135,17117,24.0,512.0,prefix,1,tail,predicted,0.0,predicted,longctx-zipf,0,17117,20260905-143031-m5p-feat-lc128kz-qwen-awq,20260905-143314-m5p-train-lc128kz-qwen-awq,cpu_lru,2028974.15,2028974.15,0.0,90112,90112,0,128911,201906,0,,,2512.0,tier_fs,-17.615,16.274,-108.24
20260905-190236-m5p-policy-toolagent-qwen-awq,2026-09-05T19:02:36.842121+08:00,fbea1a98,lc128kz,qwen-awq,nvme,test,83,37,309135,17117,24.0,512.0,prefix,1,tail,predicted,0.0,predicted,longctx-zipf,0,17117,20260905-143031-m5p-feat-lc128kz-qwen-awq,20260905-143314-m5p-train-lc128kz-qwen-awq,cpu_arc,2153361.17,2153361.17,0.0,84119,87913,0,137103,207899,0,,,2512.0,tier_fs,-24.825,16.274,-152.55
20260905-190236-m5p-policy-toolagent-qwen-awq,2026-09-05T19:02:36.842138+08:00,fbea1a98,lc128kz,qwen-awq,nvme,test,83,37,309135,17117,24.0,512.0,prefix,1,tail,predicted,0.0,predicted,longctx-zipf,0,17117,20260905-143031-m5p-feat-lc128kz-qwen-awq,20260905-143314-m5p-train-lc128kz-qwen-awq,tier_fs,1725097.34,1725097.34,0.0,90112,90112,40960,87951,201906,83708,,,2512.0,tier_fs,0.0,16.274,0.0
20260905-190236-m5p-policy-toolagent-qwen-awq,2026-09-05T19:02:36.842152+08:00,fbea1a98,lc128kz,qwen-awq,nvme,test,83,37,309135,17117,24.0,512.0,prefix,1,tail,predicted,0.0,predicted,longctx-zipf,0,17117,20260905-143031-m5p-feat-lc128kz-qwen-awq,20260905-143314-m5p-train-lc128kz-qwen-awq,tiara_sym_l2,1683084.95,1683084.95,0.0,63257,122132,32402,91344,155690,63133,,,2512.0,tier_fs,2.435,16.274,14.96
20260905-190236-m5p-policy-toolagent-qwen-awq,2026-09-05T19:02:36.842167+08:00,fbea1a98,lc128kz,qwen-awq,nvme,test,83,37,309135,17117,24.0,512.0,prefix,1,tail,predicted,0.0,predicted,longctx-zipf,0,17117,20260905-143031-m5p-feat-lc128kz-qwen-awq,20260905-143314-m5p-train-lc128kz-qwen-awq,oracle,1444351.88,1444351.88,0.0,150388,66847,3949,87951,66847,3949,,,2512.0,tier_fs,16.274,16.274,
20260905-190244-m5p-policy-toolagent-qwen-awq,2026-09-05T19:02:44.240832+08:00,fbea1a98,lc128kz,qwen-awq,nvme,test,76,44,367620,17117,24.0,512.0,prefix,1,tail,predicted,0.0,predicted,longctx-zipf,1,102702,20260905-143044-m5p-feat-lc128kz-qwen-awq,20260905-143310-m5p-train-lc128kz-qwen-awq,full_gpu,4249850.6,3925649.23,324201.37,114688,0,0,252932,0,0,,,2512.0,tier_fs,-89.793,16.089,-558.11
20260905-190244-m5p-policy-toolagent-qwen-awq,2026-09-05T19:02:44.240912+08:00,fbea1a98,lc128kz,qwen-awq,nvme,test,76,44,367620,17117,24.0,512.0,prefix,1,tail,predicted,0.0,predicted,longctx-zipf,1,102702,20260905-143044-m5p-feat-lc128kz-qwen-awq,20260905-143310-m5p-train-lc128kz-qwen-awq,cpu_lru,2757206.36,2433004.99,324201.37,114688,98304,0,154628,235815,0,,,2512.0,tier_fs,-23.134,16.089,-143.79
20260905-190244-m5p-policy-toolagent-qwen-awq,2026-09-05T19:02:44.240934+08:00,fbea1a98,lc128kz,qwen-awq,nvme,test,76,44,367620,17117,24.0,512.0,prefix,1,tail,predicted,0.0,predicted,longctx-zipf,1,102702,20260905-143044-m5p-feat-lc128kz-qwen-awq,20260905-143310-m5p-train-lc128kz-qwen-awq,cpu_arc,2881593.38,2557392.01,324201.37,106903,97897,0,162820,239260,0,,,2512.0,tier_fs,-28.689,16.089,-178.31
20260905-190244-m5p-policy-toolagent-qwen-awq,2026-09-05T19:02:44.240951+08:00,fbea1a98,lc128kz,qwen-awq,nvme,test,76,44,367620,17117,24.0,512.0,prefix,1,tail,predicted,0.0,predicted,longctx-zipf,1,102702,20260905-143044-m5p-feat-lc128kz-qwen-awq,20260905-143310-m5p-train-lc128kz-qwen-awq,tier_fs,2239197.63,1914996.27,324201.37,114688,98304,65536,89092,235815,109425,,,2512.0,tier_fs,0.0,16.089,0.0
20260905-190244-m5p-policy-toolagent-qwen-awq,2026-09-05T19:02:44.240975+08:00,fbea1a98,lc128kz,qwen-awq,nvme,test,76,44,367620,17117,24.0,512.0,prefix,1,tail,predicted,0.0,predicted,longctx-zipf,1,102702,20260905-143044-m5p-feat-lc128kz-qwen-awq,20260905-143310-m5p-train-lc128kz-qwen-awq,tiara_sym_l2,1944328.9,1620127.53,324201.37,146406,106187,25935,89092,134784,69824,,,2512.0,tier_fs,13.168,16.089,81.85
20260905-190244-m5p-policy-toolagent-qwen-awq,2026-09-05T19:02:44.240991+08:00,fbea1a98,lc128kz,qwen-awq,nvme,test,76,44,367620,17117,24.0,512.0,prefix,1,tail,predicted,0.0,predicted,longctx-zipf,1,102702,20260905-143044-m5p-feat-lc128kz-qwen-awq,20260905-143310-m5p-train-lc128kz-qwen-awq,oracle,1878937.61,1554736.24,324201.37,175697,90690,12141,89092,98882,12141,,,2512.0,tier_fs,16.089,16.089,
20260905-190259-m5p-policy-toolagent-qwen-awq,2026-09-05T19:02:59.716559+08:00,fbea1a98,lc128ks,qwen-awq,nvme,test,186,92,768660,17117,24.0,512.0,prefix,1,tail,predicted,0.0,predicted,longctx-session,0,102702,20260905-143141-m5p-feat-lc128ks-qwen-awq,20260905-143319-m5p-train-lc128ks-qwen-awq,full_gpu,6127520.06,6127520.06,0.0,376832,0,0,391828,0,0,,,2512.0,tier_fs,-271.458,0.0,
20260905-190259-m5p-policy-toolagent-qwen-awq,2026-09-05T19:02:59.716648+08:00,fbea1a98,lc128ks,qwen-awq,nvme,test,186,92,768660,17117,24.0,512.0,prefix,1,tail,predicted,0.0,predicted,longctx-session,0,102702,20260905-143141-m5p-feat-lc128ks-qwen-awq,20260905-143319-m5p-train-lc128ks-qwen-awq,cpu_lru,1773974.35,1773974.35,0.0,376832,286720,0,105108,374711,0,,,2512.0,tier_fs,-7.54,0.0,
20260905-190259-m5p-policy-toolagent-qwen-awq,2026-09-05T19:02:59.716679+08:00,fbea1a98,lc128ks,qwen-awq,nvme,test,186,92,768660,17117,24.0,512.0,prefix,1,tail,predicted,0.0,predicted,longctx-session,0,102702,20260905-143141-m5p-feat-lc128ks-qwen-awq,20260905-143319-m5p-train-lc128ks-qwen-awq,cpu_arc,1773974.35,1773974.35,0.0,362099,301453,0,105108,389444,0,,,2512.0,tier_fs,-7.54,0.0,
20260905-190259-m5p-policy-toolagent-qwen-awq,2026-09-05T19:02:59.716702+08:00,fbea1a98,lc128ks,qwen-awq,nvme,test,186,92,768660,17117,24.0,512.0,prefix,1,tail,predicted,0.0,predicted,longctx-session,0,102702,20260905-143141-m5p-feat-lc128ks-qwen-awq,20260905-143319-m5p-train-lc128ks-qwen-awq,tier_fs,1649587.33,1649587.33,0.0,376832,286720,8192,96916,374711,59905,,,2512.0,tier_fs,0.0,0.0,
20260905-190259-m5p-policy-toolagent-qwen-awq,2026-09-05T19:02:59.716728+08:00,fbea1a98,lc128ks,qwen-awq,nvme,test,186,92,768660,17117,24.0,512.0,prefix,1,tail,predicted,0.0,predicted,longctx-session,0,102702,20260905-143141-m5p-feat-lc128ks-qwen-awq,20260905-143319-m5p-train-lc128ks-qwen-awq,tiara_sym_l2,4476441.54,4476441.54,0.0,108506,249183,314055,96916,279660,365768,,,2512.0,tier_fs,-171.367,0.0,
20260905-190259-m5p-policy-toolagent-qwen-awq,2026-09-05T19:02:59.716748+08:00,fbea1a98,lc128ks,qwen-awq,nvme,test,186,92,768660,17117,24.0,512.0,prefix,1,tail,predicted,0.0,predicted,longctx-session,0,102702,20260905-143141-m5p-feat-lc128ks-qwen-awq,20260905-143319-m5p-train-lc128ks-qwen-awq,diag_true_ordering,1649587.33,1649587.33,0.0,517433,154311,0,96916,204931,51713,,,2512.0,tier_fs,0.0,0.0,
20260905-190259-m5p-policy-toolagent-qwen-awq,2026-09-05T19:02:59.716767+08:00,fbea1a98,lc128ks,qwen-awq,nvme,test,186,92,768660,17117,24.0,512.0,prefix,1,tail,predicted,0.0,predicted,longctx-session,0,102702,20260905-143141-m5p-feat-lc128ks-qwen-awq,20260905-143319-m5p-train-lc128ks-qwen-awq,oracle,1649587.33,1649587.33,0.0,517433,154311,0,96916,154311,0,,,2512.0,tier_fs,0.0,0.0,
20260905-190520-m5p-policy-toolagent-qwen-awq,2026-09-05T19:05:20.914359+08:00,fbea1a98,toolagent,qwen-awq,nvme,test,16281,7327,3815786,17117,24.0,512.0,prefix,1,tail,predicted,0.0,predicted,mooncake,1,17117,20260905-142724-m5p-feat-toolagent-qwen-awq,20260905-143558-m5p-train-toolagent-qwen-awq,full_gpu,23024619.03,15023937.65,8000681.38,1373442,0,0,2442344,0,0,0.0,1,2512.0,cpu_lru,-0.353,11.5,-3.07
20260905-190520-m5p-policy-toolagent-qwen-awq,2026-09-05T19:05:20.914837+08:00,fbea1a98,toolagent,qwen-awq,nvme,test,16281,7327,3815786,17117,24.0,512.0,prefix,1,tail,predicted,0.0,predicted,mooncake,1,17117,20260905-142724-m5p-feat-toolagent-qwen-awq,20260905-143558-m5p-train-toolagent-qwen-awq,cpu_lru,22943603.7,14942922.32,8000681.38,1373442,17369,0,2424975,2425227,0,0.0,1,2512.0,cpu_lru,0.0,11.5,0.0
20260905-190520-m5p-policy-toolagent-qwen-awq,2026-09-05T19:05:20.915252+08:00,fbea1a98,toolagent,qwen-awq,nvme,test,16281,7327,3815786,17117,24.0,512.0,prefix,1,tail,predicted,0.0,predicted,mooncake,1,17117,20260905-142724-m5p-feat-toolagent-qwen-awq,20260905-143558-m5p-train-toolagent-qwen-awq,cpu_arc,22947151.92,14946470.54,8000681.38,1376018,14105,0,2425663,2422651,0,0.0,1,2512.0,cpu_lru,-0.015,11.5,-0.13
20260905-190520-m5p-policy-toolagent-qwen-awq,2026-09-05T19:05:20.915646+08:00,fbea1a98,toolagent,qwen-awq,nvme,test,16281,7327,3815786,17117,24.0,512.0,prefix,1,tail,predicted,0.0,predicted,mooncake,1,17117,20260905-142724-m5p-feat-toolagent-qwen-awq,20260905-143558-m5p-train-toolagent-qwen-awq,tier_fs,24838750.97,16838069.59,8000681.38,1373442,17369,647109,1777866,2425227,2379772,2006.1,1,2512.0,cpu_lru,-8.26,11.5,-71.83
20260905-190520-m5p-policy-toolagent-qwen-awq,2026-09-05T19:05:20.916043+08:00,fbea1a98,toolagent,qwen-awq,nvme,test,16281,7327,3815786,17117,24.0,512.0,prefix,1,tail,predicted,0.0,predicted,mooncake,1,17117,20260905-142724-m5p-feat-toolagent-qwen-awq,20260905-143558-m5p-train-toolagent-qwen-awq,tiara_sym_l2,22768823.97,14768142.59,8000681.38,1399650,19909,493,2395734,48378,632,0.5,1,2512.0,cpu_lru,0.762,11.5,6.62
20260905-190520-m5p-policy-toolagent-qwen-awq,2026-09-05T19:05:20.916436+08:00,fbea1a98,toolagent,qwen-awq,nvme,test,16281,7327,3815786,17117,24.0,512.0,prefix,1,tail,predicted,0.0,predicted,mooncake,1,17117,20260905-142724-m5p-feat-toolagent-qwen-awq,20260905-143558-m5p-train-toolagent-qwen-awq,tiara_sym_l2_cascade,24731065.96,16730384.58,8000681.38,1399650,3258,634197,1778681,2399019,2367675,1995.9,1,2512.0,cpu_lru,-7.791,11.5,-67.75
20260905-190520-m5p-policy-toolagent-qwen-awq,2026-09-05T19:05:20.916828+08:00,fbea1a98,toolagent,qwen-awq,nvme,test,16281,7327,3815786,17117,24.0,512.0,prefix,1,tail,predicted,0.0,predicted,mooncake,1,17117,20260905-142724-m5p-feat-toolagent-qwen-awq,20260905-143558-m5p-train-toolagent-qwen-awq,tiara_cost_l2,22766134.92,14765453.54,8000681.38,1399650,20422,493,2395221,48579,632,0.5,1,2512.0,cpu_lru,0.774,11.5,6.73
20260905-190520-m5p-policy-toolagent-qwen-awq,2026-09-05T19:05:20.917222+08:00,fbea1a98,toolagent,qwen-awq,nvme,test,16281,7327,3815786,17117,24.0,512.0,prefix,1,tail,predicted,0.0,predicted,mooncake,1,17117,20260905-142724-m5p-feat-toolagent-qwen-awq,20260905-143558-m5p-train-toolagent-qwen-awq,tiara_cost_l2_cascade,24731065.96,16730384.58,8000681.38,1399650,3258,634197,1778681,2399019,2367675,1995.9,1,2512.0,cpu_lru,-7.791,11.5,-67.75
20260905-190520-m5p-policy-toolagent-qwen-awq,2026-09-05T19:05:20.917609+08:00,fbea1a98,toolagent,qwen-awq,nvme,test,16281,7327,3815786,17117,24.0,512.0,prefix,1,tail,predicted,0.0,predicted,mooncake,1,17117,20260905-142724-m5p-feat-toolagent-qwen-awq,20260905-143558-m5p-train-toolagent-qwen-awq,diag_true_ordering,20656408.96,12655727.58,8000681.38,1630040,140886,0,2044860,284997,715,0.6,1,2512.0,cpu_lru,9.969,11.5,86.69
20260905-190520-m5p-policy-toolagent-qwen-awq,2026-09-05T19:05:20.918005+08:00,fbea1a98,toolagent,qwen-awq,nvme,test,16281,7327,3815786,17117,24.0,512.0,prefix,1,tail,predicted,0.0,predicted,mooncake,1,17117,20260905-142724-m5p-feat-toolagent-qwen-awq,20260905-143558-m5p-train-toolagent-qwen-awq,diag_true_both,21660127.68,13659446.3,8000681.38,1630040,0,0,2185746,0,0,0.0,1,2512.0,cpu_lru,5.594,11.5,48.64
20260905-190520-m5p-policy-toolagent-qwen-awq,2026-09-05T19:05:20.918396+08:00,fbea1a98,toolagent,qwen-awq,nvme,test,16281,7327,3815786,17117,24.0,512.0,prefix,1,tail,predicted,0.0,predicted,mooncake,1,17117,20260905-142724-m5p-feat-toolagent-qwen-awq,20260905-143558-m5p-train-toolagent-qwen-awq,oracle,20305140.96,12304459.58,8000681.38,1630040,219291,1265,1965190,374071,31105,26.2,1,2512.0,cpu_lru,11.5,11.5,
20260905-190609-m5p-policy-toolagent-qwen-awq,2026-09-05T19:06:09.940306+08:00,fbea1a98,lc32ks,qwen-awq,nvme,test,1947,882,1841616,17117,24.0,512.0,prefix,1,tail,predicted,0.0,predicted,longctx-session,0,102702,20260905-143910-m5p-feat-lc32ks-qwen-awq,20260905-144009-m5p-train-lc32ks-qwen-awq,full_gpu,6901987.68,6901987.68,0.0,788480,0,0,1053136,0,0,,,2512.0,cpu_lru,-184.958,13.926,-1328.12
20260905-190609-m5p-policy-toolagent-qwen-awq,2026-09-05T19:06:09.940442+08:00,fbea1a98,lc32ks,qwen-awq,nvme,test,1947,882,1841616,17117,24.0,512.0,prefix,1,tail,predicted,0.0,predicted,longctx-session,0,102702,20260905-143910-m5p-feat-lc32ks-qwen-awq,20260905-144009-m5p-train-lc32ks-qwen-awq,cpu_lru,2422104.04,2422104.04,0.0,788480,704512,0,348624,1036019,0,,,2512.0,cpu_lru,0.0,13.926,0.0
20260905-190609-m5p-policy-toolagent-qwen-awq,2026-09-05T19:06:09.940510+08:00,fbea1a98,lc32ks,qwen-awq,nvme,test,1947,882,1841616,17117,24.0,512.0,prefix,1,tail,predicted,0.0,predicted,longctx-session,0,102702,20260905-143910-m5p-feat-lc32ks-qwen-awq,20260905-144009-m5p-train-lc32ks-qwen-awq,cpu_arc,2474560.34,2474560.34,0.0,747014,737997,0,356605,1077485,0,,,2512.0,cpu_lru,-2.166,13.926,-15.55
20260905-190609-m5p-policy-toolagent-qwen-awq,2026-09-05T19:06:09.940572+08:00,fbea1a98,lc32ks,qwen-awq,nvme,test,1947,882,1841616,17117,24.0,512.0,prefix,1,tail,predicted,0.0,predicted,longctx-session,0,102702,20260905-143910-m5p-feat-lc32ks-qwen-awq,20260905-144009-m5p-train-lc32ks-qwen-awq,tier_fs,2506686.29,2506686.29,0.0,788480,704512,45056,303568,1036019,303421,,,2512.0,cpu_lru,-3.492,13.926,-25.08
20260905-190609-m5p-policy-toolagent-qwen-awq,2026-09-05T19:06:09.940633+08:00,fbea1a98,lc32ks,qwen-awq,nvme,test,1947,882,1841616,17117,24.0,512.0,prefix,1,tail,predicted,0.0,predicted,longctx-session,0,102702,20260905-143910-m5p-feat-lc32ks-qwen-awq,20260905-144009-m5p-train-lc32ks-qwen-awq,tiara_sym_l2,13518316.16,13518316.16,0.0,141841,149833,1246374,303568,223632,1471299,,,2512.0,cpu_lru,-458.123,13.926,-3289.62
20260905-190609-m5p-policy-toolagent-qwen-awq,2026-09-05T19:06:09.940695+08:00,fbea1a98,lc32ks,qwen-awq,nvme,test,1947,882,1841616,17117,24.0,512.0,prefix,1,tail,predicted,0.0,predicted,longctx-session,0,102702,20260905-143910-m5p-feat-lc32ks-qwen-awq,20260905-144009-m5p-train-lc32ks-qwen-awq,tiara_cost_l2,13474881.94,13474881.94,0.0,137722,154869,1243867,305158,220350,1466668,,,2512.0,cpu_lru,-456.33,13.926,-3276.74
20260905-190609-m5p-policy-toolagent-qwen-awq,2026-09-05T19:06:09.940759+08:00,fbea1a98,lc32ks,qwen-awq,nvme,test,1947,882,1841616,17117,24.0,512.0,prefix,1,tail,predicted,0.0,predicted,longctx-session,0,102702,20260905-143910-m5p-feat-lc32ks-qwen-awq,20260905-144009-m5p-train-lc32ks-qwen-awq,diag_true_ordering,2084794.13,2084794.13,0.0,1286921,251127,0,303568,382873,226863,,,2512.0,cpu_lru,13.926,13.926,100.0
20260905-190609-m5p-policy-toolagent-qwen-awq,2026-09-05T19:06:09.940820+08:00,fbea1a98,lc32ks,qwen-awq,nvme,test,1947,882,1841616,17117,24.0,512.0,prefix,1,tail,predicted,0.0,predicted,longctx-session,0,102702,20260905-143910-m5p-feat-lc32ks-qwen-awq,20260905-144009-m5p-train-lc32ks-qwen-awq,oracle,2084794.13,2084794.13,0.0,1286921,251127,0,303568,251127,0,,,2512.0,cpu_lru,13.926,13.926,
20260905-190700-m5p-policy-toolagent-qwen-awq,2026-09-05T19:07:00.298529+08:00,fbea1a98,lc128kz,qwen-awq,nvme,test,76,44,367620,17117,24.0,512.0,prefix,1,tail,lru,0.0,predicted,longctx-zipf,0,102702,20260905-143044-m5p-feat-lc128kz-qwen-awq,20260905-143310-m5p-train-lc128kz-qwen-awq,full_gpu,3925649.23,3925649.23,0.0,114688,0,0,252932,0,0,,,2512.0,tier_fs,-104.995,18.813,-558.11
20260905-190700-m5p-policy-toolagent-qwen-awq,2026-09-05T19:07:00.298597+08:00,fbea1a98,lc128kz,qwen-awq,nvme,test,76,44,367620,17117,24.0,512.0,prefix,1,tail,lru,0.0,predicted,longctx-zipf,0,102702,20260905-143044-m5p-feat-lc128kz-qwen-awq,20260905-143310-m5p-train-lc128kz-qwen-awq,cpu_lru,2433004.99,2433004.99,0.0,114688,98304,0,154628,235815,0,,,2512.0,tier_fs,-27.05,18.813,-143.79
20260905-190700-m5p-policy-toolagent-qwen-awq,2026-09-05T19:07:00.298623+08:00,fbea1a98,lc128kz,qwen-awq,nvme,test,76,44,367620,17117,24.0,512.0,prefix,1,tail,lru,0.0,predicted,longctx-zipf,0,102702,20260905-143044-m5p-feat-lc128kz-qwen-awq,20260905-143310-m5p-train-lc128kz-qwen-awq,cpu_arc,2557392.01,2557392.01,0.0,106903,97897,0,162820,239260,0,,,2512.0,tier_fs,-33.546,18.813,-178.31
20260905-190700-m5p-policy-toolagent-qwen-awq,2026-09-05T19:07:00.298642+08:00,fbea1a98,lc128kz,qwen-awq,nvme,test,76,44,367620,17117,24.0,512.0,prefix,1,tail,lru,0.0,predicted,longctx-zipf,0,102702,20260905-143044-m5p-feat-lc128kz-qwen-awq,20260905-143310-m5p-train-lc128kz-qwen-awq,tier_fs,1914996.27,1914996.27,0.0,114688,98304,65536,89092,235815,109425,,,2512.0,tier_fs,0.0,18.813,0.0
20260905-190700-m5p-policy-toolagent-qwen-awq,2026-09-05T19:07:00.298660+08:00,fbea1a98,lc128kz,qwen-awq,nvme,test,76,44,367620,17117,24.0,512.0,prefix,1,tail,lru,0.0,predicted,longctx-zipf,0,102702,20260905-143044-m5p-feat-lc128kz-qwen-awq,20260905-143310-m5p-train-lc128kz-qwen-awq,tiara_sym_l2_lruorder,1914996.27,1914996.27,0.0,114688,98304,65536,89092,235815,109425,,,2512.0,tier_fs,0.0,18.813,0.0
20260905-190700-m5p-policy-toolagent-qwen-awq,2026-09-05T19:07:00.298676+08:00,fbea1a98,lc128kz,qwen-awq,nvme,test,76,44,367620,17117,24.0,512.0,prefix,1,tail,lru,0.0,predicted,longctx-zipf,0,102702,20260905-143044-m5p-feat-lc128kz-qwen-awq,20260905-143310-m5p-train-lc128kz-qwen-awq,oracle,1554736.24,1554736.24,0.0,175697,90690,12141,89092,98882,12141,,,2512.0,tier_fs,18.813,18.813,
20260905-190733-m5p-policy-toolagent-qwen-awq,2026-09-05T19:07:33.344032+08:00,fbea1a98,lc32ks,qwen-awq,nvme,test,1947,882,1841616,17117,24.0,512.0,prefix,1,tail,lru,0.0,predicted,longctx-session,0,102702,20260905-143910-m5p-feat-lc32ks-qwen-awq,20260905-144009-m5p-train-lc32ks-qwen-awq,full_gpu,6901987.68,6901987.68,0.0,788480,0,0,1053136,0,0,,,2512.0,cpu_lru,-184.958,13.926,-1328.12
20260905-190733-m5p-policy-toolagent-qwen-awq,2026-09-05T19:07:33.344164+08:00,fbea1a98,lc32ks,qwen-awq,nvme,test,1947,882,1841616,17117,24.0,512.0,prefix,1,tail,lru,0.0,predicted,longctx-session,0,102702,20260905-143910-m5p-feat-lc32ks-qwen-awq,20260905-144009-m5p-train-lc32ks-qwen-awq,cpu_lru,2422104.04,2422104.04,0.0,788480,704512,0,348624,1036019,0,,,2512.0,cpu_lru,0.0,13.926,0.0
20260905-190733-m5p-policy-toolagent-qwen-awq,2026-09-05T19:07:33.344232+08:00,fbea1a98,lc32ks,qwen-awq,nvme,test,1947,882,1841616,17117,24.0,512.0,prefix,1,tail,lru,0.0,predicted,longctx-session,0,102702,20260905-143910-m5p-feat-lc32ks-qwen-awq,20260905-144009-m5p-train-lc32ks-qwen-awq,cpu_arc,2474560.34,2474560.34,0.0,747014,737997,0,356605,1077485,0,,,2512.0,cpu_lru,-2.166,13.926,-15.55
20260905-190733-m5p-policy-toolagent-qwen-awq,2026-09-05T19:07:33.344295+08:00,fbea1a98,lc32ks,qwen-awq,nvme,test,1947,882,1841616,17117,24.0,512.0,prefix,1,tail,lru,0.0,predicted,longctx-session,0,102702,20260905-143910-m5p-feat-lc32ks-qwen-awq,20260905-144009-m5p-train-lc32ks-qwen-awq,tier_fs,2506686.29,2506686.29,0.0,788480,704512,45056,303568,1036019,303421,,,2512.0,cpu_lru,-3.492,13.926,-25.08
20260905-190733-m5p-policy-toolagent-qwen-awq,2026-09-05T19:07:33.344356+08:00,fbea1a98,lc32ks,qwen-awq,nvme,test,1947,882,1841616,17117,24.0,512.0,prefix,1,tail,lru,0.0,predicted,longctx-session,0,102702,20260905-143910-m5p-feat-lc32ks-qwen-awq,20260905-144009-m5p-train-lc32ks-qwen-awq,tiara_sym_l2_lruorder,2506686.29,2506686.29,0.0,788480,704512,45056,303568,1003795,271197,,,2512.0,cpu_lru,-3.492,13.926,-25.08
20260905-190733-m5p-policy-toolagent-qwen-awq,2026-09-05T19:07:33.344415+08:00,fbea1a98,lc32ks,qwen-awq,nvme,test,1947,882,1841616,17117,24.0,512.0,prefix,1,tail,lru,0.0,predicted,longctx-session,0,102702,20260905-143910-m5p-feat-lc32ks-qwen-awq,20260905-144009-m5p-train-lc32ks-qwen-awq,oracle,2084794.13,2084794.13,0.0,1286921,251127,0,303568,251127,0,,,2512.0,cpu_lru,13.926,13.926,
20260905-205953-m5p-policy-toolagent-qwen-awq,2026-09-05T20:59:53.473964+08:00,fbea1a98,lc32ks,qwen-awq,nvme,test,1947,882,1841616,17117,24.0,512.0,prefix,1,block,predicted,0.0,predicted,longctx-session,0,102702,20260905-143910-m5p-feat-lc32ks-qwen-awq,20260905-144009-m5p-train-lc32ks-qwen-awq,full_gpu,6901987.68,6901987.68,0.0,788480,0,0,1053136,0,0,,,2512.0,cpu_lru,-184.958,13.926,-1328.12
20260905-205953-m5p-policy-toolagent-qwen-awq,2026-09-05T20:59:53.474094+08:00,fbea1a98,lc32ks,qwen-awq,nvme,test,1947,882,1841616,17117,24.0,512.0,prefix,1,block,predicted,0.0,predicted,longctx-session,0,102702,20260905-143910-m5p-feat-lc32ks-qwen-awq,20260905-144009-m5p-train-lc32ks-qwen-awq,cpu_lru,2422104.04,2422104.04,0.0,788480,704512,0,348624,1036019,0,,,2512.0,cpu_lru,0.0,13.926,0.0
20260905-205953-m5p-policy-toolagent-qwen-awq,2026-09-05T20:59:53.474159+08:00,fbea1a98,lc32ks,qwen-awq,nvme,test,1947,882,1841616,17117,24.0,512.0,prefix,1,block,predicted,0.0,predicted,longctx-session,0,102702,20260905-143910-m5p-feat-lc32ks-qwen-awq,20260905-144009-m5p-train-lc32ks-qwen-awq,cpu_arc,2474560.34,2474560.34,0.0,747014,737997,0,356605,1077485,0,,,2512.0,cpu_lru,-2.166,13.926,-15.55
20260905-205953-m5p-policy-toolagent-qwen-awq,2026-09-05T20:59:53.474221+08:00,fbea1a98,lc32ks,qwen-awq,nvme,test,1947,882,1841616,17117,24.0,512.0,prefix,1,block,predicted,0.0,predicted,longctx-session,0,102702,20260905-143910-m5p-feat-lc32ks-qwen-awq,20260905-144009-m5p-train-lc32ks-qwen-awq,tier_fs,2506686.29,2506686.29,0.0,788480,704512,45056,303568,1036019,303421,,,2512.0,cpu_lru,-3.492,13.926,-25.08
20260905-205953-m5p-policy-toolagent-qwen-awq,2026-09-05T20:59:53.474280+08:00,fbea1a98,lc32ks,qwen-awq,nvme,test,1947,882,1841616,17117,24.0,512.0,prefix,1,block,predicted,0.0,predicted,longctx-session,0,102702,20260905-143910-m5p-feat-lc32ks-qwen-awq,20260905-144009-m5p-train-lc32ks-qwen-awq,tiara_sym_l2_blockcost,10187353.13,10187353.13,0.0,141841,149833,0,1549942,223632,0,,,2512.0,cpu_lru,-320.599,13.926,-2302.11
20260905-205953-m5p-policy-toolagent-qwen-awq,2026-09-05T20:59:53.474340+08:00,fbea1a98,lc32ks,qwen-awq,nvme,test,1947,882,1841616,17117,24.0,512.0,prefix,1,block,predicted,0.0,predicted,longctx-session,0,102702,20260905-143910-m5p-feat-lc32ks-qwen-awq,20260905-144009-m5p-train-lc32ks-qwen-awq,oracle,2084794.13,2084794.13,0.0,1286921,251127,0,303568,251127,0,,,2512.0,cpu_lru,13.926,13.926,
20260905-210008-m5p-policy-toolagent-qwen-awq,2026-09-05T21:00:08.092156+08:00,fbea1a98,lc128ks,qwen-awq,nvme,test,186,92,768660,17117,24.0,512.0,prefix,1,block,predicted,0.0,predicted,longctx-session,0,102702,20260905-143141-m5p-feat-lc128ks-qwen-awq,20260905-143319-m5p-train-lc128ks-qwen-awq,full_gpu,6127520.06,6127520.06,0.0,376832,0,0,391828,0,0,,,2512.0,tier_fs,-271.458,0.0,
20260905-210008-m5p-policy-toolagent-qwen-awq,2026-09-05T21:00:08.092268+08:00,fbea1a98,lc128ks,qwen-awq,nvme,test,186,92,768660,17117,24.0,512.0,prefix,1,block,predicted,0.0,predicted,longctx-session,0,102702,20260905-143141-m5p-feat-lc128ks-qwen-awq,20260905-143319-m5p-train-lc128ks-qwen-awq,cpu_lru,1773974.35,1773974.35,0.0,376832,286720,0,105108,374711,0,,,2512.0,tier_fs,-7.54,0.0,
20260905-210008-m5p-policy-toolagent-qwen-awq,2026-09-05T21:00:08.092296+08:00,fbea1a98,lc128ks,qwen-awq,nvme,test,186,92,768660,17117,24.0,512.0,prefix,1,block,predicted,0.0,predicted,longctx-session,0,102702,20260905-143141-m5p-feat-lc128ks-qwen-awq,20260905-143319-m5p-train-lc128ks-qwen-awq,cpu_arc,1773974.35,1773974.35,0.0,362099,301453,0,105108,389444,0,,,2512.0,tier_fs,-7.54,0.0,
20260905-210008-m5p-policy-toolagent-qwen-awq,2026-09-05T21:00:08.092318+08:00,fbea1a98,lc128ks,qwen-awq,nvme,test,186,92,768660,17117,24.0,512.0,prefix,1,block,predicted,0.0,predicted,longctx-session,0,102702,20260905-143141-m5p-feat-lc128ks-qwen-awq,20260905-143319-m5p-train-lc128ks-qwen-awq,tier_fs,1649587.33,1649587.33,0.0,376832,286720,8192,96916,374711,59905,,,2512.0,tier_fs,0.0,0.0,
20260905-210008-m5p-policy-toolagent-qwen-awq,2026-09-05T21:00:08.092339+08:00,fbea1a98,lc128ks,qwen-awq,nvme,test,186,92,768660,17117,24.0,512.0,prefix,1,block,predicted,0.0,predicted,longctx-session,0,102702,20260905-143141-m5p-feat-lc128ks-qwen-awq,20260905-143319-m5p-train-lc128ks-qwen-awq,tiara_sym_l2_blockcost,6827883.5,6827883.5,0.0,108506,249183,2478,408493,279660,263880,,,2512.0,tier_fs,-313.915,0.0,
20260905-210008-m5p-policy-toolagent-qwen-awq,2026-09-05T21:00:08.092361+08:00,fbea1a98,lc128ks,qwen-awq,nvme,test,186,92,768660,17117,24.0,512.0,prefix,1,block,predicted,0.0,predicted,longctx-session,0,102702,20260905-143141-m5p-feat-lc128ks-qwen-awq,20260905-143319-m5p-train-lc128ks-qwen-awq,oracle,1649587.33,1649587.33,0.0,517433,154311,0,96916,154311,0,,,2512.0,tier_fs,0.0,0.0,
20260905-210016-m5p-policy-toolagent-qwen-awq,2026-09-05T21:00:16.578469+08:00,fbea1a98,lc128kz,qwen-awq,nvme,test,76,44,367620,17117,24.0,512.0,prefix,1,tail,predicted,1.0,predicted,longctx-zipf,0,102702,20260905-143044-m5p-feat-lc128kz-qwen-awq,20260905-143310-m5p-train-lc128kz-qwen-awq,full_gpu,3925649.23,3925649.23,0.0,114688,0,0,252932,0,0,,,2512.0,tier_fs,-104.995,18.813,-558.11
20260905-210016-m5p-policy-toolagent-qwen-awq,2026-09-05T21:00:16.578551+08:00,fbea1a98,lc128kz,qwen-awq,nvme,test,76,44,367620,17117,24.0,512.0,prefix,1,tail,predicted,1.0,predicted,longctx-zipf,0,102702,20260905-143044-m5p-feat-lc128kz-qwen-awq,20260905-143310-m5p-train-lc128kz-qwen-awq,cpu_lru,2433004.99,2433004.99,0.0,114688,98304,0,154628,235815,0,,,2512.0,tier_fs,-27.05,18.813,-143.79
20260905-210016-m5p-policy-toolagent-qwen-awq,2026-09-05T21:00:16.578579+08:00,fbea1a98,lc128kz,qwen-awq,nvme,test,76,44,367620,17117,24.0,512.0,prefix,1,tail,predicted,1.0,predicted,longctx-zipf,0,102702,20260905-143044-m5p-feat-lc128kz-qwen-awq,20260905-143310-m5p-train-lc128kz-qwen-awq,cpu_arc,2557392.01,2557392.01,0.0,106903,97897,0,162820,239260,0,,,2512.0,tier_fs,-33.546,18.813,-178.31
20260905-210016-m5p-policy-toolagent-qwen-awq,2026-09-05T21:00:16.578597+08:00,fbea1a98,lc128kz,qwen-awq,nvme,test,76,44,367620,17117,24.0,512.0,prefix,1,tail,predicted,1.0,predicted,longctx-zipf,0,102702,20260905-143044-m5p-feat-lc128kz-qwen-awq,20260905-143310-m5p-train-lc128kz-qwen-awq,tier_fs,1914996.27,1914996.27,0.0,114688,98304,65536,89092,235815,109425,,,2512.0,tier_fs,0.0,18.813,0.0
20260905-210016-m5p-policy-toolagent-qwen-awq,2026-09-05T21:00:16.578616+08:00,fbea1a98,lc128kz,qwen-awq,nvme,test,76,44,367620,17117,24.0,512.0,prefix,1,tail,predicted,1.0,predicted,longctx-zipf,0,102702,20260905-143044-m5p-feat-lc128kz-qwen-awq,20260905-143310-m5p-train-lc128kz-qwen-awq,tiara_sym_l2_tie1,2096059.5,2096059.5,0.0,114688,85932,77908,89092,114759,121797,,,2512.0,tier_fs,-9.455,18.813,-50.26
20260905-210016-m5p-policy-toolagent-qwen-awq,2026-09-05T21:00:16.578634+08:00,fbea1a98,lc128kz,qwen-awq,nvme,test,76,44,367620,17117,24.0,512.0,prefix,1,tail,predicted,1.0,predicted,longctx-zipf,0,102702,20260905-143044-m5p-feat-lc128kz-qwen-awq,20260905-143310-m5p-train-lc128kz-qwen-awq,oracle,1554736.24,1554736.24,0.0,175697,90690,12141,89092,98882,12141,,,2512.0,tier_fs,18.813,18.813,
20260905-210025-m5p-policy-toolagent-qwen-awq,2026-09-05T21:00:25.171527+08:00,fbea1a98,lc128kz,qwen-awq,nvme,test,76,44,367620,17117,24.0,512.0,prefix,1,tail,predicted,4.0,predicted,longctx-zipf,0,102702,20260905-143044-m5p-feat-lc128kz-qwen-awq,20260905-143310-m5p-train-lc128kz-qwen-awq,full_gpu,3925649.23,3925649.23,0.0,114688,0,0,252932,0,0,,,2512.0,tier_fs,-104.995,18.813,-558.11
20260905-210025-m5p-policy-toolagent-qwen-awq,2026-09-05T21:00:25.171604+08:00,fbea1a98,lc128kz,qwen-awq,nvme,test,76,44,367620,17117,24.0,512.0,prefix,1,tail,predicted,4.0,predicted,longctx-zipf,0,102702,20260905-143044-m5p-feat-lc128kz-qwen-awq,20260905-143310-m5p-train-lc128kz-qwen-awq,cpu_lru,2433004.99,2433004.99,0.0,114688,98304,0,154628,235815,0,,,2512.0,tier_fs,-27.05,18.813,-143.79
20260905-210025-m5p-policy-toolagent-qwen-awq,2026-09-05T21:00:25.171628+08:00,fbea1a98,lc128kz,qwen-awq,nvme,test,76,44,367620,17117,24.0,512.0,prefix,1,tail,predicted,4.0,predicted,longctx-zipf,0,102702,20260905-143044-m5p-feat-lc128kz-qwen-awq,20260905-143310-m5p-train-lc128kz-qwen-awq,cpu_arc,2557392.01,2557392.01,0.0,106903,97897,0,162820,239260,0,,,2512.0,tier_fs,-33.546,18.813,-178.31
20260905-210025-m5p-policy-toolagent-qwen-awq,2026-09-05T21:00:25.171649+08:00,fbea1a98,lc128kz,qwen-awq,nvme,test,76,44,367620,17117,24.0,512.0,prefix,1,tail,predicted,4.0,predicted,longctx-zipf,0,102702,20260905-143044-m5p-feat-lc128kz-qwen-awq,20260905-143310-m5p-train-lc128kz-qwen-awq,tier_fs,1914996.27,1914996.27,0.0,114688,98304,65536,89092,235815,109425,,,2512.0,tier_fs,0.0,18.813,0.0
20260905-210025-m5p-policy-toolagent-qwen-awq,2026-09-05T21:00:25.171666+08:00,fbea1a98,lc128kz,qwen-awq,nvme,test,76,44,367620,17117,24.0,512.0,prefix,1,tail,predicted,4.0,predicted,longctx-zipf,0,102702,20260905-143044-m5p-feat-lc128kz-qwen-awq,20260905-143310-m5p-train-lc128kz-qwen-awq,tiara_sym_l2_tie4,2096059.5,2096059.5,0.0,114688,85932,77908,89092,114759,121797,,,2512.0,tier_fs,-9.455,18.813,-50.26
20260905-210025-m5p-policy-toolagent-qwen-awq,2026-09-05T21:00:25.171686+08:00,fbea1a98,lc128kz,qwen-awq,nvme,test,76,44,367620,17117,24.0,512.0,prefix,1,tail,predicted,4.0,predicted,longctx-zipf,0,102702,20260905-143044-m5p-feat-lc128kz-qwen-awq,20260905-143310-m5p-train-lc128kz-qwen-awq,oracle,1554736.24,1554736.24,0.0,175697,90690,12141,89092,98882,12141,,,2512.0,tier_fs,18.813,18.813,
20260905-210100-m5p-policy-toolagent-qwen-awq,2026-09-05T21:01:00.035565+08:00,fbea1a98,lc32ks,qwen-awq,nvme,test,1947,882,1841616,17117,24.0,512.0,prefix,1,tail,predicted,1.0,predicted,longctx-session,0,102702,20260905-143910-m5p-feat-lc32ks-qwen-awq,20260905-144009-m5p-train-lc32ks-qwen-awq,full_gpu,6901987.68,6901987.68,0.0,788480,0,0,1053136,0,0,,,2512.0,cpu_lru,-184.958,13.926,-1328.12
20260905-210100-m5p-policy-toolagent-qwen-awq,2026-09-05T21:01:00.035713+08:00,fbea1a98,lc32ks,qwen-awq,nvme,test,1947,882,1841616,17117,24.0,512.0,prefix,1,tail,predicted,1.0,predicted,longctx-session,0,102702,20260905-143910-m5p-feat-lc32ks-qwen-awq,20260905-144009-m5p-train-lc32ks-qwen-awq,cpu_lru,2422104.04,2422104.04,0.0,788480,704512,0,348624,1036019,0,,,2512.0,cpu_lru,0.0,13.926,0.0
20260905-210100-m5p-policy-toolagent-qwen-awq,2026-09-05T21:01:00.035779+08:00,fbea1a98,lc32ks,qwen-awq,nvme,test,1947,882,1841616,17117,24.0,512.0,prefix,1,tail,predicted,1.0,predicted,longctx-session,0,102702,20260905-143910-m5p-feat-lc32ks-qwen-awq,20260905-144009-m5p-train-lc32ks-qwen-awq,cpu_arc,2474560.34,2474560.34,0.0,747014,737997,0,356605,1077485,0,,,2512.0,cpu_lru,-2.166,13.926,-15.55
20260905-210100-m5p-policy-toolagent-qwen-awq,2026-09-05T21:01:00.035841+08:00,fbea1a98,lc32ks,qwen-awq,nvme,test,1947,882,1841616,17117,24.0,512.0,prefix,1,tail,predicted,1.0,predicted,longctx-session,0,102702,20260905-143910-m5p-feat-lc32ks-qwen-awq,20260905-144009-m5p-train-lc32ks-qwen-awq,tier_fs,2506686.29,2506686.29,0.0,788480,704512,45056,303568,1036019,303421,,,2512.0,cpu_lru,-3.492,13.926,-25.08
20260905-210100-m5p-policy-toolagent-qwen-awq,2026-09-05T21:01:00.035919+08:00,fbea1a98,lc32ks,qwen-awq,nvme,test,1947,882,1841616,17117,24.0,512.0,prefix,1,tail,predicted,1.0,predicted,longctx-session,0,102702,20260905-143910-m5p-feat-lc32ks-qwen-awq,20260905-144009-m5p-train-lc32ks-qwen-awq,tiara_sym_l2_tie1,11149675.02,11149675.02,0.0,433876,105772,998400,303568,160498,1223401,,,2512.0,cpu_lru,-360.33,13.926,-2587.4
20260905-210100-m5p-policy-toolagent-qwen-awq,2026-09-05T21:01:00.035988+08:00,fbea1a98,lc32ks,qwen-awq,nvme,test,1947,882,1841616,17117,24.0,512.0,prefix,1,tail,predicted,1.0,predicted,longctx-session,0,102702,20260905-143910-m5p-feat-lc32ks-qwen-awq,20260905-144009-m5p-train-lc32ks-qwen-awq,oracle,2084794.13,2084794.13,0.0,1286921,251127,0,303568,251127,0,,,2512.0,cpu_lru,13.926,13.926,
20260905-210132-m5p-policy-toolagent-qwen-awq,2026-09-05T21:01:32.666627+08:00,fbea1a98,lc32ks,qwen-awq,nvme,test,1947,882,1841616,17117,24.0,512.0,prefix,1,tail,predicted,4.0,predicted,longctx-session,0,102702,20260905-143910-m5p-feat-lc32ks-qwen-awq,20260905-144009-m5p-train-lc32ks-qwen-awq,full_gpu,6901987.68,6901987.68,0.0,788480,0,0,1053136,0,0,,,2512.0,cpu_lru,-184.958,13.926,-1328.12
20260905-210132-m5p-policy-toolagent-qwen-awq,2026-09-05T21:01:32.666758+08:00,fbea1a98,lc32ks,qwen-awq,nvme,test,1947,882,1841616,17117,24.0,512.0,prefix,1,tail,predicted,4.0,predicted,longctx-session,0,102702,20260905-143910-m5p-feat-lc32ks-qwen-awq,20260905-144009-m5p-train-lc32ks-qwen-awq,cpu_lru,2422104.04,2422104.04,0.0,788480,704512,0,348624,1036019,0,,,2512.0,cpu_lru,0.0,13.926,0.0
20260905-210132-m5p-policy-toolagent-qwen-awq,2026-09-05T21:01:32.666827+08:00,fbea1a98,lc32ks,qwen-awq,nvme,test,1947,882,1841616,17117,24.0,512.0,prefix,1,tail,predicted,4.0,predicted,longctx-session,0,102702,20260905-143910-m5p-feat-lc32ks-qwen-awq,20260905-144009-m5p-train-lc32ks-qwen-awq,cpu_arc,2474560.34,2474560.34,0.0,747014,737997,0,356605,1077485,0,,,2512.0,cpu_lru,-2.166,13.926,-15.55
20260905-210132-m5p-policy-toolagent-qwen-awq,2026-09-05T21:01:32.666891+08:00,fbea1a98,lc32ks,qwen-awq,nvme,test,1947,882,1841616,17117,24.0,512.0,prefix,1,tail,predicted,4.0,predicted,longctx-session,0,102702,20260905-143910-m5p-feat-lc32ks-qwen-awq,20260905-144009-m5p-train-lc32ks-qwen-awq,tier_fs,2506686.29,2506686.29,0.0,788480,704512,45056,303568,1036019,303421,,,2512.0,cpu_lru,-3.492,13.926,-25.08
20260905-210132-m5p-policy-toolagent-qwen-awq,2026-09-05T21:01:32.666953+08:00,fbea1a98,lc32ks,qwen-awq,nvme,test,1947,882,1841616,17117,24.0,512.0,prefix,1,tail,predicted,4.0,predicted,longctx-session,0,102702,20260905-143910-m5p-feat-lc32ks-qwen-awq,20260905-144009-m5p-train-lc32ks-qwen-awq,tiara_sym_l2_tie4,8072934.65,8072934.65,0.0,788480,88042,661526,303568,134005,887667,,,2512.0,cpu_lru,-233.303,13.926,-1675.26
20260905-210132-m5p-policy-toolagent-qwen-awq,2026-09-05T21:01:32.667023+08:00,fbea1a98,lc32ks,qwen-awq,nvme,test,1947,882,1841616,17117,24.0,512.0,prefix,1,tail,predicted,4.0,predicted,longctx-session,0,102702,20260905-143910-m5p-feat-lc32ks-qwen-awq,20260905-144009-m5p-train-lc32ks-qwen-awq,oracle,2084794.13,2084794.13,0.0,1286921,251127,0,303568,251127,0,,,2512.0,cpu_lru,13.926,13.926,
20260905-210245-m5p-policy-toolagent-qwen-awq,2026-09-05T21:02:45.523759+08:00,fbea1a98,lc32ks,qwen-awq,nvme,test,1947,882,1841616,17117,24.0,512.0,prefix,1,tail,predicted,0.0,lru,longctx-session,0,102702,20260905-143910-m5p-feat-lc32ks-qwen-awq,20260905-144009-m5p-train-lc32ks-qwen-awq,full_gpu,6901987.68,6901987.68,0.0,788480,0,0,1053136,0,0,,,2512.0,cpu_lru,-184.958,13.926,-1328.12
20260905-210245-m5p-policy-toolagent-qwen-awq,2026-09-05T21:02:45.523889+08:00,fbea1a98,lc32ks,qwen-awq,nvme,test,1947,882,1841616,17117,24.0,512.0,prefix,1,tail,predicted,0.0,lru,longctx-session,0,102702,20260905-143910-m5p-feat-lc32ks-qwen-awq,20260905-144009-m5p-train-lc32ks-qwen-awq,cpu_lru,2422104.04,2422104.04,0.0,788480,704512,0,348624,1036019,0,,,2512.0,cpu_lru,0.0,13.926,0.0
20260905-210245-m5p-policy-toolagent-qwen-awq,2026-09-05T21:02:45.523957+08:00,fbea1a98,lc32ks,qwen-awq,nvme,test,1947,882,1841616,17117,24.0,512.0,prefix,1,tail,predicted,0.0,lru,longctx-session,0,102702,20260905-143910-m5p-feat-lc32ks-qwen-awq,20260905-144009-m5p-train-lc32ks-qwen-awq,cpu_arc,2474560.34,2474560.34,0.0,747014,737997,0,356605,1077485,0,,,2512.0,cpu_lru,-2.166,13.926,-15.55
20260905-210245-m5p-policy-toolagent-qwen-awq,2026-09-05T21:02:45.524027+08:00,fbea1a98,lc32ks,qwen-awq,nvme,test,1947,882,1841616,17117,24.0,512.0,prefix,1,tail,predicted,0.0,lru,longctx-session,0,102702,20260905-143910-m5p-feat-lc32ks-qwen-awq,20260905-144009-m5p-train-lc32ks-qwen-awq,tier_fs,2506686.29,2506686.29,0.0,788480,704512,45056,303568,1036019,303421,,,2512.0,cpu_lru,-3.492,13.926,-25.08
20260905-210245-m5p-policy-toolagent-qwen-awq,2026-09-05T21:02:45.524151+08:00,fbea1a98,lc32ks,qwen-awq,nvme,test,1947,882,1841616,17117,24.0,512.0,prefix,1,tail,predicted,0.0,lru,longctx-session,0,102702,20260905-143910-m5p-feat-lc32ks-qwen-awq,20260905-144009-m5p-train-lc32ks-qwen-awq,oracle,2084794.13,2084794.13,0.0,1286921,251127,0,303568,251127,0,,,2512.0,cpu_lru,13.926,13.926,
20260905-210259-m5p-policy-toolagent-qwen-awq,2026-09-05T21:02:59.739734+08:00,fbea1a98,lc128ks,qwen-awq,nvme,test,186,92,768660,17117,24.0,512.0,prefix,1,tail,predicted,0.0,lru,longctx-session,0,102702,20260905-143141-m5p-feat-lc128ks-qwen-awq,20260905-143319-m5p-train-lc128ks-qwen-awq,full_gpu,6127520.06,6127520.06,0.0,376832,0,0,391828,0,0,,,2512.0,tier_fs,-271.458,0.0,
20260905-210259-m5p-policy-toolagent-qwen-awq,2026-09-05T21:02:59.739831+08:00,fbea1a98,lc128ks,qwen-awq,nvme,test,186,92,768660,17117,24.0,512.0,prefix,1,tail,predicted,0.0,lru,longctx-session,0,102702,20260905-143141-m5p-feat-lc128ks-qwen-awq,20260905-143319-m5p-train-lc128ks-qwen-awq,cpu_lru,1773974.35,1773974.35,0.0,376832,286720,0,105108,374711,0,,,2512.0,tier_fs,-7.54,0.0,
20260905-210259-m5p-policy-toolagent-qwen-awq,2026-09-05T21:02:59.739860+08:00,fbea1a98,lc128ks,qwen-awq,nvme,test,186,92,768660,17117,24.0,512.0,prefix,1,tail,predicted,0.0,lru,longctx-session,0,102702,20260905-143141-m5p-feat-lc128ks-qwen-awq,20260905-143319-m5p-train-lc128ks-qwen-awq,cpu_arc,1773974.35,1773974.35,0.0,362099,301453,0,105108,389444,0,,,2512.0,tier_fs,-7.54,0.0,
20260905-210259-m5p-policy-toolagent-qwen-awq,2026-09-05T21:02:59.739883+08:00,fbea1a98,lc128ks,qwen-awq,nvme,test,186,92,768660,17117,24.0,512.0,prefix,1,tail,predicted,0.0,lru,longctx-session,0,102702,20260905-143141-m5p-feat-lc128ks-qwen-awq,20260905-143319-m5p-train-lc128ks-qwen-awq,tier_fs,1649587.33,1649587.33,0.0,376832,286720,8192,96916,374711,59905,,,2512.0,tier_fs,0.0,0.0,
20260905-210259-m5p-policy-toolagent-qwen-awq,2026-09-05T21:02:59.739922+08:00,fbea1a98,lc128ks,qwen-awq,nvme,test,186,92,768660,17117,24.0,512.0,prefix,1,tail,predicted,0.0,lru,longctx-session,0,102702,20260905-143141-m5p-feat-lc128ks-qwen-awq,20260905-143319-m5p-train-lc128ks-qwen-awq,oracle,1649587.33,1649587.33,0.0,517433,154311,0,96916,154311,0,,,2512.0,tier_fs,0.0,0.0,
20260905-210307-m5p-policy-toolagent-qwen-awq,2026-09-05T21:03:07.449654+08:00,fbea1a98,lc128kz,qwen-awq,nvme,test,76,44,367620,17117,24.0,512.0,prefix,1,tail,predicted,0.0,lru,longctx-zipf,0,102702,20260905-143044-m5p-feat-lc128kz-qwen-awq,20260905-143310-m5p-train-lc128kz-qwen-awq,full_gpu,3925649.23,3925649.23,0.0,114688,0,0,252932,0,0,,,2512.0,tier_fs,-104.995,18.813,-558.11
20260905-210307-m5p-policy-toolagent-qwen-awq,2026-09-05T21:03:07.449722+08:00,fbea1a98,lc128kz,qwen-awq,nvme,test,76,44,367620,17117,24.0,512.0,prefix,1,tail,predicted,0.0,lru,longctx-zipf,0,102702,20260905-143044-m5p-feat-lc128kz-qwen-awq,20260905-143310-m5p-train-lc128kz-qwen-awq,cpu_lru,2433004.99,2433004.99,0.0,114688,98304,0,154628,235815,0,,,2512.0,tier_fs,-27.05,18.813,-143.79
20260905-210307-m5p-policy-toolagent-qwen-awq,2026-09-05T21:03:07.449746+08:00,fbea1a98,lc128kz,qwen-awq,nvme,test,76,44,367620,17117,24.0,512.0,prefix,1,tail,predicted,0.0,lru,longctx-zipf,0,102702,20260905-143044-m5p-feat-lc128kz-qwen-awq,20260905-143310-m5p-train-lc128kz-qwen-awq,cpu_arc,2557392.01,2557392.01,0.0,106903,97897,0,162820,239260,0,,,2512.0,tier_fs,-33.546,18.813,-178.31
20260905-210307-m5p-policy-toolagent-qwen-awq,2026-09-05T21:03:07.449766+08:00,fbea1a98,lc128kz,qwen-awq,nvme,test,76,44,367620,17117,24.0,512.0,prefix,1,tail,predicted,0.0,lru,longctx-zipf,0,102702,20260905-143044-m5p-feat-lc128kz-qwen-awq,20260905-143310-m5p-train-lc128kz-qwen-awq,tier_fs,1914996.27,1914996.27,0.0,114688,98304,65536,89092,235815,109425,,,2512.0,tier_fs,0.0,18.813,0.0
20260905-210307-m5p-policy-toolagent-qwen-awq,2026-09-05T21:03:07.449812+08:00,fbea1a98,lc128kz,qwen-awq,nvme,test,76,44,367620,17117,24.0,512.0,prefix,1,tail,predicted,0.0,lru,longctx-zipf,0,102702,20260905-143044-m5p-feat-lc128kz-qwen-awq,20260905-143310-m5p-train-lc128kz-qwen-awq,oracle,1554736.24,1554736.24,0.0,175697,90690,12141,89092,98882,12141,,,2512.0,tier_fs,18.813,18.813,
20260905-210426-m5p-policy-toolagent-qwen-awq,2026-09-05T21:04:26.494957+08:00,fbea1a98,toolagent,qwen-awq,nvme,test,16281,7327,3815786,17117,24.0,512.0,prefix,1,tail,predicted,0.0,lru,mooncake,1,17117,20260905-142724-m5p-feat-toolagent-qwen-awq,20260905-143558-m5p-train-toolagent-qwen-awq,full_gpu,23024619.03,15023937.65,8000681.38,1373442,0,0,2442344,0,0,0.0,1,2512.0,cpu_lru,-0.353,11.5,-3.07
20260905-210426-m5p-policy-toolagent-qwen-awq,2026-09-05T21:04:26.495446+08:00,fbea1a98,toolagent,qwen-awq,nvme,test,16281,7327,3815786,17117,24.0,512.0,prefix,1,tail,predicted,0.0,lru,mooncake,1,17117,20260905-142724-m5p-feat-toolagent-qwen-awq,20260905-143558-m5p-train-toolagent-qwen-awq,cpu_lru,22943603.7,14942922.32,8000681.38,1373442,17369,0,2424975,2425227,0,0.0,1,2512.0,cpu_lru,0.0,11.5,0.0
20260905-210426-m5p-policy-toolagent-qwen-awq,2026-09-05T21:04:26.495852+08:00,fbea1a98,toolagent,qwen-awq,nvme,test,16281,7327,3815786,17117,24.0,512.0,prefix,1,tail,predicted,0.0,lru,mooncake,1,17117,20260905-142724-m5p-feat-toolagent-qwen-awq,20260905-143558-m5p-train-toolagent-qwen-awq,cpu_arc,22947151.92,14946470.54,8000681.38,1376018,14105,0,2425663,2422651,0,0.0,1,2512.0,cpu_lru,-0.015,11.5,-0.13
20260905-210426-m5p-policy-toolagent-qwen-awq,2026-09-05T21:04:26.496263+08:00,fbea1a98,toolagent,qwen-awq,nvme,test,16281,7327,3815786,17117,24.0,512.0,prefix,1,tail,predicted,0.0,lru,mooncake,1,17117,20260905-142724-m5p-feat-toolagent-qwen-awq,20260905-143558-m5p-train-toolagent-qwen-awq,tier_fs,24838750.97,16838069.59,8000681.38,1373442,17369,647109,1777866,2425227,2379772,2006.1,1,2512.0,cpu_lru,-8.26,11.5,-71.83
20260905-210426-m5p-policy-toolagent-qwen-awq,2026-09-05T21:04:26.497062+08:00,fbea1a98,toolagent,qwen-awq,nvme,test,16281,7327,3815786,17117,24.0,512.0,prefix,1,tail,predicted,0.0,lru,mooncake,1,17117,20260905-142724-m5p-feat-toolagent-qwen-awq,20260905-143558-m5p-train-toolagent-qwen-awq,oracle,20305140.96,12304459.58,8000681.38,1630040,219291,1265,1965190,374071,31105,26.2,1,2512.0,cpu_lru,11.5,11.5,
20260905-210511-m5p-policy-toolagent-qwen-awq,2026-09-05T21:05:11.950881+08:00,fbea1a98,lc32ks,qwen-awq,nvme,test,1947,882,1841616,17117,24.0,512.0,prefix,1,tail,predicted,0.0,lru,longctx-session,0,102702,20260905-143910-m5p-feat-lc32ks-qwen-awq,20260905-144009-m5p-train-lc32ks-qwen-awq,full_gpu,6901987.68,6901987.68,0.0,788480,0,0,1053136,0,0,,,2512.0,cpu_lru,-184.958,13.926,-1328.12
20260905-210511-m5p-policy-toolagent-qwen-awq,2026-09-05T21:05:11.951049+08:00,fbea1a98,lc32ks,qwen-awq,nvme,test,1947,882,1841616,17117,24.0,512.0,prefix,1,tail,predicted,0.0,lru,longctx-session,0,102702,20260905-143910-m5p-feat-lc32ks-qwen-awq,20260905-144009-m5p-train-lc32ks-qwen-awq,cpu_lru,2422104.04,2422104.04,0.0,788480,704512,0,348624,1036019,0,,,2512.0,cpu_lru,0.0,13.926,0.0
20260905-210511-m5p-policy-toolagent-qwen-awq,2026-09-05T21:05:11.951117+08:00,fbea1a98,lc32ks,qwen-awq,nvme,test,1947,882,1841616,17117,24.0,512.0,prefix,1,tail,predicted,0.0,lru,longctx-session,0,102702,20260905-143910-m5p-feat-lc32ks-qwen-awq,20260905-144009-m5p-train-lc32ks-qwen-awq,cpu_arc,2474560.34,2474560.34,0.0,747014,737997,0,356605,1077485,0,,,2512.0,cpu_lru,-2.166,13.926,-15.55
20260905-210511-m5p-policy-toolagent-qwen-awq,2026-09-05T21:05:11.951179+08:00,fbea1a98,lc32ks,qwen-awq,nvme,test,1947,882,1841616,17117,24.0,512.0,prefix,1,tail,predicted,0.0,lru,longctx-session,0,102702,20260905-143910-m5p-feat-lc32ks-qwen-awq,20260905-144009-m5p-train-lc32ks-qwen-awq,tier_fs,2506686.29,2506686.29,0.0,788480,704512,45056,303568,1036019,303421,,,2512.0,cpu_lru,-3.492,13.926,-25.08
20260905-210511-m5p-policy-toolagent-qwen-awq,2026-09-05T21:05:11.951241+08:00,fbea1a98,lc32ks,qwen-awq,nvme,test,1947,882,1841616,17117,24.0,512.0,prefix,1,tail,predicted,0.0,lru,longctx-session,0,102702,20260905-143910-m5p-feat-lc32ks-qwen-awq,20260905-144009-m5p-train-lc32ks-qwen-awq,tiara_sym_l2_tierlru,4754448.37,4754448.37,0.0,141841,1106643,289564,303568,1649218,514489,,,2512.0,cpu_lru,-96.294,13.926,-691.45
20260905-210511-m5p-policy-toolagent-qwen-awq,2026-09-05T21:05:11.951300+08:00,fbea1a98,lc32ks,qwen-awq,nvme,test,1947,882,1841616,17117,24.0,512.0,prefix,1,tail,predicted,0.0,lru,longctx-session,0,102702,20260905-143910-m5p-feat-lc32ks-qwen-awq,20260905-144009-m5p-train-lc32ks-qwen-awq,oracle,2084794.13,2084794.13,0.0,1286921,251127,0,303568,251127,0,,,2512.0,cpu_lru,13.926,13.926,
20260905-210525-m5p-policy-toolagent-qwen-awq,2026-09-05T21:05:25.902982+08:00,fbea1a98,lc128ks,qwen-awq,nvme,test,186,92,768660,17117,24.0,512.0,prefix,1,tail,predicted,0.0,lru,longctx-session,0,102702,20260905-143141-m5p-feat-lc128ks-qwen-awq,20260905-143319-m5p-train-lc128ks-qwen-awq,full_gpu,6127520.06,6127520.06,0.0,376832,0,0,391828,0,0,,,2512.0,tier_fs,-271.458,0.0,
20260905-210525-m5p-policy-toolagent-qwen-awq,2026-09-05T21:05:25.903083+08:00,fbea1a98,lc128ks,qwen-awq,nvme,test,186,92,768660,17117,24.0,512.0,prefix,1,tail,predicted,0.0,lru,longctx-session,0,102702,20260905-143141-m5p-feat-lc128ks-qwen-awq,20260905-143319-m5p-train-lc128ks-qwen-awq,cpu_lru,1773974.35,1773974.35,0.0,376832,286720,0,105108,374711,0,,,2512.0,tier_fs,-7.54,0.0,
20260905-210525-m5p-policy-toolagent-qwen-awq,2026-09-05T21:05:25.903112+08:00,fbea1a98,lc128ks,qwen-awq,nvme,test,186,92,768660,17117,24.0,512.0,prefix,1,tail,predicted,0.0,lru,longctx-session,0,102702,20260905-143141-m5p-feat-lc128ks-qwen-awq,20260905-143319-m5p-train-lc128ks-qwen-awq,cpu_arc,1773974.35,1773974.35,0.0,362099,301453,0,105108,389444,0,,,2512.0,tier_fs,-7.54,0.0,
20260905-210525-m5p-policy-toolagent-qwen-awq,2026-09-05T21:05:25.903136+08:00,fbea1a98,lc128ks,qwen-awq,nvme,test,186,92,768660,17117,24.0,512.0,prefix,1,tail,predicted,0.0,lru,longctx-session,0,102702,20260905-143141-m5p-feat-lc128ks-qwen-awq,20260905-143319-m5p-train-lc128ks-qwen-awq,tier_fs,1649587.33,1649587.33,0.0,376832,286720,8192,96916,374711,59905,,,2512.0,tier_fs,0.0,0.0,
20260905-210525-m5p-policy-toolagent-qwen-awq,2026-09-05T21:05:25.903155+08:00,fbea1a98,lc128ks,qwen-awq,nvme,test,186,92,768660,17117,24.0,512.0,prefix,1,tail,predicted,0.0,lru,longctx-session,0,102702,20260905-143141-m5p-feat-lc128ks-qwen-awq,20260905-143319-m5p-train-lc128ks-qwen-awq,tiara_sym_l2_tierlru,2124082.86,2124082.86,0.0,108506,498208,65030,96916,643037,116743,,,2512.0,tier_fs,-28.764,0.0,
20260905-210525-m5p-policy-toolagent-qwen-awq,2026-09-05T21:05:25.903174+08:00,fbea1a98,lc128ks,qwen-awq,nvme,test,186,92,768660,17117,24.0,512.0,prefix,1,tail,predicted,0.0,lru,longctx-session,0,102702,20260905-143141-m5p-feat-lc128ks-qwen-awq,20260905-143319-m5p-train-lc128ks-qwen-awq,oracle,1649587.33,1649587.33,0.0,517433,154311,0,96916,154311,0,,,2512.0,tier_fs,0.0,0.0,
20260905-210533-m5p-policy-toolagent-qwen-awq,2026-09-05T21:05:33.792198+08:00,fbea1a98,lc128kz,qwen-awq,nvme,test,76,44,367620,17117,24.0,512.0,prefix,1,tail,predicted,0.0,lru,longctx-zipf,0,102702,20260905-143044-m5p-feat-lc128kz-qwen-awq,20260905-143310-m5p-train-lc128kz-qwen-awq,full_gpu,3925649.23,3925649.23,0.0,114688,0,0,252932,0,0,,,2512.0,tier_fs,-104.995,18.813,-558.11
20260905-210533-m5p-policy-toolagent-qwen-awq,2026-09-05T21:05:33.792259+08:00,fbea1a98,lc128kz,qwen-awq,nvme,test,76,44,367620,17117,24.0,512.0,prefix,1,tail,predicted,0.0,lru,longctx-zipf,0,102702,20260905-143044-m5p-feat-lc128kz-qwen-awq,20260905-143310-m5p-train-lc128kz-qwen-awq,cpu_lru,2433004.99,2433004.99,0.0,114688,98304,0,154628,235815,0,,,2512.0,tier_fs,-27.05,18.813,-143.79
20260905-210533-m5p-policy-toolagent-qwen-awq,2026-09-05T21:05:33.792282+08:00,fbea1a98,lc128kz,qwen-awq,nvme,test,76,44,367620,17117,24.0,512.0,prefix,1,tail,predicted,0.0,lru,longctx-zipf,0,102702,20260905-143044-m5p-feat-lc128kz-qwen-awq,20260905-143310-m5p-train-lc128kz-qwen-awq,cpu_arc,2557392.01,2557392.01,0.0,106903,97897,0,162820,239260,0,,,2512.0,tier_fs,-33.546,18.813,-178.31
20260905-210533-m5p-policy-toolagent-qwen-awq,2026-09-05T21:05:33.792301+08:00,fbea1a98,lc128kz,qwen-awq,nvme,test,76,44,367620,17117,24.0,512.0,prefix,1,tail,predicted,0.0,lru,longctx-zipf,0,102702,20260905-143044-m5p-feat-lc128kz-qwen-awq,20260905-143310-m5p-train-lc128kz-qwen-awq,tier_fs,1914996.27,1914996.27,0.0,114688,98304,65536,89092,235815,109425,,,2512.0,tier_fs,0.0,18.813,0.0
20260905-210533-m5p-policy-toolagent-qwen-awq,2026-09-05T21:05:33.792318+08:00,fbea1a98,lc128kz,qwen-awq,nvme,test,76,44,367620,17117,24.0,512.0,prefix,1,tail,predicted,0.0,lru,longctx-zipf,0,102702,20260905-143044-m5p-feat-lc128kz-qwen-awq,20260905-143310-m5p-train-lc128kz-qwen-awq,tiara_sym_l2_tierlru,1917511.71,1917511.71,0.0,146406,66471,65651,89092,204097,109540,,,2512.0,tier_fs,-0.131,18.813,-0.7
20260905-210533-m5p-policy-toolagent-qwen-awq,2026-09-05T21:05:33.792334+08:00,fbea1a98,lc128kz,qwen-awq,nvme,test,76,44,367620,17117,24.0,512.0,prefix,1,tail,predicted,0.0,lru,longctx-zipf,0,102702,20260905-143044-m5p-feat-lc128kz-qwen-awq,20260905-143310-m5p-train-lc128kz-qwen-awq,oracle,1554736.24,1554736.24,0.0,175697,90690,12141,89092,98882,12141,,,2512.0,tier_fs,18.813,18.813,
20260905-210650-m5p-policy-toolagent-qwen-awq,2026-09-05T21:06:50.490575+08:00,fbea1a98,toolagent,qwen-awq,nvme,test,16281,7327,3815786,17117,24.0,512.0,prefix,1,tail,predicted,0.0,lru,mooncake,1,17117,20260905-142724-m5p-feat-toolagent-qwen-awq,20260905-143558-m5p-train-toolagent-qwen-awq,full_gpu,23024619.03,15023937.65,8000681.38,1373442,0,0,2442344,0,0,0.0,1,2512.0,cpu_lru,-0.353,11.5,-3.07
20260905-210650-m5p-policy-toolagent-qwen-awq,2026-09-05T21:06:50.491047+08:00,fbea1a98,toolagent,qwen-awq,nvme,test,16281,7327,3815786,17117,24.0,512.0,prefix,1,tail,predicted,0.0,lru,mooncake,1,17117,20260905-142724-m5p-feat-toolagent-qwen-awq,20260905-143558-m5p-train-toolagent-qwen-awq,cpu_lru,22943603.7,14942922.32,8000681.38,1373442,17369,0,2424975,2425227,0,0.0,1,2512.0,cpu_lru,0.0,11.5,0.0
20260905-210650-m5p-policy-toolagent-qwen-awq,2026-09-05T21:06:50.491428+08:00,fbea1a98,toolagent,qwen-awq,nvme,test,16281,7327,3815786,17117,24.0,512.0,prefix,1,tail,predicted,0.0,lru,mooncake,1,17117,20260905-142724-m5p-feat-toolagent-qwen-awq,20260905-143558-m5p-train-toolagent-qwen-awq,cpu_arc,22947151.92,14946470.54,8000681.38,1376018,14105,0,2425663,2422651,0,0.0,1,2512.0,cpu_lru,-0.015,11.5,-0.13
20260905-210650-m5p-policy-toolagent-qwen-awq,2026-09-05T21:06:50.491799+08:00,fbea1a98,toolagent,qwen-awq,nvme,test,16281,7327,3815786,17117,24.0,512.0,prefix,1,tail,predicted,0.0,lru,mooncake,1,17117,20260905-142724-m5p-feat-toolagent-qwen-awq,20260905-143558-m5p-train-toolagent-qwen-awq,tier_fs,24838750.97,16838069.59,8000681.38,1373442,17369,647109,1777866,2425227,2379772,2006.1,1,2512.0,cpu_lru,-8.26,11.5,-71.83
20260905-210650-m5p-policy-toolagent-qwen-awq,2026-09-05T21:06:50.492168+08:00,fbea1a98,toolagent,qwen-awq,nvme,test,16281,7327,3815786,17117,24.0,512.0,prefix,1,tail,predicted,0.0,lru,mooncake,1,17117,20260905-142724-m5p-feat-toolagent-qwen-awq,20260905-143558-m5p-train-toolagent-qwen-awq,tiara_sym_l2_tierlru,22808201.24,14807519.87,8000681.38,1399650,11140,0,2404996,818581,139,0.1,1,2512.0,cpu_lru,0.59,11.5,5.13
20260905-210650-m5p-policy-toolagent-qwen-awq,2026-09-05T21:06:50.492555+08:00,fbea1a98,toolagent,qwen-awq,nvme,test,16281,7327,3815786,17117,24.0,512.0,prefix,1,tail,predicted,0.0,lru,mooncake,1,17117,20260905-142724-m5p-feat-toolagent-qwen-awq,20260905-143558-m5p-train-toolagent-qwen-awq,oracle,20305140.96,12304459.58,8000681.38,1630040,219291,1265,1965190,374071,31105,26.2,1,2512.0,cpu_lru,11.5,11.5,
20260905-210717-m5p-policy-toolagent-qwen-awq,2026-09-05T21:07:17.017020+08:00,fbea1a98,lc128kz,qwen-awq,nvme,full,0,120,1002600,17117,24.0,512.0,prefix,1,tail,predicted,0.0,predicted,longctx-zipf,0,102702,20260905-143044-m5p-feat-lc128kz-qwen-awq,20260905-143310-m5p-train-lc128kz-qwen-awq,full_gpu,9733835.75,9733835.75,0.0,376832,0,0,625768,0,0,,,2512.0,tier_fs,-155.763,34.666,-449.32
20260905-210717-m5p-policy-toolagent-qwen-awq,2026-09-05T21:07:17.017131+08:00,fbea1a98,lc128kz,qwen-awq,nvme,full,0,120,1002600,17117,24.0,512.0,prefix,1,tail,predicted,0.0,predicted,longctx-zipf,0,102702,20260905-143044-m5p-feat-lc128kz-qwen-awq,20260905-143310-m5p-train-lc128kz-qwen-awq,cpu_lru,5007128.98,5007128.98,0.0,376832,311296,0,314472,608651,0,,,2512.0,tier_fs,-31.566,34.666,-91.06
20260905-210717-m5p-policy-toolagent-qwen-awq,2026-09-05T21:07:17.017158+08:00,fbea1a98,lc128kz,qwen-awq,nvme,full,0,120,1002600,17117,24.0,512.0,prefix,1,tail,predicted,0.0,predicted,longctx-zipf,0,102702,20260905-143044-m5p-feat-lc128kz-qwen-awq,20260905-143310-m5p-train-lc128kz-qwen-awq,cpu_arc,5129593.99,5129593.99,0.0,310115,370310,0,322175,675368,0,,,2512.0,tier_fs,-34.783,34.666,-100.34
20260905-210717-m5p-policy-toolagent-qwen-awq,2026-09-05T21:07:17.017183+08:00,fbea1a98,lc128kz,qwen-awq,nvme,full,0,120,1002600,17117,24.0,512.0,prefix,1,tail,predicted,0.0,predicted,longctx-zipf,0,102702,20260905-143044-m5p-feat-lc128kz-qwen-awq,20260905-143310-m5p-train-lc128kz-qwen-awq,tier_fs,3805803.22,3805803.22,0.0,376832,311296,204800,109672,608651,269269,,,2512.0,tier_fs,0.0,34.666,0.0
20260905-210717-m5p-policy-toolagent-qwen-awq,2026-09-05T21:07:17.017206+08:00,fbea1a98,lc128kz,qwen-awq,nvme,full,0,120,1002600,17117,24.0,512.0,prefix,1,tail,predicted,0.0,predicted,longctx-zipf,0,102702,20260905-143044-m5p-feat-lc128kz-qwen-awq,20260905-143310-m5p-train-lc128kz-qwen-awq,tiara_sym_l2,4419844.62,4419844.62,0.0,205464,405331,282133,109672,437124,346602,,,2512.0,tier_fs,-16.134,34.666,-46.54
20260905-210717-m5p-policy-toolagent-qwen-awq,2026-09-05T21:07:17.017228+08:00,fbea1a98,lc128kz,qwen-awq,nvme,full,0,120,1002600,17117,24.0,512.0,prefix,1,tail,predicted,0.0,predicted,longctx-zipf,0,102702,20260905-143044-m5p-feat-lc128kz-qwen-awq,20260905-143310-m5p-train-lc128kz-qwen-awq,oracle,2486479.42,2486479.42,0.0,574777,257152,60999,109672,289626,60999,,,2512.0,tier_fs,34.666,34.666,
20260905-210819-m5p-policy-toolagent-qwen-awq,2026-09-05T21:08:19.913921+08:00,fbea1a98,lc128kz,qwen-awq,nvme,full,0,120,1002600,17117,24.0,512.0,prefix,1,tail,predicted,0.0,predicted,longctx-zipf,0,102702,20260905-143044-m5p-feat-lc128kz-qwen-awq,20260905-143310-m5p-train-lc128kz-qwen-awq,full_gpu,9733835.75,9733835.75,0.0,376832,0,0,625768,0,0,,,2512.0,tier_fs,-155.763,34.666,-449.32
20260905-210819-m5p-policy-toolagent-qwen-awq,2026-09-05T21:08:19.914024+08:00,fbea1a98,lc128kz,qwen-awq,nvme,full,0,120,1002600,17117,24.0,512.0,prefix,1,tail,predicted,0.0,predicted,longctx-zipf,0,102702,20260905-143044-m5p-feat-lc128kz-qwen-awq,20260905-143310-m5p-train-lc128kz-qwen-awq,cpu_lru,5007128.98,5007128.98,0.0,376832,311296,0,314472,608651,0,,,2512.0,tier_fs,-31.566,34.666,-91.06
20260905-210819-m5p-policy-toolagent-qwen-awq,2026-09-05T21:08:19.914054+08:00,fbea1a98,lc128kz,qwen-awq,nvme,full,0,120,1002600,17117,24.0,512.0,prefix,1,tail,predicted,0.0,predicted,longctx-zipf,0,102702,20260905-143044-m5p-feat-lc128kz-qwen-awq,20260905-143310-m5p-train-lc128kz-qwen-awq,cpu_arc,5129593.99,5129593.99,0.0,310115,370310,0,322175,675368,0,,,2512.0,tier_fs,-34.783,34.666,-100.34
20260905-210819-m5p-policy-toolagent-qwen-awq,2026-09-05T21:08:19.914075+08:00,fbea1a98,lc128kz,qwen-awq,nvme,full,0,120,1002600,17117,24.0,512.0,prefix,1,tail,predicted,0.0,predicted,longctx-zipf,0,102702,20260905-143044-m5p-feat-lc128kz-qwen-awq,20260905-143310-m5p-train-lc128kz-qwen-awq,tier_fs,3805803.22,3805803.22,0.0,376832,311296,204800,109672,608651,269269,,,2512.0,tier_fs,0.0,34.666,0.0
20260905-210819-m5p-policy-toolagent-qwen-awq,2026-09-05T21:08:19.914100+08:00,fbea1a98,lc128kz,qwen-awq,nvme,full,0,120,1002600,17117,24.0,512.0,prefix,1,tail,predicted,0.0,predicted,longctx-zipf,0,102702,20260905-143044-m5p-feat-lc128kz-qwen-awq,20260905-143310-m5p-train-lc128kz-qwen-awq,tiara_sym_l2,4419844.62,4419844.62,0.0,205464,405331,282133,109672,437124,346602,,,2512.0,tier_fs,-16.134,34.666,-46.54
20260905-210819-m5p-policy-toolagent-qwen-awq,2026-09-05T21:08:19.914120+08:00,fbea1a98,lc128kz,qwen-awq,nvme,full,0,120,1002600,17117,24.0,512.0,prefix,1,tail,predicted,0.0,predicted,longctx-zipf,0,102702,20260905-143044-m5p-feat-lc128kz-qwen-awq,20260905-143310-m5p-train-lc128kz-qwen-awq,oracle,2486479.42,2486479.42,0.0,574777,257152,60999,109672,289626,60999,,,2512.0,tier_fs,34.666,34.666,
