key	url
bidaw2026	https://www.usenix.org/system/files/fast26-hu-shipeng.pdf
flexgen2023	https://arxiv.org/pdf/2303.06865
cachedattention2024	https://arxiv.org/pdf/2403.19708
mooncake2025	https://arxiv.org/pdf/2407.00079
kvdrive2026	https://arxiv.org/pdf/2605.18071
tutti2026	https://arxiv.org/pdf/2605.03375
mtds2026	https://link.springer.com/content/pdf/10.1007/s40747-025-02200-4.pdf
arkvale2024	https://papers.nips.cc/paper_files/paper/2024/file/cd4b49379efac6e84186a3ffce108c37-Paper-Conference.pdf
qevict2026	https://arxiv.org/pdf/2608.05326
kvp2026	https://arxiv.org/pdf/2602.10238
foresightkv2026	https://arxiv.org/pdf/2602.03203
lookaheadkv2026	https://arxiv.org/pdf/2603.10899
marconi2025	https://arxiv.org/pdf/2411.19379
cake2025	https://arxiv.org/pdf/2410.03065
kvpr2025	https://arxiv.org/pdf/2411.17089
hcache2025	https://arxiv.org/pdf/2410.05004
cacheblend2025	https://arxiv.org/pdf/2405.16444
kvserve2026	https://arxiv.org/pdf/2605.13734
evicpress2025	https://arxiv.org/pdf/2512.14946
adaptcache2025	https://arxiv.org/pdf/2509.00105
leoam2025	https://arxiv.org/pdf/2506.20187
orbitflow2026	https://arxiv.org/pdf/2601.10729
hetmem2025	https://arxiv.org/pdf/2508.13231
infinigen2024	https://arxiv.org/pdf/2406.19707
quest2024	https://arxiv.org/pdf/2406.10774
shadowkv2025	https://arxiv.org/pdf/2410.21465
lmcache2025	https://arxiv.org/pdf/2510.09665
bottlenecks2026	https://arxiv.org/pdf/2601.19910
yakv2026	https://arxiv.org/pdf/2604.08426
saecache2026	https://arxiv.org/pdf/2605.18825
trimkv2025	https://arxiv.org/pdf/2512.03324
kvsurvey2026	https://arxiv.org/pdf/2607.08057
kivi2024	https://arxiv.org/pdf/2402.02750
kvtuner2025	https://arxiv.org/pdf/2502.04420
strata2026	(user-provided) ~/Downloads/osdi26-xie-zhiqiang.pdf
mtds2026	(user-provided) ~/Downloads/s40747-025-02200-4 (1).pdf
cacheflow2026	https://arxiv.org/pdf/2604.25080v2
