ts,src,io_model,ssd_dev,gap_s,ssd_frac,wl_seed,cpu_gibps,release,workload,cpu_frac,best,n_cand,cand,min_ssd_nwt,min_ssd_nwt_by,wt_in_band,min_ssd_wt,wt_adv
2026-10-09T16:52:02+00:00,b2_share.csv,share,nfs,0.0,1.0,0,3.69,hold,doc,0.25,S2b,4,S2b S4+ S5 S5c,25.125,S4+,S5 S5c,25.125,False
2026-10-09T16:52:02+00:00,b2_share.csv,share,nfs,0.0,1.0,0,3.69,hold,doc,0.5,S5L,2,S4B S5L,16.75,S4B,S5L,16.75,False
2026-10-09T16:52:02+00:00,b2_share.csv,share,nfs,0.0,1.0,0,35.42,hold,chat,0.25,S1,1,S1,32.0,S1,,,False
2026-10-09T16:52:02+00:00,b2_share.csv,share,nfs,0.0,1.0,0,35.42,hold,chat,0.5,S1,2,S1 S5c,32.0,S1,S5c,21.0,True
2026-10-09T16:52:02+00:00,b2_share.csv,share,nfs,0.0,1.0,1,3.69,hold,doc,0.25,S5c,2,S2b S5c,32.75,S2b,S5c,25.5,True
2026-10-09T16:52:02+00:00,b2_share.csv,share,nfs,0.0,1.0,1,3.69,hold,doc,0.5,S1,1,S1,32.75,S1,,,False
2026-10-09T16:52:02+00:00,b_fifo.csv,fifo,nfs,0.0,1.0,0,35.42,free,chat,0.25,S4,1,S4,24.0,S4,,,False
2026-10-09T16:52:02+00:00,b_fifo.csv,fifo,nfs,0.0,1.0,0,35.42,free,chat,0.5,S4,3,S1 S4 S4+P,16.0,S4+P,,,False
2026-10-09T16:52:02+00:00,b_share.csv,share,local,0.0,1.0,0,35.42,free,chat,0.25,S4,3,S1 S4 S4+P,24.0,S4,,,False
2026-10-09T16:52:02+00:00,b_share.csv,share,local,0.0,1.0,0,35.42,free,chat,0.5,S1,6,S1 S4 S4+ S4+P S5 S5s,16.0,S4+,S5 S5s,16.0,False
2026-10-09T16:52:02+00:00,b_share.csv,share,nfs,0.0,0.5,0,35.42,free,chat,0.25,S4,3,S1 S4 S4+P,24.0,S4,,,False
2026-10-09T16:52:02+00:00,b_share.csv,share,nfs,0.0,0.5,0,35.42,free,chat,0.5,S1,5,S1 S4 S4+ S4+P S5,16.0,S4+,S5,16.0,False
2026-10-09T16:52:02+00:00,b_share.csv,share,nfs,0.0,1.0,0,35.42,free,chat,0.25,S4,3,S1 S4 S4+P,24.0,S4,,,False
2026-10-09T16:52:02+00:00,b_share.csv,share,nfs,0.0,1.0,0,35.42,free,chat,0.5,R0,7,R0 S1 S2b S4 S4+ S4+P S5,16.0,S4+,S5,16.0,False
2026-10-09T16:52:02+00:00,b_share.csv,share,nfs,0.0,1.0,0,35.42,free,chat,1.0,R0,7,R0 S1 S2b S4 S4+ S4+P S5,0.0,S4,S5,0.0,False
2026-10-09T16:52:02+00:00,b_share.csv,share,nfs,0.0,1.0,1,35.42,free,chat,0.25,S1,3,S1 S4 S4+P,12.0,S4,,,False
2026-10-09T16:52:02+00:00,b_share.csv,share,nfs,0.0,1.0,1,35.42,free,chat,0.5,S4,5,S1 S4 S4+ S4+P S5,4.0,S4+,S5,4.0,False
2026-10-09T16:52:02+00:00,b_share.csv,share,nfs,0.0,1.0,2,35.42,free,chat,0.25,S4+,5,S1 S4 S4+ S4+P S5,17.0,S4,S5,17.0,False
2026-10-09T16:52:02+00:00,b_share.csv,share,nfs,0.0,1.0,2,35.42,free,chat,0.5,S4+P,5,S1 S4 S4+ S4+P S5,9.0,S4,S5,9.0,False
2026-10-09T16:52:02+00:00,b_share.csv,share,nfs,2.0,1.0,0,35.42,free,chat,0.25,S1,3,S1 S4 S4+P,24.0,S4,,,False
2026-10-09T16:52:02+00:00,b_share.csv,share,nfs,2.0,1.0,0,35.42,free,chat,0.5,S1,5,S1 S4 S4+ S4+P S5,16.0,S4+,S5,16.0,False
2026-10-09T16:52:02+00:00,b_share_cpu3.69.csv,share,nfs,0.0,1.0,0,3.69,free,chat,0.25,S4+P,3,S1 S4 S4+P,24.0,S4,,,False
2026-10-09T16:52:02+00:00,b_share_cpu3.69.csv,share,nfs,0.0,1.0,0,3.69,free,chat,0.5,S5,5,S1 S4 S4+ S4+P S5,16.0,S4+,S5,16.0,False
