run_id,ts,model,kv_bytes_per_token,chunk_MiB,gibps,ell_ms,f0_ms,f63_ms,f_sum_s,load_all_s,cake_s,b,b_frac,speedup_vs_best
20261009-171842-r1-c1-llama31-8b,2026-10-09T17:57:42+00:00,llama31_8b,131072,64.0,0.33,189.3939393939394,28.906,84.923,3.637631,12.121212121212121,2.604665,51,0.796875,1.396583053866812
20261009-171842-r1-c1-llama31-8b,2026-10-09T17:57:42+00:00,llama31_8b,131072,64.0,0.81,77.1604938271605,28.906,84.923,3.637631,4.938271604938271,1.8518518518518516,40,0.625,1.9643207400000002
20261009-171842-r1-c1-llama31-8b,2026-10-09T17:57:42+00:00,llama31_8b,131072,64.0,1.0,62.5,28.906,84.923,3.637631,4.0,1.6875,37,0.578125,2.155633185185185
20261009-171842-r1-c1-llama31-8b,2026-10-09T17:57:42+00:00,llama31_8b,131072,64.0,2.91,21.477663230240548,28.906,84.923,3.637631,1.3745704467353952,0.890212,23,0.359375,1.544093369596675
20261009-171842-r1-c1-llama31-8b,2026-10-09T17:57:42+00:00,llama31_8b,131072,64.0,3.69,16.93766937669377,28.906,84.923,3.637631,1.0840108401084012,0.7473299999999999,20,0.3125,1.4505116081361664
20261009-171842-r1-c1-llama31-8b,2026-10-09T17:57:42+00:00,llama31_8b,131072,64.0,6.98,8.954154727793696,28.906,84.923,3.637631,0.5730659025787965,0.45666189111747846,13,0.203125,1.2549019607843137
20261009-171842-r1-c1-llama31-8b,2026-10-09T17:57:42+00:00,llama31_8b,131072,64.0,11.6,5.387931034482759,28.906,84.923,3.637631,0.3448275862068966,0.29633620689655177,9,0.140625,1.1636363636363636
20261009-171842-r1-c1-llama31-8b,2026-10-09T17:57:42+00:00,llama31_8b,131072,64.0,35.4159,1.7647440838719333,28.906,84.923,3.637631,0.11294362136780373,0.10764938911618793,3,0.046875,1.0491803278688523
20261009-175625-r1-c1-longalpaca7b-fix,2026-10-09T17:57:42+00:00,longalpaca7b,524288,256.0,0.33,757.5757575757576,29.813,86.286,3.71042,48.484848484848484,3.370839,60,0.9375,1.1007407947991583
20261009-175625-r1-c1-longalpaca7b-fix,2026-10-09T17:57:42+00:00,longalpaca7b,524288,256.0,0.81,308.641975308642,29.813,86.286,3.71042,19.753086419753085,2.967485,55,0.859375,1.250358468534803
20261009-175625-r1-c1-longalpaca7b-fix,2026-10-09T17:57:42+00:00,longalpaca7b,524288,256.0,1.0,250.0,29.813,86.286,3.71042,16.0,2.812078,53,0.828125,1.3194584218503185
20261009-175625-r1-c1-longalpaca7b-fix,2026-10-09T17:57:42+00:00,longalpaca7b,524288,256.0,2.91,85.91065292096219,29.813,86.286,3.71042,5.498281786941581,1.9759450171821307,41,0.640625,1.8777951652173912
20261009-175625-r1-c1-longalpaca7b-fix,2026-10-09T17:57:42+00:00,longalpaca7b,524288,256.0,3.69,67.75067750677508,29.813,86.286,3.71042,4.336043360433605,1.762682,38,0.59375,2.1049854710038454
20261009-175625-r1-c1-longalpaca7b-fix,2026-10-09T17:57:42+00:00,longalpaca7b,524288,256.0,6.98,35.816618911174785,29.813,86.286,3.71042,2.292263610315186,1.2535816618911173,29,0.453125,1.8285714285714287
20261009-175625-r1-c1-longalpaca7b-fix,2026-10-09T17:57:42+00:00,longalpaca7b,524288,256.0,11.6,21.551724137931036,29.813,86.286,3.71042,1.3793103448275863,0.9051724137931035,22,0.34375,1.5238095238095237
20261009-175625-r1-c1-longalpaca7b-fix,2026-10-09T17:57:42+00:00,longalpaca7b,524288,256.0,35.4159,7.058976335487733,29.813,86.286,3.71042,0.4517744854712149,0.376101,11,0.171875,1.2012052227226593
20261009-172430-r1-c1-qwen3-30b-a3b-grouped,2026-10-09T17:57:42+00:00,qwen3_30b_a3b_grouped,98304,48.0,0.33,142.04545454545453,217.02,279.61,15.335059,9.09090909090909,5.539772727272727,25,0.390625,1.641025641025641
20261009-172430-r1-c1-qwen3-30b-a3b-grouped,2026-10-09T17:57:42+00:00,qwen3_30b_a3b_grouped,98304,48.0,0.81,57.87037037037037,217.02,279.61,15.335059,3.7037037037037033,2.937882,14,0.21875,1.2606713624657842
20261009-172430-r1-c1-qwen3-30b-a3b-grouped,2026-10-09T17:57:42+00:00,qwen3_30b_a3b_grouped,98304,48.0,1.0,46.875,217.02,279.61,15.335059,3.0,2.484375,11,0.171875,1.2075471698113207
20261009-172430-r1-c1-qwen3-30b-a3b-grouped,2026-10-09T17:57:42+00:00,qwen3_30b_a3b_grouped,98304,48.0,2.91,16.10824742268041,217.02,279.61,15.335059,1.0309278350515463,0.9664948453608246,4,0.0625,1.0666666666666667
20261009-172430-r1-c1-qwen3-30b-a3b-grouped,2026-10-09T17:57:42+00:00,qwen3_30b_a3b_grouped,98304,48.0,3.69,12.703252032520325,217.02,279.61,15.335059,0.8130081300813008,0.7748983739837398,3,0.046875,1.0491803278688525
20261009-172430-r1-c1-qwen3-30b-a3b-grouped,2026-10-09T17:57:42+00:00,qwen3_30b_a3b_grouped,98304,48.0,6.98,6.715616045845271,217.02,279.61,15.335059,0.4297994269340974,0.421406,2,0.03125,1.0199176730613646
20261009-172430-r1-c1-qwen3-30b-a3b-grouped,2026-10-09T17:57:42+00:00,qwen3_30b_a3b_grouped,98304,48.0,11.6,4.040948275862069,217.02,279.61,15.335059,0.25862068965517243,0.2545797413793104,1,0.015625,1.0158730158730158
20261009-172430-r1-c1-qwen3-30b-a3b-grouped,2026-10-09T17:57:42+00:00,qwen3_30b_a3b_grouped,98304,48.0,35.4159,1.3235580629039498,217.02,279.61,15.335059,0.0847077160258528,0.0847077160258528,0,0.0,1.0
20261009-173811-r1-c1-qwen3-30b-a3b-eager,2026-10-09T17:57:42+00:00,qwen3_30b_a3b_eager,98304,48.0,0.33,142.04545454545453,1404.21,1377.703,86.672244,9.09090909090909,8.238636363636363,6,0.09375,1.103448275862069
20261009-173811-r1-c1-qwen3-30b-a3b-eager,2026-10-09T17:57:42+00:00,qwen3_30b_a3b_eager,98304,48.0,0.81,57.87037037037037,1404.21,1377.703,86.672244,3.7037037037037033,3.5879629629629624,2,0.03125,1.032258064516129
20261009-173811-r1-c1-qwen3-30b-a3b-eager,2026-10-09T17:57:42+00:00,qwen3_30b_a3b_eager,98304,48.0,1.0,46.875,1404.21,1377.703,86.672244,3.0,2.90625,2,0.03125,1.032258064516129
20261009-173811-r1-c1-qwen3-30b-a3b-eager,2026-10-09T17:57:42+00:00,qwen3_30b_a3b_eager,98304,48.0,2.91,16.10824742268041,1404.21,1377.703,86.672244,1.0309278350515463,1.0309278350515463,0,0.0,1.0
20261009-173811-r1-c1-qwen3-30b-a3b-eager,2026-10-09T17:57:42+00:00,qwen3_30b_a3b_eager,98304,48.0,3.69,12.703252032520325,1404.21,1377.703,86.672244,0.8130081300813008,0.8130081300813008,0,0.0,1.0
20261009-173811-r1-c1-qwen3-30b-a3b-eager,2026-10-09T17:57:42+00:00,qwen3_30b_a3b_eager,98304,48.0,6.98,6.715616045845271,1404.21,1377.703,86.672244,0.4297994269340974,0.4297994269340974,0,0.0,1.0
20261009-173811-r1-c1-qwen3-30b-a3b-eager,2026-10-09T17:57:42+00:00,qwen3_30b_a3b_eager,98304,48.0,11.6,4.040948275862069,1404.21,1377.703,86.672244,0.25862068965517243,0.25862068965517243,0,0.0,1.0
20261009-173811-r1-c1-qwen3-30b-a3b-eager,2026-10-09T17:57:42+00:00,qwen3_30b_a3b_eager,98304,48.0,35.4159,1.3235580629039498,1404.21,1377.703,86.672244,0.0847077160258528,0.0847077160258528,0,0.0,1.0
