ts,sim_version,trace,model_profile,device,gpu_budget_tokens,gpu_tokens_override,profile_gpu_tokens,cpu_budget_gib,lookup,prefetch,oracle_dest,device_write_mibps_sustained,fs_root,cost_model,axis,synthetic,request_tokens,requeries_per_doc,reuse_pct,tail_frac,n_docs,requests,unique_blocks,pressure_x,single_request_fits,ssd_gib,policy,total_ms,gpu_hits,cpu_hits,ssd_hits,recompute,ssd_writes,cpu_writes,decode_ms,prefill_ms,evict_free,evict_to_cpu,evict_to_ssd,evict_free_pct,best_baseline,oracle_headroom_pct,verdict
2026-09-01T14:47:38.056249+08:00,b0d39dd4,surface:L32768:rq1.2,qwen-awq,nvme,273872,0,273872,24.0,prefix,1,best,2512.0,/home/hungwei,results/m4_oracle/qwen-awq-surface/cost_model.json,surface,longctx,32768,1.2,58.85,0.02,100,120,103104,6.02,1,512.0,full_gpu,1514841.03,73728,0,0,176832,0,0,359262.87,1155578.16,,,,,cpu_lru,,
2026-09-01T14:47:38.056307+08:00,b0d39dd4,surface:L32768:rq1.2,qwen-awq,nvme,273872,0,273872,24.0,prefix,1,best,2512.0,/home/hungwei,results/m4_oracle/qwen-awq-surface/cost_model.json,surface,longctx,32768,1.2,58.85,0.02,100,120,103104,6.02,1,512.0,cpu_lru,1212924.92,73728,47104,0,129728,0,159715,359262.87,853662.05,,,,,cpu_lru,,
2026-09-01T14:47:38.056326+08:00,b0d39dd4,surface:L32768:rq1.2,qwen-awq,nvme,273872,0,273872,24.0,prefix,1,best,2512.0,/home/hungwei,results/m4_oracle/qwen-awq-surface/cost_model.json,surface,longctx,32768,1.2,58.85,0.02,100,120,103104,6.02,1,512.0,cpu_arc,1225956.01,86900,31884,0,131776,0,146543,359262.87,866693.14,,,,,cpu_lru,,
2026-09-01T14:47:38.056338+08:00,b0d39dd4,surface:L32768:rq1.2,qwen-awq,nvme,273872,0,273872,24.0,prefix,1,best,2512.0,/home/hungwei,results/m4_oracle/qwen-awq-surface/cost_model.json,surface,longctx,32768,1.2,58.85,0.02,100,120,103104,6.02,1,512.0,tier_fs,1244019.42,73728,47104,26624,103104,84525,159715,359262.87,884756.55,,,,,cpu_lru,,
2026-09-01T14:47:38.056351+08:00,b0d39dd4,surface:L32768:rq1.2,qwen-awq,nvme,273872,0,273872,24.0,prefix,1,best,2512.0,/home/hungwei,results/m4_oracle/qwen-awq-surface/cost_model.json,surface,longctx,32768,1.2,58.85,0.02,100,120,103104,6.02,1,512.0,oracle,1039942.95,129175,18281,0,103104,0,18281,359262.87,680680.08,85987,18281,0,82.467,cpu_lru,14.262,MARGINAL
2026-09-01T14:47:40.338928+08:00,b0d39dd4,surface:L32768:rq2,qwen-awq,nvme,273872,0,273872,24.0,prefix,1,best,2512.0,/home/hungwei,results/m4_oracle/qwen-awq-surface/cost_model.json,surface,longctx,32768,2.0,67.84,0.02,60,120,80576,4.71,1,512.0,full_gpu,1395874.2,92160,0,0,158400,0,0,359262.87,1036611.33,,,,,cpu_arc,,
2026-09-01T14:47:40.338984+08:00,b0d39dd4,surface:L32768:rq2,qwen-awq,nvme,273872,0,273872,24.0,prefix,1,best,2512.0,/home/hungwei,results/m4_oracle/qwen-awq-surface/cost_model.json,surface,longctx,32768,2.0,67.84,0.02,60,120,80576,4.71,1,512.0,cpu_lru,951367.83,92160,69632,0,88768,0,141283,359262.87,592104.96,,,,,cpu_arc,,
2026-09-01T14:47:40.338998+08:00,b0d39dd4,surface:L32768:rq2,qwen-awq,nvme,273872,0,273872,24.0,prefix,1,best,2512.0,/home/hungwei,results/m4_oracle/qwen-awq-surface/cost_model.json,surface,longctx,32768,2.0,67.84,0.02,60,120,80576,4.71,1,512.0,cpu_arc,950445.63,102402,59390,0,88768,0,131041,359262.87,591182.76,,,,,cpu_arc,,
2026-09-01T14:47:40.339009+08:00,b0d39dd4,surface:L32768:rq2,qwen-awq,nvme,273872,0,273872,24.0,prefix,1,best,2512.0,/home/hungwei,results/m4_oracle/qwen-awq-surface/cost_model.json,surface,longctx,32768,2.0,67.84,0.02,60,120,80576,4.71,1,512.0,tier_fs,968161.26,92160,69632,8192,80576,43565,141283,359262.87,608898.39,,,,,cpu_arc,,
2026-09-01T14:47:40.339020+08:00,b0d39dd4,surface:L32768:rq2,qwen-awq,nvme,273872,0,273872,24.0,prefix,1,best,2512.0,/home/hungwei,results/m4_oracle/qwen-awq-surface/cost_model.json,surface,longctx,32768,2.0,67.84,0.02,60,120,80576,4.71,1,512.0,oracle,894539.05,155066,14918,0,80576,0,14918,359262.87,535276.18,63459,14918,0,80.966,cpu_arc,5.882,MARGINAL
2026-09-01T14:47:42.357745+08:00,b0d39dd4,surface:L32768:rq5,qwen-awq,nvme,273872,0,273872,24.0,prefix,1,best,2512.0,/home/hungwei,results/m4_oracle/qwen-awq-surface/cost_model.json,surface,longctx,32768,5.0,80.92,0.02,24,120,47808,2.79,1,512.0,full_gpu,1025755.18,149504,0,0,101056,0,0,359262.87,666492.31,,,,,cpu_arc,,
2026-09-01T14:47:42.357796+08:00,b0d39dd4,surface:L32768:rq5,qwen-awq,nvme,273872,0,273872,24.0,prefix,1,best,2512.0,/home/hungwei,results/m4_oracle/qwen-awq-surface/cost_model.json,surface,longctx,32768,5.0,80.92,0.02,24,120,47808,2.79,1,512.0,cpu_lru,687700.51,149504,53248,0,47808,0,83939,359262.87,328437.65,,,,,cpu_arc,,
2026-09-01T14:47:42.357810+08:00,b0d39dd4,surface:L32768:rq5,qwen-awq,nvme,273872,0,273872,24.0,prefix,1,best,2512.0,/home/hungwei,results/m4_oracle/qwen-awq-surface/cost_model.json,surface,longctx,32768,5.0,80.92,0.02,24,120,47808,2.79,1,512.0,cpu_arc,686127.59,158794,43958,0,47808,0,74649,359262.87,326864.72,,,,,cpu_arc,,
2026-09-01T14:47:42.357822+08:00,b0d39dd4,surface:L32768:rq5,qwen-awq,nvme,273872,0,273872,24.0,prefix,1,best,2512.0,/home/hungwei,results/m4_oracle/qwen-awq-surface/cost_model.json,surface,longctx,32768,5.0,80.92,0.02,24,120,47808,2.79,1,512.0,tier_fs,687700.51,149504,53248,0,47808,2605,83939,359262.87,328437.65,,,,,cpu_arc,,
2026-09-01T14:47:42.357833+08:00,b0d39dd4,surface:L32768:rq5,qwen-awq,nvme,273872,0,273872,24.0,prefix,1,best,2512.0,/home/hungwei,results/m4_oracle/qwen-awq-surface/cost_model.json,surface,longctx,32768,5.0,80.92,0.02,24,120,47808,2.79,1,512.0,oracle,683261.26,191197,11555,0,47808,0,11555,359262.87,323998.39,30691,11555,0,72.648,cpu_arc,0.418,NO_GO
2026-09-01T14:47:44.044086+08:00,b0d39dd4,surface:L32768:rq10,qwen-awq,nvme,273872,0,273872,24.0,prefix,1,best,2512.0,/home/hungwei,results/m4_oracle/qwen-awq-surface/cost_model.json,surface,longctx,32768,10.0,89.09,0.02,12,120,27328,1.6,1,512.0,full_gpu,642417.63,208896,0,0,41664,0,0,359262.87,283154.76,,,,,cpu_arc,,
2026-09-01T14:47:44.044133+08:00,b0d39dd4,surface:L32768:rq10,qwen-awq,nvme,273872,0,273872,24.0,prefix,1,best,2512.0,/home/hungwei,results/m4_oracle/qwen-awq-surface/cost_model.json,surface,longctx,32768,10.0,89.09,0.02,12,120,27328,1.6,1,512.0,cpu_lru,551529.16,208896,14336,0,27328,0,24547,359262.87,192266.29,,,,,cpu_arc,,
2026-09-01T14:47:44.044147+08:00,b0d39dd4,surface:L32768:rq10,qwen-awq,nvme,273872,0,273872,24.0,prefix,1,best,2512.0,/home/hungwei,results/m4_oracle/qwen-awq-surface/cost_model.json,surface,longctx,32768,10.0,89.09,0.02,12,120,27328,1.6,1,512.0,cpu_arc,550857.1,212410,10822,0,27328,0,21033,359262.87,191594.23,,,,,cpu_arc,,
2026-09-01T14:47:44.044157+08:00,b0d39dd4,surface:L32768:rq10,qwen-awq,nvme,273872,0,273872,24.0,prefix,1,best,2512.0,/home/hungwei,results/m4_oracle/qwen-awq-surface/cost_model.json,surface,longctx,32768,10.0,89.09,0.02,12,120,27328,1.6,1,512.0,tier_fs,551529.16,208896,14336,0,27328,0,24547,359262.87,192266.29,,,,,cpu_arc,,
2026-09-01T14:47:44.044168+08:00,b0d39dd4,surface:L32768:rq10,qwen-awq,nvme,273872,0,273872,24.0,prefix,1,best,2512.0,/home/hungwei,results/m4_oracle/qwen-awq-surface/cost_model.json,surface,longctx,32768,10.0,89.09,0.02,12,120,27328,1.6,1,512.0,oracle,549903.55,221917,1315,0,27328,0,1315,359262.87,190640.68,10211,1315,0,88.591,cpu_arc,0.173,NO_GO
2026-09-01T14:47:50.319312+08:00,b0d39dd4,surface:L65536:rq1.2,qwen-awq,nvme,273872,0,273872,24.0,prefix,1,best,2512.0,/home/hungwei,results/m4_oracle/qwen-awq-surface/cost_model.json,surface,longctx,65536,1.2,58.84,0.02,100,120,206328,12.05,1,512.0,full_gpu,4450153.41,86016,0,0,415224,0,0,504214.01,3945939.4,,,,,tier_fs,,
2026-09-01T14:47:50.319361+08:00,b0d39dd4,surface:L65536:rq1.2,qwen-awq,nvme,273872,0,273872,24.0,prefix,1,best,2512.0,/home/hungwei,results/m4_oracle/qwen-awq-surface/cost_model.json,surface,longctx,65536,1.2,58.84,0.02,100,120,206328,12.05,1,512.0,cpu_lru,3721391.59,86016,77824,0,337400,0,398107,504214.01,3217177.58,,,,,tier_fs,,
2026-09-01T14:47:50.319376+08:00,b0d39dd4,surface:L65536:rq1.2,qwen-awq,nvme,273872,0,273872,24.0,prefix,1,best,2512.0,/home/hungwei,results/m4_oracle/qwen-awq-surface/cost_model.json,surface,longctx,65536,1.2,58.84,0.02,100,120,206328,12.05,1,512.0,cpu_arc,3721391.59,103133,60707,0,337400,0,380990,504214.01,3217177.58,,,,,tier_fs,,
2026-09-01T14:47:50.319388+08:00,b0d39dd4,surface:L65536:rq1.2,qwen-awq,nvme,273872,0,273872,24.0,prefix,1,best,2512.0,/home/hungwei,results/m4_oracle/qwen-awq-surface/cost_model.json,surface,longctx,65536,1.2,58.84,0.02,100,120,206328,12.05,1,512.0,tier_fs,3336870.17,86016,77824,131072,206328,292197,398107,504214.01,2832656.16,,,,,tier_fs,,
2026-09-01T14:47:50.319400+08:00,b0d39dd4,surface:L65536:rq1.2,qwen-awq,nvme,273872,0,273872,24.0,prefix,1,best,2512.0,/home/hungwei,results/m4_oracle/qwen-awq-surface/cost_model.json,surface,longctx,65536,1.2,58.84,0.02,100,120,206328,12.05,1,512.0,oracle,2578721.59,195444,83231,16237,206328,16237,91423,504214.01,2074507.58,189211,83231,16237,63.735,tier_fs,22.72,GO
2026-09-01T14:47:56.357987+08:00,b0d39dd4,surface:L65536:rq2,qwen-awq,nvme,273872,0,273872,24.0,prefix,1,best,2512.0,/home/hungwei,results/m4_oracle/qwen-awq-surface/cost_model.json,surface,longctx,65536,2.0,67.83,0.02,60,120,161272,9.42,1,512.0,full_gpu,4066594.55,126976,0,0,374264,0,0,504214.01,3562380.54,,,,,tier_fs,,
2026-09-01T14:47:56.358036+08:00,b0d39dd4,surface:L65536:rq2,qwen-awq,nvme,273872,0,273872,24.0,prefix,1,best,2512.0,/home/hungwei,results/m4_oracle/qwen-awq-surface/cost_model.json,surface,longctx,65536,2.0,67.83,0.02,60,120,161272,9.42,1,512.0,cpu_lru,3299476.85,126976,81920,0,292344,0,357147,504214.01,2795262.84,,,,,tier_fs,,
2026-09-01T14:47:56.358051+08:00,b0d39dd4,surface:L65536:rq2,qwen-awq,nvme,273872,0,273872,24.0,prefix,1,best,2512.0,/home/hungwei,results/m4_oracle/qwen-awq-surface/cost_model.json,surface,longctx,65536,2.0,67.83,0.02,60,120,161272,9.42,1,512.0,cpu_arc,3337832.74,131317,73483,0,296440,0,352235,504214.01,2833618.73,,,,,tier_fs,,
2026-09-01T14:47:56.358064+08:00,b0d39dd4,surface:L65536:rq2,qwen-awq,nvme,273872,0,273872,24.0,prefix,1,best,2512.0,/home/hungwei,results/m4_oracle/qwen-awq-surface/cost_model.json,surface,longctx,65536,2.0,67.83,0.02,60,120,161272,9.42,1,512.0,tier_fs,3030023.09,126976,81920,131072,161272,247141,357147,504214.01,2525809.08,,,,,tier_fs,,
2026-09-01T14:47:56.358075+08:00,b0d39dd4,surface:L65536:rq2,qwen-awq,nvme,273872,0,273872,24.0,prefix,1,best,2512.0,/home/hungwei,results/m4_oracle/qwen-awq-surface/cost_model.json,surface,longctx,65536,2.0,67.83,0.02,60,120,161272,9.42,1,512.0,oracle,2195162.74,229678,94053,16237,161272,16237,102098,504214.01,1690948.73,144155,94053,16237,54.918,tier_fs,27.553,GO
2026-09-01T14:48:02.019801+08:00,b0d39dd4,surface:L65536:rq5,qwen-awq,nvme,273872,0,273872,24.0,prefix,1,best,2512.0,/home/hungwei,results/m4_oracle/qwen-awq-surface/cost_model.json,surface,longctx,65536,5.0,80.9,0.02,24,120,95736,5.59,1,512.0,full_gpu,3644679.82,172032,0,0,329208,0,0,504214.01,3140465.81,,,,,cpu_arc,,
2026-09-01T14:48:02.019848+08:00,b0d39dd4,surface:L65536:rq5,qwen-awq,nvme,273872,0,273872,24.0,prefix,1,best,2512.0,/home/hungwei,results/m4_oracle/qwen-awq-surface/cost_model.json,surface,longctx,65536,5.0,80.9,0.02,24,120,95736,5.59,1,512.0,cpu_lru,2072088.53,172032,167936,0,161272,0,312091,504214.01,1567874.52,,,,,cpu_arc,,
2026-09-01T14:48:02.019861+08:00,b0d39dd4,surface:L65536:rq5,qwen-awq,nvme,273872,0,273872,24.0,prefix,1,best,2512.0,/home/hungwei,results/m4_oracle/qwen-awq-surface/cost_model.json,surface,longctx,65536,5.0,80.9,0.02,24,120,95736,5.59,1,512.0,cpu_arc,2033732.64,161331,182733,0,157176,0,322792,504214.01,1529518.63,,,,,cpu_arc,,
2026-09-01T14:48:02.019871+08:00,b0d39dd4,surface:L65536:rq5,qwen-awq,nvme,273872,0,273872,24.0,prefix,1,best,2512.0,/home/hungwei,results/m4_oracle/qwen-awq-surface/cost_model.json,surface,longctx,65536,5.0,80.9,0.02,24,120,95736,5.59,1,512.0,tier_fs,2071607.24,172032,167936,65536,95736,116069,312091,504214.01,1567393.23,,,,,cpu_arc,,
2026-09-01T14:48:02.019882+08:00,b0d39dd4,surface:L65536:rq5,qwen-awq,nvme,273872,0,273872,24.0,prefix,1,best,2512.0,/home/hungwei,results/m4_oracle/qwen-awq-surface/cost_model.json,surface,longctx,65536,5.0,80.9,0.02,24,120,95736,5.59,1,512.0,oracle,1579101.41,296680,96683,12141,95736,12141,100632,504214.01,1074887.4,78619,96683,12141,41.077,cpu_arc,22.355,GO
2026-09-01T14:48:06.808334+08:00,b0d39dd4,surface:L65536:rq10,qwen-awq,nvme,273872,0,273872,24.0,prefix,1,best,2512.0,/home/hungwei,results/m4_oracle/qwen-awq-surface/cost_model.json,surface,longctx,65536,10.0,89.07,0.02,12,120,54776,3.2,1,512.0,full_gpu,2647426.8,278528,0,0,222712,0,0,504214.01,2143212.79,,,,,cpu_lru,,
2026-09-01T14:48:06.808385+08:00,b0d39dd4,surface:L65536:rq10,qwen-awq,nvme,273872,0,273872,24.0,prefix,1,best,2512.0,/home/hungwei,results/m4_oracle/qwen-awq-surface/cost_model.json,surface,longctx,65536,10.0,89.07,0.02,12,120,54776,3.2,1,512.0,cpu_lru,1151547.28,278528,159744,0,62968,0,205595,504214.01,647333.27,,,,,cpu_lru,,
2026-09-01T14:48:06.808398+08:00,b0d39dd4,surface:L65536:rq10,qwen-awq,nvme,273872,0,273872,24.0,prefix,1,best,2512.0,/home/hungwei,results/m4_oracle/qwen-awq-surface/cost_model.json,surface,longctx,65536,10.0,89.07,0.02,12,120,54776,3.2,1,512.0,cpu_arc,1189903.17,285411,148765,0,67064,0,198712,504214.01,685689.16,,,,,cpu_lru,,
2026-09-01T14:48:06.808409+08:00,b0d39dd4,surface:L65536:rq10,qwen-awq,nvme,273872,0,273872,24.0,prefix,1,best,2512.0,/home/hungwei,results/m4_oracle/qwen-awq-surface/cost_model.json,surface,longctx,65536,10.0,89.07,0.02,12,120,54776,3.2,1,512.0,tier_fs,1156281.61,278528,159744,8192,54776,17765,205595,504214.01,652067.6,,,,,cpu_lru,,
2026-09-01T14:48:06.808422+08:00,b0d39dd4,surface:L65536:rq10,qwen-awq,nvme,273872,0,273872,24.0,prefix,1,best,2512.0,/home/hungwei,results/m4_oracle/qwen-awq-surface/cost_model.json,surface,longctx,65536,10.0,89.07,0.02,12,120,54776,3.2,1,512.0,oracle,1074835.51,386059,60405,0,54776,0,60405,504214.01,570621.5,37659,60405,0,38.402,cpu_lru,6.662,MARGINAL
2026-09-01T14:48:20.977143+08:00,b0d39dd4,surface:L131072:rq1.2,qwen-awq,nvme,273872,0,273872,24.0,prefix,1,best,2512.0,/home/hungwei,results/m4_oracle/qwen-awq-surface/cost_model.json,surface,longctx,131072,1.2,58.83,0.02,100,120,412776,24.11,1,512.0,full_gpu,14632723.7,106496,0,0,896104,0,0,794116.29,13838607.41,,,,,tier_fs,,
2026-09-01T14:48:20.977192+08:00,b0d39dd4,surface:L131072:rq1.2,qwen-awq,nvme,273872,0,273872,24.0,prefix,1,best,2512.0,/home/hungwei,results/m4_oracle/qwen-awq-surface/cost_model.json,surface,longctx,131072,1.2,58.83,0.02,100,120,412776,24.11,1,512.0,cpu_lru,12891305.42,106496,114688,0,781416,0,878987,794116.29,12097189.13,,,,,tier_fs,,
2026-09-01T14:48:20.977206+08:00,b0d39dd4,surface:L131072:rq1.2,qwen-awq,nvme,273872,0,273872,24.0,prefix,1,best,2512.0,/home/hungwei,results/m4_oracle/qwen-awq-surface/cost_model.json,surface,longctx,131072,1.2,58.83,0.02,100,120,412776,24.11,1,512.0,cpu_arc,13138772.96,138938,66188,0,797474,0,845405,794116.29,12344656.66,,,,,tier_fs,,
2026-09-01T14:48:20.977217+08:00,b0d39dd4,surface:L131072:rq1.2,qwen-awq,nvme,273872,0,273872,24.0,prefix,1,best,2512.0,/home/hungwei,results/m4_oracle/qwen-awq-surface/cost_model.json,surface,longctx,131072,1.2,58.83,0.02,100,120,412776,24.11,1,512.0,tier_fs,9679326.7,106496,114688,368640,412776,736213,878987,794116.29,8885210.4,,,,,tier_fs,,
2026-09-01T14:48:20.977229+08:00,b0d39dd4,surface:L131072:rq1.2,qwen-awq,nvme,273872,0,273872,24.0,prefix,1,best,2512.0,/home/hungwei,results/m4_oracle/qwen-awq-surface/cost_model.json,surface,longctx,131072,1.2,58.83,0.02,100,120,412776,24.11,1,512.0,oracle,8200973.75,299310,135454,155060,412776,155060,196453,794116.29,7406857.46,395659,135454,155060,52.954,tier_fs,15.273,GO
2026-09-01T14:48:34.673532+08:00,b0d39dd4,surface:L131072:rq2,qwen-awq,nvme,273872,0,273872,24.0,prefix,1,best,2512.0,/home/hungwei,results/m4_oracle/qwen-awq-surface/cost_model.json,surface,longctx,131072,2.0,67.82,0.02,60,120,322664,18.85,1,512.0,full_gpu,13886401.58,155648,0,0,846952,0,0,794116.29,13092285.29,,,,,tier_fs,,
2026-09-01T14:48:34.673581+08:00,b0d39dd4,surface:L131072:rq2,qwen-awq,nvme,273872,0,273872,24.0,prefix,1,best,2512.0,/home/hungwei,results/m4_oracle/qwen-awq-surface/cost_model.json,surface,longctx,131072,2.0,67.82,0.02,60,120,322664,18.85,1,512.0,cpu_lru,11398661.18,155648,163840,0,683112,0,829835,794116.29,10604544.89,,,,,tier_fs,,
2026-09-01T14:48:34.673595+08:00,b0d39dd4,surface:L131072:rq2,qwen-awq,nvme,273872,0,273872,24.0,prefix,1,best,2512.0,/home/hungwei,results/m4_oracle/qwen-awq-surface/cost_model.json,surface,longctx,131072,2.0,67.82,0.02,60,120,322664,18.85,1,512.0,cpu_arc,11398661.18,154287,165201,0,683112,0,830789,794116.29,10604544.89,,,,,tier_fs,,
2026-09-01T14:48:34.673606+08:00,b0d39dd4,surface:L131072:rq2,qwen-awq,nvme,273872,0,273872,24.0,prefix,1,best,2512.0,/home/hungwei,results/m4_oracle/qwen-awq-surface/cost_model.json,surface,longctx,131072,2.0,67.82,0.02,60,120,322664,18.85,1,512.0,tier_fs,8470098.62,155648,163840,360448,322664,637909,829835,794116.29,7675982.33,,,,,tier_fs,,
2026-09-01T14:48:34.673616+08:00,b0d39dd4,surface:L131072:rq2,qwen-awq,nvme,273872,0,273872,24.0,prefix,1,best,2512.0,/home/hungwei,results/m4_oracle/qwen-awq-surface/cost_model.json,surface,longctx,131072,2.0,67.82,0.02,60,120,322664,18.85,1,512.0,oracle,7108573.08,349195,175975,154766,322664,154766,249409,794116.29,6314456.79,305547,175975,154766,43.052,tier_fs,16.074,GO
2026-09-01T14:48:48.397451+08:00,b0d39dd4,surface:L131072:rq5,qwen-awq,nvme,273872,0,273872,24.0,prefix,1,best,2512.0,/home/hungwei,results/m4_oracle/qwen-awq-surface/cost_model.json,surface,longctx,131072,5.0,80.89,0.02,24,120,191592,11.19,1,512.0,full_gpu,13015692.44,212992,0,0,789608,0,0,794116.29,12221576.15,,,,,tier_fs,,
2026-09-01T14:48:48.397500+08:00,b0d39dd4,surface:L131072:rq5,qwen-awq,nvme,273872,0,273872,24.0,prefix,1,best,2512.0,/home/hungwei,results/m4_oracle/qwen-awq-surface/cost_model.json,surface,longctx,131072,5.0,80.89,0.02,24,120,191592,11.19,1,512.0,cpu_lru,9532855.88,212992,229376,0,560232,0,772491,794116.29,8738739.59,,,,,tier_fs,,
2026-09-01T14:48:48.397513+08:00,b0d39dd4,surface:L131072:rq5,qwen-awq,nvme,273872,0,273872,24.0,prefix,1,best,2512.0,/home/hungwei,results/m4_oracle/qwen-awq-surface/cost_model.json,surface,longctx,131072,5.0,80.89,0.02,24,120,191592,11.19,1,512.0,cpu_arc,9532855.88,230842,211526,0,560232,0,754641,794116.29,8738739.59,,,,,tier_fs,,
2026-09-01T14:48:48.397526+08:00,b0d39dd4,surface:L131072:rq5,qwen-awq,nvme,273872,0,273872,24.0,prefix,1,best,2512.0,/home/hungwei,results/m4_oracle/qwen-awq-surface/cost_model.json,surface,longctx,131072,5.0,80.89,0.02,24,120,191592,11.19,1,512.0,tier_fs,7195537.45,212992,229376,368640,191592,515029,772491,794116.29,6401421.16,,,,,tier_fs,,
2026-09-01T14:48:48.397536+08:00,b0d39dd4,surface:L131072:rq5,qwen-awq,nvme,273872,0,273872,24.0,prefix,1,best,2512.0,/home/hungwei,results/m4_oracle/qwen-awq-surface/cost_model.json,surface,longctx,131072,5.0,80.89,0.02,24,120,191592,11.19,1,512.0,oracle,5155693.59,433314,243555,134139,191592,134139,332785,794116.29,4361577.3,174475,243555,134139,27.202,tier_fs,28.349,GO
2026-09-01T14:49:00.193854+08:00,b0d39dd4,surface:L131072:rq10,qwen-awq,nvme,273872,0,273872,24.0,prefix,1,best,2512.0,/home/hungwei,results/m4_oracle/qwen-awq-surface/cost_model.json,surface,longctx,131072,10.0,89.06,0.02,12,120,109672,6.41,1,512.0,full_gpu,10527952.04,376832,0,0,625768,0,0,794116.29,9733835.75,,,,,tier_fs,,
2026-09-01T14:49:00.193903+08:00,b0d39dd4,surface:L131072:rq10,qwen-awq,nvme,273872,0,273872,24.0,prefix,1,best,2512.0,/home/hungwei,results/m4_oracle/qwen-awq-surface/cost_model.json,surface,longctx,131072,10.0,89.06,0.02,12,120,109672,6.41,1,512.0,cpu_lru,5801245.28,376832,311296,0,314472,0,608651,794116.29,5007128.98,,,,,tier_fs,,
2026-09-01T14:49:00.193918+08:00,b0d39dd4,surface:L131072:rq10,qwen-awq,nvme,273872,0,273872,24.0,prefix,1,best,2512.0,/home/hungwei,results/m4_oracle/qwen-awq-surface/cost_model.json,surface,longctx,131072,10.0,89.06,0.02,12,120,109672,6.41,1,512.0,cpu_arc,5923710.29,310115,370310,0,322175,0,675368,794116.29,5129593.99,,,,,tier_fs,,
2026-09-01T14:49:00.193929+08:00,b0d39dd4,surface:L131072:rq10,qwen-awq,nvme,273872,0,273872,24.0,prefix,1,best,2512.0,/home/hungwei,results/m4_oracle/qwen-awq-surface/cost_model.json,surface,longctx,131072,10.0,89.06,0.02,12,120,109672,6.41,1,512.0,tier_fs,4599919.52,376832,311296,204800,109672,269269,608651,794116.29,3805803.22,,,,,tier_fs,,
2026-09-01T14:49:00.193940+08:00,b0d39dd4,surface:L131072:rq10,qwen-awq,nvme,273872,0,273872,24.0,prefix,1,best,2512.0,/home/hungwei,results/m4_oracle/qwen-awq-surface/cost_model.json,surface,longctx,131072,10.0,89.06,0.02,12,120,109672,6.41,1,512.0,oracle,3280595.72,574777,257152,60999,109672,60999,289626,794116.29,2486479.42,92555,257152,60999,20.884,tier_fs,28.681,GO
2026-09-01T14:49:31.907564+08:00,b0d39dd4,surface:L262144:rq1.2,qwen-awq,nvme,273872,0,273872,24.0,prefix,1,best,2512.0,/home/hungwei,results/m4_oracle/qwen-awq-surface/cost_model.json,surface,longctx,262144,1.2,58.83,0.02,100,120,825672,48.24,1,512.0,full_gpu,54776748.39,49152,0,0,1956168,0,0,1373920.86,53402827.53,,,,,tier_fs,,
2026-09-01T14:49:31.907617+08:00,b0d39dd4,surface:L262144:rq1.2,qwen-awq,nvme,273872,0,273872,24.0,prefix,1,best,2512.0,/home/hungwei,results/m4_oracle/qwen-awq-surface/cost_model.json,surface,longctx,262144,1.2,58.83,0.02,100,120,825672,48.24,1,512.0,cpu_lru,50381997.99,49152,163840,0,1792328,0,1939051,1373920.86,49008077.13,,,,,tier_fs,,
2026-09-01T14:49:31.907631+08:00,b0d39dd4,surface:L262144:rq1.2,qwen-awq,nvme,273872,0,273872,24.0,prefix,1,best,2512.0,/home/hungwei,results/m4_oracle/qwen-awq-surface/cost_model.json,surface,longctx,262144,1.2,58.83,0.02,100,120,825672,48.24,1,512.0,cpu_arc,50381997.99,51351,161641,0,1792328,0,1928789,1373920.86,49008077.13,,,,,tier_fs,,
2026-09-01T14:49:31.907642+08:00,b0d39dd4,surface:L262144:rq1.2,qwen-awq,nvme,273872,0,273872,24.0,prefix,1,best,2512.0,/home/hungwei,results/m4_oracle/qwen-awq-surface/cost_model.json,surface,longctx,262144,1.2,58.83,0.02,100,120,825672,48.24,1,512.0,tier_fs,29900263.28,49152,163840,966656,825672,1747125,1939051,1373920.86,28526342.42,,,,,tier_fs,,
2026-09-01T14:49:31.907653+08:00,b0d39dd4,surface:L262144:rq1.2,qwen-awq,nvme,273872,0,273872,24.0,prefix,1,best,2512.0,/home/hungwei,results/m4_oracle/qwen-awq-surface/cost_model.json,surface,longctx,262144,1.2,58.83,0.02,100,120,825672,48.24,1,512.0,oracle,27314780.25,464616,199818,515214,825672,515214,392477,1373920.86,25940859.39,808555,199818,515214,47.112,tier_fs,8.647,MARGINAL
2026-09-01T14:50:01.615975+08:00,b0d39dd4,surface:L262144:rq2,qwen-awq,nvme,273872,0,273872,24.0,prefix,1,best,2512.0,/home/hungwei,results/m4_oracle/qwen-awq-surface/cost_model.json,surface,longctx,262144,2.0,67.81,0.02,60,120,645448,37.71,1,512.0,full_gpu,53897798.31,81920,0,0,1923400,0,0,1373920.86,52523877.45,,,,,tier_fs,,
2026-09-01T14:50:01.616027+08:00,b0d39dd4,surface:L262144:rq2,qwen-awq,nvme,273872,0,273872,24.0,prefix,1,best,2512.0,/home/hungwei,results/m4_oracle/qwen-awq-surface/cost_model.json,surface,longctx,262144,2.0,67.81,0.02,60,120,645448,37.71,1,512.0,cpu_lru,47745147.76,81920,229376,0,1694024,0,1906283,1373920.86,46371226.9,,,,,tier_fs,,
2026-09-01T14:50:01.616040+08:00,b0d39dd4,surface:L262144:rq2,qwen-awq,nvme,273872,0,273872,24.0,prefix,1,best,2512.0,/home/hungwei,results/m4_oracle/qwen-awq-surface/cost_model.json,surface,longctx,262144,2.0,67.81,0.02,60,120,645448,37.71,1,512.0,cpu_arc,50821473.03,64265,132343,0,1808712,0,1893712,1373920.86,49447552.17,,,,,tier_fs,,
2026-09-01T14:50:01.616052+08:00,b0d39dd4,surface:L262144:rq2,qwen-awq,nvme,273872,0,273872,24.0,prefix,1,best,2512.0,/home/hungwei,results/m4_oracle/qwen-awq-surface/cost_model.json,surface,longctx,262144,2.0,67.81,0.02,60,120,645448,37.71,1,512.0,tier_fs,26427861.0,81920,229376,1048576,645448,1648821,1906283,1373920.86,25053940.14,,,,,tier_fs,,
2026-09-01T14:50:01.616065+08:00,b0d39dd4,surface:L262144:rq2,qwen-awq,nvme,273872,0,273872,24.0,prefix,1,best,2512.0,/home/hungwei,results/m4_oracle/qwen-awq-surface/cost_model.json,surface,longctx,262144,2.0,67.81,0.02,60,120,645448,37.71,1,512.0,oracle,23512117.95,531618,243555,584699,645448,584699,457135,1373920.86,22138197.09,628331,243555,584699,37.621,tier_fs,11.033,MARGINAL
2026-09-01T14:50:32.109611+08:00,b0d39dd4,surface:L262144:rq5,qwen-awq,nvme,273872,0,273872,24.0,prefix,1,best,2512.0,/home/hungwei,results/m4_oracle/qwen-awq-surface/cost_model.json,surface,longctx,262144,5.0,80.89,0.02,24,120,383304,22.39,1,512.0,full_gpu,52579373.19,131072,0,0,1874248,0,0,1373920.86,51205452.33,,,,,tier_fs,,
2026-09-01T14:50:32.109659+08:00,b0d39dd4,surface:L262144:rq5,qwen-awq,nvme,273872,0,273872,24.0,prefix,1,best,2512.0,/home/hungwei,results/m4_oracle/qwen-awq-surface/cost_model.json,surface,longctx,262144,5.0,80.89,0.02,24,120,383304,22.39,1,512.0,cpu_lru,44668822.48,131072,294912,0,1579336,0,1857131,1373920.86,43294901.62,,,,,tier_fs,,
2026-09-01T14:50:32.109673+08:00,b0d39dd4,surface:L262144:rq5,qwen-awq,nvme,273872,0,273872,24.0,prefix,1,best,2512.0,/home/hungwei,results/m4_oracle/qwen-awq-surface/cost_model.json,surface,longctx,262144,5.0,80.89,0.02,24,120,383304,22.39,1,512.0,cpu_arc,43350397.37,278528,196608,0,1530184,0,1709675,1373920.86,41976476.51,,,,,tier_fs,,
2026-09-01T14:50:32.109685+08:00,b0d39dd4,surface:L262144:rq5,qwen-awq,nvme,273872,0,273872,24.0,prefix,1,best,2512.0,/home/hungwei,results/m4_oracle/qwen-awq-surface/cost_model.json,surface,longctx,262144,5.0,80.89,0.02,24,120,383304,22.39,1,512.0,tier_fs,21968592.99,131072,294912,1196032,383304,1534133,1857131,1373920.86,20594672.13,,,,,tier_fs,,
2026-09-01T14:50:32.109696+08:00,b0d39dd4,surface:L262144:rq5,qwen-awq,nvme,273872,0,273872,24.0,prefix,1,best,2512.0,/home/hungwei,results/m4_oracle/qwen-awq-surface/cost_model.json,surface,longctx,262144,5.0,80.89,0.02,24,120,383304,22.39,1,512.0,oracle,18104184.77,570250,406068,645698,383304,645698,688545,1373920.86,16730263.91,366187,406068,645698,21.535,tier_fs,17.591,GO
2026-09-01T14:50:59.695916+08:00,b0d39dd4,surface:L262144:rq10,qwen-awq,nvme,273872,0,273872,24.0,prefix,1,best,2512.0,/home/hungwei,results/m4_oracle/qwen-awq-surface/cost_model.json,surface,longctx,262144,10.0,89.06,0.02,12,120,219464,12.82,1,512.0,full_gpu,47745147.76,311296,0,0,1694024,0,0,1373920.86,46371226.9,,,,,tier_fs,,
2026-09-01T14:50:59.695965+08:00,b0d39dd4,surface:L262144:rq10,qwen-awq,nvme,273872,0,273872,24.0,prefix,1,best,2512.0,/home/hungwei,results/m4_oracle/qwen-awq-surface/cost_model.json,surface,longctx,262144,10.0,89.06,0.02,12,120,219464,12.82,1,512.0,cpu_lru,35879321.7,311296,442368,0,1251656,0,1676907,1373920.86,34505400.84,,,,,tier_fs,,
2026-09-01T14:50:59.695986+08:00,b0d39dd4,surface:L262144:rq10,qwen-awq,nvme,273872,0,273872,24.0,prefix,1,best,2512.0,/home/hungwei,results/m4_oracle/qwen-awq-surface/cost_model.json,surface,longctx,262144,10.0,89.06,0.02,12,120,219464,12.82,1,512.0,cpu_arc,35879321.7,352513,401151,0,1251656,0,1602610,1373920.86,34505400.84,,,,,tier_fs,,
2026-09-01T14:50:59.695998+08:00,b0d39dd4,surface:L262144:rq10,qwen-awq,nvme,273872,0,273872,24.0,prefix,1,best,2512.0,/home/hungwei,results/m4_oracle/qwen-awq-surface/cost_model.json,surface,longctx,262144,10.0,89.06,0.02,12,120,219464,12.82,1,512.0,tier_fs,16968587.86,311296,442368,1032192,219464,1206453,1676907,1373920.86,15594667.0,,,,,tier_fs,,
2026-09-01T14:50:59.696009+08:00,b0d39dd4,surface:L262144:rq10,qwen-awq,nvme,273872,0,273872,24.0,prefix,1,best,2512.0,/home/hungwei,results/m4_oracle/qwen-awq-surface/cost_model.json,surface,longctx,262144,10.0,89.06,0.02,12,120,219464,12.82,1,512.0,oracle,12430509.19,770523,521628,493705,219464,493705,782596,1373920.86,11056588.33,202347,521628,493705,13.685,tier_fs,26.744,GO
