run_id,ts,trace,model_profile,device,window_accesses,k_deltas,n_train,n_calib,n_test,embargo_dropped,num_leaves,test_positive_rate,features_run,workload,label_mode,sample_rate,data_seed,feature_groups,test_trace,loss,threshold_rule,thr_median,train_seconds,best_iter,ece,auc,rmse_log_tau,spearman_positives,spearman_all,calib_split,calib_positive_rate,n,drop_rate,err_rate,fn_rate,fp_rate,cost_ms,cost_ms_fn,cost_ms_fp,cost_us_per_decision,lat_k,lat_median_us,lat_p90_us,lat_per_candidate_us,lat_loadavg_1m,lat_n_cpu,lat_k1_median_us,lat_k256_median_us
20260905-143221-m5p-train-toolagent-qwen-awq,2026-09-05T14:32:25.085309+08:00,toolagent,qwen-awq,nvme,17117,16,1882897,332276,950894,3579,63,0.3583,20260905-142724-m5p-feat-toolagent-qwen-awq,mooncake,censored,0.25,1234,history+deltas+edc+static,toolagent,sym_l2,0.5,0.5,3.96,71,0.0003,0.9995,0.5529,0.2334,0.9489,tail,0.3607,950894,0.6407,0.0013,0.0001,0.0011,824.23,503.35,320.88,0.867,64,180.7,205.3,2.824,2.9,96,33.4,601.0
20260905-143221-m5p-train-toolagent-qwen-awq,2026-09-05T14:32:25.085309+08:00,toolagent,qwen-awq,nvme,17117,16,1882897,332276,950894,3579,63,0.3583,20260905-142724-m5p-feat-toolagent-qwen-awq,mooncake,censored,0.25,1234,history+deltas+edc+static,toolagent,sym_l2,p_star,0.0674,3.96,71,0.0003,0.9995,0.5529,0.2334,0.9489,tail,0.3607,950894,0.6406,0.0013,0.0001,0.0011,829.0,503.35,325.66,0.872,64,180.7,205.3,2.824,2.9,96,33.4,601.0
20260905-143221-m5p-train-toolagent-qwen-awq,2026-09-05T14:32:25.085309+08:00,toolagent,qwen-awq,nvme,17117,16,1882897,332276,950894,3579,63,0.3583,20260905-142724-m5p-feat-toolagent-qwen-awq,mooncake,censored,0.25,1234,history+deltas+edc+static,toolagent,cost_l2,0.5,0.5,4.28,79,0.0004,0.9996,0.552,0.2409,0.9343,tail,0.3607,950894,0.6407,0.0013,0.0001,0.0011,824.23,503.35,320.88,0.867,64,195.6,219.6,3.056,2.8,96,33.2,653.6
20260905-143221-m5p-train-toolagent-qwen-awq,2026-09-05T14:32:25.085309+08:00,toolagent,qwen-awq,nvme,17117,16,1882897,332276,950894,3579,63,0.3583,20260905-142724-m5p-feat-toolagent-qwen-awq,mooncake,censored,0.25,1234,history+deltas+edc+static,toolagent,cost_l2,p_star,0.0674,4.28,79,0.0004,0.9996,0.552,0.2409,0.9343,tail,0.3607,950894,0.6406,0.0013,0.0001,0.0011,829.0,503.35,325.66,0.872,64,195.6,219.6,3.056,2.8,96,33.2,653.6
20260905-143221-m5p-train-toolagent-qwen-awq,2026-09-05T14:32:25.085309+08:00,toolagent,qwen-awq,nvme,17117,16,1882897,332276,950894,3579,63,0.3583,20260905-142724-m5p-feat-toolagent-qwen-awq,mooncake,censored,0.25,1234,history+deltas+edc+static,toolagent,always_keep,p_star,0.0674,0.0,0,,,,,,,,950894,0.0,0.6417,0.0,0.6417,182123.66,0.0,182123.66,191.529,,,,,,,,
20260905-143221-m5p-train-toolagent-qwen-awq,2026-09-05T14:32:25.085309+08:00,toolagent,qwen-awq,nvme,17117,16,1882897,332276,950894,3579,63,0.3583,20260905-142724-m5p-feat-toolagent-qwen-awq,mooncake,censored,0.25,1234,history+deltas+edc+static,toolagent,always_drop,p_star,0.0674,0.0,0,,,,,,,,950894,1.0,0.3583,0.3583,0.0,1266626.35,1266626.35,0.0,1332.037,,,,,,,,
20260905-143244-m5p-train-conversation-qwen-awq,2026-09-05T14:32:47.676709+08:00,conversation,qwen-awq,nvme,17117,16,1341713,236773,678219,4022,63,0.0451,20260905-142918-m5p-feat-conversation-qwen-awq,mooncake,censored,0.25,1234,history+deltas+edc+static,conversation,sym_l2,0.5,0.5,3.96,168,0.0006,0.9988,0.0289,0.9994,0.3905,tail,0.0469,678219,0.9547,0.0005,0.0001,0.0004,349.78,274.56,75.22,0.516,64,202.1,222.1,3.157,2.7,96,33.7,677.8
20260905-143244-m5p-train-conversation-qwen-awq,2026-09-05T14:32:47.676709+08:00,conversation,qwen-awq,nvme,17117,16,1341713,236773,678219,4022,63,0.0451,20260905-142918-m5p-feat-conversation-qwen-awq,mooncake,censored,0.25,1234,history+deltas+edc+static,conversation,sym_l2,p_star,0.0582,3.96,168,0.0006,0.9988,0.0289,0.9994,0.3905,tail,0.0469,678219,0.9547,0.0005,0.0001,0.0004,349.78,274.56,75.22,0.516,64,202.1,222.1,3.157,2.7,96,33.7,677.8
20260905-143244-m5p-train-conversation-qwen-awq,2026-09-05T14:32:47.676709+08:00,conversation,qwen-awq,nvme,17117,16,1341713,236773,678219,4022,63,0.0451,20260905-142918-m5p-feat-conversation-qwen-awq,mooncake,censored,0.25,1234,history+deltas+edc+static,conversation,cost_l2,0.5,0.5,4.07,161,0.0006,0.9988,0.0293,0.9994,0.3946,tail,0.0469,678219,0.9547,0.0005,0.0001,0.0004,349.78,274.56,75.22,0.516,64,206.7,226.3,3.23,3.1,96,32.5,690.6
20260905-143244-m5p-train-conversation-qwen-awq,2026-09-05T14:32:47.676709+08:00,conversation,qwen-awq,nvme,17117,16,1341713,236773,678219,4022,63,0.0451,20260905-142918-m5p-feat-conversation-qwen-awq,mooncake,censored,0.25,1234,history+deltas+edc+static,conversation,cost_l2,p_star,0.0582,4.07,161,0.0006,0.9988,0.0293,0.9994,0.3946,tail,0.0469,678219,0.9547,0.0005,0.0001,0.0004,349.78,274.56,75.22,0.516,64,206.7,226.3,3.23,3.1,96,32.5,690.6
20260905-143244-m5p-train-conversation-qwen-awq,2026-09-05T14:32:47.676709+08:00,conversation,qwen-awq,nvme,17117,16,1341713,236773,678219,4022,63,0.0451,20260905-142918-m5p-feat-conversation-qwen-awq,mooncake,censored,0.25,1234,history+deltas+edc+static,conversation,always_keep,p_star,0.0582,0.0,0,,,,,,,,678219,0.0,0.9549,0.0,0.9549,193321.3,0.0,193321.3,285.043,,,,,,,,
20260905-143244-m5p-train-conversation-qwen-awq,2026-09-05T14:32:47.676709+08:00,conversation,qwen-awq,nvme,17117,16,1341713,236773,678219,4022,63,0.0451,20260905-142918-m5p-feat-conversation-qwen-awq,mooncake,censored,0.25,1234,history+deltas+edc+static,conversation,always_drop,p_star,0.0582,0.0,0,,,,,,,,678219,1.0,0.0451,0.0451,0.0,100606.66,100606.66,0.0,148.339,,,,,,,,
20260905-143310-m5p-train-lc128kz-qwen-awq,2026-09-05T14:33:10.622407+08:00,lc128kz,qwen-awq,nvme,102702,16,491997,86824,269970,51107,63,0.7076,20260905-143044-m5p-feat-lc128kz-qwen-awq,longctx-zipf,censored,1.0,1234,history+deltas+edc+static,lc128kz,sym_l2,0.5,0.5,0.71,1,0.1887,0.5,0.9685,0.1277,0.2653,tail,0.8963,269970,0.0,0.2924,0.0,0.2924,23564.19,0.0,23564.19,87.284,64,37.5,41.5,0.585,2.9,96,26.5,65.0
20260905-143310-m5p-train-lc128kz-qwen-awq,2026-09-05T14:33:10.622407+08:00,lc128kz,qwen-awq,nvme,102702,16,491997,86824,269970,51107,63,0.7076,20260905-143044-m5p-feat-lc128kz-qwen-awq,longctx-zipf,censored,1.0,1234,history+deltas+edc+static,lc128kz,sym_l2,p_star,0.0193,0.71,1,0.1887,0.5,0.9685,0.1277,0.2653,tail,0.8963,269970,0.0,0.2924,0.0,0.2924,23564.19,0.0,23564.19,87.284,64,37.5,41.5,0.585,2.9,96,26.5,65.0
20260905-143310-m5p-train-lc128kz-qwen-awq,2026-09-05T14:33:10.622407+08:00,lc128kz,qwen-awq,nvme,102702,16,491997,86824,269970,51107,63,0.7076,20260905-143044-m5p-feat-lc128kz-qwen-awq,longctx-zipf,censored,1.0,1234,history+deltas+edc+static,lc128kz,cost_l2,0.5,0.5,0.71,1,0.1823,0.606,0.9658,0.1598,0.3478,tail,0.8963,269970,0.0183,0.2742,0.0,0.2742,22093.21,0.0,22093.21,81.836,64,39.3,40.9,0.614,3.6,96,26.5,66.0
20260905-143310-m5p-train-lc128kz-qwen-awq,2026-09-05T14:33:10.622407+08:00,lc128kz,qwen-awq,nvme,102702,16,491997,86824,269970,51107,63,0.7076,20260905-143044-m5p-feat-lc128kz-qwen-awq,longctx-zipf,censored,1.0,1234,history+deltas+edc+static,lc128kz,cost_l2,p_star,0.0193,0.71,1,0.1823,0.606,0.9658,0.1598,0.3478,tail,0.8963,269970,0.0183,0.2742,0.0,0.2742,22093.21,0.0,22093.21,81.836,64,39.3,40.9,0.614,3.6,96,26.5,66.0
20260905-143310-m5p-train-lc128kz-qwen-awq,2026-09-05T14:33:10.622407+08:00,lc128kz,qwen-awq,nvme,102702,16,491997,86824,269970,51107,63,0.7076,20260905-143044-m5p-feat-lc128kz-qwen-awq,longctx-zipf,censored,1.0,1234,history+deltas+edc+static,lc128kz,always_keep,p_star,0.0193,0.0,0,,,,,,,,269970,0.0,0.2924,0.0,0.2924,23564.19,0.0,23564.19,87.284,,,,,,,,
20260905-143310-m5p-train-lc128kz-qwen-awq,2026-09-05T14:33:10.622407+08:00,lc128kz,qwen-awq,nvme,102702,16,491997,86824,269970,51107,63,0.7076,20260905-143044-m5p-feat-lc128kz-qwen-awq,longctx-zipf,censored,1.0,1234,history+deltas+edc+static,lc128kz,always_drop,p_star,0.0193,0.0,0,,,,,,,,269970,1.0,0.7076,0.7076,0.0,2847309.17,2847309.17,0.0,10546.761,,,,,,,,
20260905-143314-m5p-train-lc128kz-qwen-awq,2026-09-05T14:33:15.157765+08:00,lc128kz,qwen-awq,nvme,17117,16,571813,100909,295645,17116,63,0.3165,20260905-143031-m5p-feat-lc128kz-qwen-awq,longctx-zipf,censored,1.0,1234,history+deltas+edc+static,lc128kz,sym_l2,0.5,0.5,0.97,22,0.052,0.6509,0.3244,0.2918,0.1544,tail,0.3247,295645,1.0,0.3165,0.3165,0.0,1416192.85,1416192.85,0.0,4790.18,64,61.7,67.1,0.965,3.6,96,27.0,144.4
20260905-143314-m5p-train-lc128kz-qwen-awq,2026-09-05T14:33:15.157765+08:00,lc128kz,qwen-awq,nvme,17117,16,571813,100909,295645,17116,63,0.3165,20260905-143031-m5p-feat-lc128kz-qwen-awq,longctx-zipf,censored,1.0,1234,history+deltas+edc+static,lc128kz,sym_l2,p_star,0.0192,0.97,22,0.052,0.6509,0.3244,0.2918,0.1544,tail,0.3247,295645,0.2242,0.5382,0.0394,0.4988,240789.65,196775.15,44014.5,814.455,64,61.7,67.1,0.965,3.6,96,27.0,144.4
20260905-143314-m5p-train-lc128kz-qwen-awq,2026-09-05T14:33:15.157765+08:00,lc128kz,qwen-awq,nvme,17117,16,571813,100909,295645,17116,63,0.3165,20260905-143031-m5p-feat-lc128kz-qwen-awq,longctx-zipf,censored,1.0,1234,history+deltas+edc+static,lc128kz,cost_l2,0.5,0.5,0.96,22,0.052,0.6474,0.3243,0.3284,0.151,tail,0.3247,295645,1.0,0.3165,0.3165,0.0,1416192.85,1416192.85,0.0,4790.18,64,59.9,65.0,0.936,4.0,96,27.4,147.3
20260905-143314-m5p-train-lc128kz-qwen-awq,2026-09-05T14:33:15.157765+08:00,lc128kz,qwen-awq,nvme,17117,16,571813,100909,295645,17116,63,0.3165,20260905-143031-m5p-feat-lc128kz-qwen-awq,longctx-zipf,censored,1.0,1234,history+deltas+edc+static,lc128kz,cost_l2,p_star,0.0192,0.96,22,0.052,0.6474,0.3243,0.3284,0.151,tail,0.3247,295645,0.2242,0.5382,0.0394,0.4988,240789.65,196775.15,44014.5,814.455,64,59.9,65.0,0.936,4.0,96,27.4,147.3
20260905-143314-m5p-train-lc128kz-qwen-awq,2026-09-05T14:33:15.157765+08:00,lc128kz,qwen-awq,nvme,17117,16,571813,100909,295645,17116,63,0.3165,20260905-143031-m5p-feat-lc128kz-qwen-awq,longctx-zipf,censored,1.0,1234,history+deltas+edc+static,lc128kz,always_keep,p_star,0.0192,0.0,0,,,,,,,,295645,0.0,0.6835,0.0,0.6835,60316.06,0.0,60316.06,204.015,,,,,,,,
20260905-143314-m5p-train-lc128kz-qwen-awq,2026-09-05T14:33:15.157765+08:00,lc128kz,qwen-awq,nvme,17117,16,571813,100909,295645,17116,63,0.3165,20260905-143031-m5p-feat-lc128kz-qwen-awq,longctx-zipf,censored,1.0,1234,history+deltas+edc+static,lc128kz,always_drop,p_star,0.0192,0.0,0,,,,,,,,295645,1.0,0.3165,0.3165,0.0,1416192.85,1416192.85,0.0,4790.18,,,,,,,,
20260905-143319-m5p-train-lc128ks-qwen-awq,2026-09-05T14:33:21.315562+08:00,lc128ks,qwen-awq,nvme,102702,16,1270381,224186,665997,59424,63,0.8699,20260905-143141-m5p-feat-lc128ks-qwen-awq,longctx-session,censored,1.0,1234,history+deltas+edc+static,lc128ks,sym_l2,0.5,0.5,1.3,2,0.0575,0.5614,0.8805,0.1446,0.1835,tail,0.8386,665997,0.0,0.1301,0.0,0.1301,25862.58,0.0,25862.58,38.833,64,41.7,57.2,0.651,4.4,96,30.1,79.2
20260905-143319-m5p-train-lc128ks-qwen-awq,2026-09-05T14:33:21.315562+08:00,lc128ks,qwen-awq,nvme,102702,16,1270381,224186,665997,59424,63,0.8699,20260905-143141-m5p-feat-lc128ks-qwen-awq,longctx-session,censored,1.0,1234,history+deltas+edc+static,lc128ks,sym_l2,p_star,0.0194,1.3,2,0.0575,0.5614,0.8805,0.1446,0.1835,tail,0.8386,665997,0.0,0.1301,0.0,0.1301,25862.58,0.0,25862.58,38.833,64,41.7,57.2,0.651,4.4,96,30.1,79.2
20260905-143319-m5p-train-lc128ks-qwen-awq,2026-09-05T14:33:21.315562+08:00,lc128ks,qwen-awq,nvme,102702,16,1270381,224186,665997,59424,63,0.8699,20260905-143141-m5p-feat-lc128ks-qwen-awq,longctx-session,censored,1.0,1234,history+deltas+edc+static,lc128ks,cost_l2,0.5,0.5,1.48,3,0.096,0.668,0.8826,0.076,0.1365,tail,0.8386,665997,0.0,0.1301,0.0,0.1301,25862.58,0.0,25862.58,38.833,64,48.9,54.4,0.764,4.4,96,33.4,82.8
20260905-143319-m5p-train-lc128ks-qwen-awq,2026-09-05T14:33:21.315562+08:00,lc128ks,qwen-awq,nvme,102702,16,1270381,224186,665997,59424,63,0.8699,20260905-143141-m5p-feat-lc128ks-qwen-awq,longctx-session,censored,1.0,1234,history+deltas+edc+static,lc128ks,cost_l2,p_star,0.0194,1.48,3,0.096,0.668,0.8826,0.076,0.1365,tail,0.8386,665997,0.0,0.1301,0.0,0.1301,25862.58,0.0,25862.58,38.833,64,48.9,54.4,0.764,4.4,96,33.4,82.8
20260905-143319-m5p-train-lc128ks-qwen-awq,2026-09-05T14:33:21.315562+08:00,lc128ks,qwen-awq,nvme,102702,16,1270381,224186,665997,59424,63,0.8699,20260905-143141-m5p-feat-lc128ks-qwen-awq,longctx-session,censored,1.0,1234,history+deltas+edc+static,lc128ks,always_keep,p_star,0.0194,0.0,0,,,,,,,,665997,0.0,0.1301,0.0,0.1301,25862.58,0.0,25862.58,38.833,,,,,,,,
20260905-143319-m5p-train-lc128ks-qwen-awq,2026-09-05T14:33:21.315562+08:00,lc128ks,qwen-awq,nvme,102702,16,1270381,224186,665997,59424,63,0.8699,20260905-143141-m5p-feat-lc128ks-qwen-awq,longctx-session,censored,1.0,1234,history+deltas+edc+static,lc128ks,always_drop,p_star,0.0194,0.0,0,,,,,,,,665997,1.0,0.8699,0.8699,0.0,8604794.94,8604794.94,0.0,12920.171,,,,,,,,
20260905-143329-m5p-train-toolagent-qwen-awq,2026-09-05T14:33:32.219619+08:00,toolagent,qwen-awq,nvme,68468,16,1869359,329888,947071,10583,63,0.363,20260905-143047-m5p-feat-toolagent-qwen-awq,mooncake,censored,0.25,1234,history+deltas+edc+static,toolagent,sym_l2,0.5,0.5,4.0,73,0.0008,0.9946,0.5582,0.2462,0.9307,tail,0.3785,947071,0.641,0.004,0.004,0.0,16890.88,16878.04,12.84,17.835,64,175.0,195.8,2.734,4.1,96,33.2,580.4
20260905-143329-m5p-train-toolagent-qwen-awq,2026-09-05T14:33:32.219619+08:00,toolagent,qwen-awq,nvme,68468,16,1869359,329888,947071,10583,63,0.363,20260905-143047-m5p-feat-toolagent-qwen-awq,mooncake,censored,0.25,1234,history+deltas+edc+static,toolagent,sym_l2,p_star,0.0674,4.0,73,0.0008,0.9946,0.5582,0.2462,0.9307,tail,0.3785,947071,0.6405,0.0044,0.004,0.0005,17013.56,16878.04,135.52,17.964,64,175.0,195.8,2.734,4.1,96,33.2,580.4
20260905-143329-m5p-train-toolagent-qwen-awq,2026-09-05T14:33:32.219619+08:00,toolagent,qwen-awq,nvme,68468,16,1869359,329888,947071,10583,63,0.363,20260905-143047-m5p-feat-toolagent-qwen-awq,mooncake,censored,0.25,1234,history+deltas+edc+static,toolagent,cost_l2,0.5,0.5,5.13,91,0.001,0.9947,0.5585,0.2592,0.9257,tail,0.3785,947071,0.641,0.004,0.004,0.0,16890.88,16878.04,12.84,17.835,64,216.8,245.8,3.388,4.4,96,34.2,751.9
20260905-143329-m5p-train-toolagent-qwen-awq,2026-09-05T14:33:32.219619+08:00,toolagent,qwen-awq,nvme,68468,16,1869359,329888,947071,10583,63,0.363,20260905-143047-m5p-feat-toolagent-qwen-awq,mooncake,censored,0.25,1234,history+deltas+edc+static,toolagent,cost_l2,p_star,0.0674,5.13,91,0.001,0.9947,0.5585,0.2592,0.9257,tail,0.3785,947071,0.6336,0.011,0.0038,0.0072,18173.41,16135.31,2038.11,19.189,64,216.8,245.8,3.388,4.4,96,34.2,751.9
20260905-143329-m5p-train-toolagent-qwen-awq,2026-09-05T14:33:32.219619+08:00,toolagent,qwen-awq,nvme,68468,16,1869359,329888,947071,10583,63,0.363,20260905-143047-m5p-feat-toolagent-qwen-awq,mooncake,censored,0.25,1234,history+deltas+edc+static,toolagent,always_keep,p_star,0.0674,0.0,0,,,,,,,,947071,0.0,0.637,0.0,0.637,180088.24,0.0,180088.24,190.153,,,,,,,,
20260905-143329-m5p-train-toolagent-qwen-awq,2026-09-05T14:33:32.219619+08:00,toolagent,qwen-awq,nvme,68468,16,1869359,329888,947071,10583,63,0.363,20260905-143047-m5p-feat-toolagent-qwen-awq,mooncake,censored,0.25,1234,history+deltas+edc+static,toolagent,always_drop,p_star,0.0674,0.0,0,,,,,,,,947071,1.0,0.363,0.363,0.0,1280388.26,1280388.26,0.0,1351.945,,,,,,,,
20260905-143348-m5p-train-toolagent-qwen-awq,2026-09-05T14:33:50.295576+08:00,toolagent,qwen-awq,nvme,599095,16,1725460,304493,907221,86894,63,0.5042,20260905-143055-m5p-feat-toolagent-qwen-awq,mooncake,censored,0.25,1234,history+deltas+edc+static,toolagent,sym_l2,0.5,0.5,4.26,86,0.0319,0.896,0.6545,0.7011,0.7927,tail,0.5997,907221,0.5971,0.154,0.1277,0.0264,667207.1,660064.18,7142.92,735.441,64,281.4,301.5,4.397,4.6,96,36.9,975.1
20260905-143348-m5p-train-toolagent-qwen-awq,2026-09-05T14:33:50.295576+08:00,toolagent,qwen-awq,nvme,599095,16,1725460,304493,907221,86894,63,0.5042,20260905-143055-m5p-feat-toolagent-qwen-awq,mooncake,censored,0.25,1234,history+deltas+edc+static,toolagent,sym_l2,p_star,0.0675,4.26,86,0.0319,0.896,0.6545,0.7011,0.7927,tail,0.5997,907221,0.0285,0.4701,0.0014,0.4687,132290.61,5370.44,126920.17,145.82,64,281.4,301.5,4.397,4.6,96,36.9,975.1
20260905-143348-m5p-train-toolagent-qwen-awq,2026-09-05T14:33:50.295576+08:00,toolagent,qwen-awq,nvme,599095,16,1725460,304493,907221,86894,63,0.5042,20260905-143055-m5p-feat-toolagent-qwen-awq,mooncake,censored,0.25,1234,history+deltas+edc+static,toolagent,cost_l2,0.5,0.5,4.73,95,0.0213,0.8931,0.6551,0.7042,0.7889,tail,0.5997,907221,0.5916,0.1529,0.1243,0.0285,651736.92,644008.96,7727.97,718.388,64,320.8,347.1,5.013,12.1,96,38.5,1138.4
20260905-143348-m5p-train-toolagent-qwen-awq,2026-09-05T14:33:50.295576+08:00,toolagent,qwen-awq,nvme,599095,16,1725460,304493,907221,86894,63,0.5042,20260905-143055-m5p-feat-toolagent-qwen-awq,mooncake,censored,0.25,1234,history+deltas+edc+static,toolagent,cost_l2,p_star,0.0675,4.73,95,0.0213,0.8931,0.6551,0.7042,0.7889,tail,0.5997,907221,0.0156,0.4864,0.0031,0.4833,165298.43,34430.7,130867.73,182.203,64,320.8,347.1,5.013,12.1,96,38.5,1138.4
20260905-143348-m5p-train-toolagent-qwen-awq,2026-09-05T14:33:50.295576+08:00,toolagent,qwen-awq,nvme,599095,16,1725460,304493,907221,86894,63,0.5042,20260905-143055-m5p-feat-toolagent-qwen-awq,mooncake,censored,0.25,1234,history+deltas+edc+static,toolagent,always_keep,p_star,0.0675,0.0,0,,,,,,,,907221,0.0,0.4958,0.0,0.4958,134259.2,0.0,134259.2,147.99,,,,,,,,
20260905-143348-m5p-train-toolagent-qwen-awq,2026-09-05T14:33:50.295576+08:00,toolagent,qwen-awq,nvme,599095,16,1725460,304493,907221,86894,63,0.5042,20260905-143055-m5p-feat-toolagent-qwen-awq,mooncake,censored,0.25,1234,history+deltas+edc+static,toolagent,always_drop,p_star,0.0675,0.0,0,,,,,,,,907221,1.0,0.5042,0.5042,0.0,1945662.58,1945662.58,0.0,2144.64,,,,,,,,
20260905-143406-m5p-train-toolagent-qwen-awq,2026-09-05T14:34:06.833446+08:00,toolagent,qwen-awq,nvme,17117,16,377032,66536,190405,708,63,0.3604,20260905-143102-m5p-feat-toolagent-qwen-awq,mooncake,censored,0.05,1234,history+deltas+edc+static,toolagent,sym_l2,0.5,0.5,1.42,73,0.0004,0.9996,0.5513,0.2489,0.9497,tail,0.3577,190405,0.6387,0.0012,0.0002,0.0011,177.73,116.24,61.49,0.933,64,184.0,208.9,2.875,11.8,96,32.5,595.7
20260905-143406-m5p-train-toolagent-qwen-awq,2026-09-05T14:34:06.833446+08:00,toolagent,qwen-awq,nvme,17117,16,377032,66536,190405,708,63,0.3604,20260905-143102-m5p-feat-toolagent-qwen-awq,mooncake,censored,0.05,1234,history+deltas+edc+static,toolagent,sym_l2,p_star,0.0675,1.42,73,0.0004,0.9996,0.5513,0.2489,0.9497,tail,0.3577,190405,0.6387,0.0012,0.0002,0.0011,177.73,116.24,61.49,0.933,64,184.0,208.9,2.875,11.8,96,32.5,595.7
20260905-143406-m5p-train-toolagent-qwen-awq,2026-09-05T14:34:06.833446+08:00,toolagent,qwen-awq,nvme,17117,16,377032,66536,190405,708,63,0.3604,20260905-143102-m5p-feat-toolagent-qwen-awq,mooncake,censored,0.05,1234,history+deltas+edc+static,toolagent,cost_l2,0.5,0.5,1.38,75,0.0004,0.9996,0.5538,0.2329,0.9486,tail,0.3577,190405,0.6387,0.0012,0.0002,0.0011,177.73,116.24,61.49,0.933,64,186.9,212.1,2.921,11.8,96,33.1,629.6
20260905-143406-m5p-train-toolagent-qwen-awq,2026-09-05T14:34:06.833446+08:00,toolagent,qwen-awq,nvme,17117,16,377032,66536,190405,708,63,0.3604,20260905-143102-m5p-feat-toolagent-qwen-awq,mooncake,censored,0.05,1234,history+deltas+edc+static,toolagent,cost_l2,p_star,0.0675,1.38,75,0.0004,0.9996,0.5538,0.2329,0.9486,tail,0.3577,190405,0.6387,0.0012,0.0002,0.0011,177.73,116.24,61.49,0.933,64,186.9,212.1,2.921,11.8,96,33.1,629.6
20260905-143406-m5p-train-toolagent-qwen-awq,2026-09-05T14:34:06.833446+08:00,toolagent,qwen-awq,nvme,17117,16,377032,66536,190405,708,63,0.3604,20260905-143102-m5p-feat-toolagent-qwen-awq,mooncake,censored,0.05,1234,history+deltas+edc+static,toolagent,always_keep,p_star,0.0675,0.0,0,,,,,,,,190405,0.0,0.6396,0.0,0.6396,36351.9,0.0,36351.9,190.919,,,,,,,,
20260905-143406-m5p-train-toolagent-qwen-awq,2026-09-05T14:34:06.833446+08:00,toolagent,qwen-awq,nvme,17117,16,377032,66536,190405,708,63,0.3604,20260905-143102-m5p-feat-toolagent-qwen-awq,mooncake,censored,0.05,1234,history+deltas+edc+static,toolagent,always_drop,p_star,0.0675,0.0,0,,,,,,,,190405,1.0,0.3604,0.3604,0.0,255108.86,255108.86,0.0,1339.822,,,,,,,,
20260905-143412-m5p-train-toolagent-qwen-awq,2026-09-05T14:34:31.421082+08:00,toolagent,qwen-awq,nvme,17117,16,7532792,1329317,3803285,12220,63,0.3584,20260905-143110-m5p-feat-toolagent-qwen-awq,mooncake,censored,1.0,1234,history+deltas+edc+static,toolagent,sym_l2,0.5,0.5,13.55,67,0.0003,0.9996,0.5538,0.2427,0.9493,tail,0.3619,3803285,0.6405,0.0013,0.0001,0.0012,2962.6,1636.4,1326.2,0.779,64,162.7,185.9,2.542,8.2,96,30.9,528.0
20260905-143412-m5p-train-toolagent-qwen-awq,2026-09-05T14:34:31.421082+08:00,toolagent,qwen-awq,nvme,17117,16,7532792,1329317,3803285,12220,63,0.3584,20260905-143110-m5p-feat-toolagent-qwen-awq,mooncake,censored,1.0,1234,history+deltas+edc+static,toolagent,sym_l2,p_star,0.0674,13.55,67,0.0003,0.9996,0.5538,0.2427,0.9493,tail,0.3619,3803285,0.6405,0.0013,0.0001,0.0012,2991.26,1636.4,1354.86,0.786,64,162.7,185.9,2.542,8.2,96,30.9,528.0
20260905-143412-m5p-train-toolagent-qwen-awq,2026-09-05T14:34:31.421082+08:00,toolagent,qwen-awq,nvme,17117,16,7532792,1329317,3803285,12220,63,0.3584,20260905-143110-m5p-feat-toolagent-qwen-awq,mooncake,censored,1.0,1234,history+deltas+edc+static,toolagent,cost_l2,0.5,0.5,15.48,74,0.0003,0.9997,0.5533,0.2369,0.9347,tail,0.3619,3803285,0.6405,0.0013,0.0001,0.0012,2962.6,1636.4,1326.2,0.779,64,182.1,202.0,2.845,6.6,96,33.3,611.0
20260905-143412-m5p-train-toolagent-qwen-awq,2026-09-05T14:34:31.421082+08:00,toolagent,qwen-awq,nvme,17117,16,7532792,1329317,3803285,12220,63,0.3584,20260905-143110-m5p-feat-toolagent-qwen-awq,mooncake,censored,1.0,1234,history+deltas+edc+static,toolagent,cost_l2,p_star,0.0674,15.48,74,0.0003,0.9997,0.5533,0.2369,0.9347,tail,0.3619,3803285,0.6405,0.0013,0.0001,0.0012,3007.67,1636.4,1371.27,0.791,64,182.1,202.0,2.845,6.6,96,33.3,611.0
20260905-143412-m5p-train-toolagent-qwen-awq,2026-09-05T14:34:31.421082+08:00,toolagent,qwen-awq,nvme,17117,16,7532792,1329317,3803285,12220,63,0.3584,20260905-143110-m5p-feat-toolagent-qwen-awq,mooncake,censored,1.0,1234,history+deltas+edc+static,toolagent,always_keep,p_star,0.0674,0.0,0,,,,,,,,3803285,0.0,0.6416,0.0,0.6416,728360.9,0.0,728360.9,191.508,,,,,,,,
20260905-143412-m5p-train-toolagent-qwen-awq,2026-09-05T14:34:31.421082+08:00,toolagent,qwen-awq,nvme,17117,16,7532792,1329317,3803285,12220,63,0.3584,20260905-143110-m5p-feat-toolagent-qwen-awq,mooncake,censored,1.0,1234,history+deltas+edc+static,toolagent,always_drop,p_star,0.0674,0.0,0,,,,,,,,3803285,1.0,0.3584,0.3584,0.0,5066606.25,5066606.25,0.0,1332.166,,,,,,,,
20260905-143540-m5p-train-toolagent-qwen-awq,2026-09-05T14:35:42.123974+08:00,toolagent,qwen-awq,nvme,17117,16,1884254,332516,951437,3248,63,0.3579,20260905-143119-m5p-feat-toolagent-qwen-awq,mooncake,censored,0.25,7,history+deltas+edc+static,toolagent,sym_l2,0.5,0.5,3.95,77,0.0002,0.9996,0.5515,0.2389,0.9495,tail,0.3627,951437,0.6411,0.0013,0.0001,0.0012,747.81,415.29,332.52,0.786,64,196.9,225.2,3.077,6.3,96,39.2,637.5
20260905-143540-m5p-train-toolagent-qwen-awq,2026-09-05T14:35:42.123974+08:00,toolagent,qwen-awq,nvme,17117,16,1884254,332516,951437,3248,63,0.3579,20260905-143119-m5p-feat-toolagent-qwen-awq,mooncake,censored,0.25,7,history+deltas+edc+static,toolagent,sym_l2,p_star,0.0674,3.95,77,0.0002,0.9996,0.5515,0.2389,0.9495,tail,0.3627,951437,0.6411,0.0013,0.0001,0.0012,747.81,415.29,332.52,0.786,64,196.9,225.2,3.077,6.3,96,39.2,637.5
20260905-143540-m5p-train-toolagent-qwen-awq,2026-09-05T14:35:42.123974+08:00,toolagent,qwen-awq,nvme,17117,16,1884254,332516,951437,3248,63,0.3579,20260905-143119-m5p-feat-toolagent-qwen-awq,mooncake,censored,0.25,7,history+deltas+edc+static,toolagent,cost_l2,0.5,0.5,4.2,75,0.0003,0.9994,0.5517,0.238,0.9493,tail,0.3627,951437,0.6412,0.0012,0.0001,0.0011,717.96,415.29,302.67,0.755,64,190.0,212.5,2.969,6.2,96,35.2,643.9
20260905-143540-m5p-train-toolagent-qwen-awq,2026-09-05T14:35:42.123974+08:00,toolagent,qwen-awq,nvme,17117,16,1884254,332516,951437,3248,63,0.3579,20260905-143119-m5p-feat-toolagent-qwen-awq,mooncake,censored,0.25,7,history+deltas+edc+static,toolagent,cost_l2,p_star,0.0674,4.2,75,0.0003,0.9994,0.5517,0.238,0.9493,tail,0.3627,951437,0.6411,0.0012,0.0001,0.0011,723.04,415.29,307.75,0.76,64,190.0,212.5,2.969,6.2,96,35.2,643.9
20260905-143540-m5p-train-toolagent-qwen-awq,2026-09-05T14:35:42.123974+08:00,toolagent,qwen-awq,nvme,17117,16,1884254,332516,951437,3248,63,0.3579,20260905-143119-m5p-feat-toolagent-qwen-awq,mooncake,censored,0.25,7,history+deltas+edc+static,toolagent,always_keep,p_star,0.0674,0.0,0,,,,,,,,951437,0.0,0.6421,0.0,0.6421,182358.87,0.0,182358.87,191.667,,,,,,,,
20260905-143540-m5p-train-toolagent-qwen-awq,2026-09-05T14:35:42.123974+08:00,toolagent,qwen-awq,nvme,17117,16,1884254,332516,951437,3248,63,0.3579,20260905-143119-m5p-feat-toolagent-qwen-awq,mooncake,censored,0.25,7,history+deltas+edc+static,toolagent,always_drop,p_star,0.0674,0.0,0,,,,,,,,951437,1.0,0.3579,0.3579,0.0,1265631.72,1265631.72,0.0,1330.232,,,,,,,,
20260905-143558-m5p-train-toolagent-qwen-awq,2026-09-05T14:35:59.998768+08:00,toolagent,qwen-awq,nvme,17117,16,1883279,332344,951003,3382,63,0.3592,20260905-143127-m5p-feat-toolagent-qwen-awq,mooncake,censored,0.25,99,history+deltas+edc+static,toolagent,sym_l2,0.5,0.5,4.09,72,0.0003,0.9995,0.5544,0.2346,0.9339,tail,0.3626,951003,0.6397,0.0014,0.0001,0.0013,865.88,509.78,356.1,0.91,64,183.4,205.8,2.865,6.0,96,33.2,595.1
20260905-143558-m5p-train-toolagent-qwen-awq,2026-09-05T14:35:59.998768+08:00,toolagent,qwen-awq,nvme,17117,16,1883279,332344,951003,3382,63,0.3592,20260905-143127-m5p-feat-toolagent-qwen-awq,mooncake,censored,0.25,99,history+deltas+edc+static,toolagent,sym_l2,p_star,0.0675,4.09,72,0.0003,0.9995,0.5544,0.2346,0.9339,tail,0.3626,951003,0.6397,0.0014,0.0001,0.0013,872.44,509.78,362.67,0.917,64,183.4,205.8,2.865,6.0,96,33.2,595.1
20260905-143558-m5p-train-toolagent-qwen-awq,2026-09-05T14:35:59.998768+08:00,toolagent,qwen-awq,nvme,17117,16,1883279,332344,951003,3382,63,0.3592,20260905-143127-m5p-feat-toolagent-qwen-awq,mooncake,censored,0.25,99,history+deltas+edc+static,toolagent,cost_l2,0.5,0.5,4.11,74,0.0003,0.9997,0.5509,0.2512,0.95,tail,0.3626,951003,0.6397,0.0014,0.0001,0.0013,865.88,509.78,356.1,0.91,64,178.8,197.8,2.794,6.0,96,32.2,599.9
20260905-143558-m5p-train-toolagent-qwen-awq,2026-09-05T14:35:59.998768+08:00,toolagent,qwen-awq,nvme,17117,16,1883279,332344,951003,3382,63,0.3592,20260905-143127-m5p-feat-toolagent-qwen-awq,mooncake,censored,0.25,99,history+deltas+edc+static,toolagent,cost_l2,p_star,0.0675,4.11,74,0.0003,0.9997,0.5509,0.2512,0.95,tail,0.3626,951003,0.6397,0.0014,0.0001,0.0013,865.88,509.78,356.1,0.91,64,178.8,197.8,2.794,6.0,96,32.2,599.9
20260905-143558-m5p-train-toolagent-qwen-awq,2026-09-05T14:35:59.998768+08:00,toolagent,qwen-awq,nvme,17117,16,1883279,332344,951003,3382,63,0.3592,20260905-143127-m5p-feat-toolagent-qwen-awq,mooncake,censored,0.25,99,history+deltas+edc+static,toolagent,always_keep,p_star,0.0675,0.0,0,,,,,,,,951003,0.0,0.6408,0.0,0.6408,181900.38,0.0,181900.38,191.272,,,,,,,,
20260905-143558-m5p-train-toolagent-qwen-awq,2026-09-05T14:35:59.998768+08:00,toolagent,qwen-awq,nvme,17117,16,1883279,332344,951003,3382,63,0.3592,20260905-143127-m5p-feat-toolagent-qwen-awq,mooncake,censored,0.25,99,history+deltas+edc+static,toolagent,always_drop,p_star,0.0675,0.0,0,,,,,,,,951003,1.0,0.3592,0.3592,0.0,1269695.84,1269695.84,0.0,1335.112,,,,,,,,
20260905-143614-m5p-train-toolagent-qwen-awq,2026-09-05T14:36:16.492914+08:00,toolagent,qwen-awq,nvme,17117,16,1882897,332276,950894,3579,63,0.3583,20260905-143134-m5p-feat-toolagent-qwen-awq,mooncake,uncensored,0.25,1234,history+deltas+edc+static,toolagent,sym_l2,0.5,0.5,4.74,85,0.0004,0.9997,1.4116,0.2744,0.7978,tail,0.3607,950894,0.6407,0.0013,0.0001,0.0011,824.23,503.35,320.88,0.867,64,338.1,363.2,5.284,5.8,96,35.8,1153.2
20260905-143614-m5p-train-toolagent-qwen-awq,2026-09-05T14:36:16.492914+08:00,toolagent,qwen-awq,nvme,17117,16,1882897,332276,950894,3579,63,0.3583,20260905-143134-m5p-feat-toolagent-qwen-awq,mooncake,uncensored,0.25,1234,history+deltas+edc+static,toolagent,sym_l2,p_star,0.0674,4.74,85,0.0004,0.9997,1.4116,0.2744,0.7978,tail,0.3607,950894,0.6407,0.0013,0.0001,0.0011,824.23,503.35,320.88,0.867,64,338.1,363.2,5.284,5.8,96,35.8,1153.2
20260905-143614-m5p-train-toolagent-qwen-awq,2026-09-05T14:36:16.492914+08:00,toolagent,qwen-awq,nvme,17117,16,1882897,332276,950894,3579,63,0.3583,20260905-143134-m5p-feat-toolagent-qwen-awq,mooncake,uncensored,0.25,1234,history+deltas+edc+static,toolagent,cost_l2,0.5,0.5,4.89,84,0.0003,0.9997,1.4229,0.2717,0.7958,tail,0.3607,950894,0.6407,0.0013,0.0001,0.0011,824.23,503.35,320.88,0.867,64,323.3,360.3,5.051,5.6,96,36.0,1150.4
20260905-143614-m5p-train-toolagent-qwen-awq,2026-09-05T14:36:16.492914+08:00,toolagent,qwen-awq,nvme,17117,16,1882897,332276,950894,3579,63,0.3583,20260905-143134-m5p-feat-toolagent-qwen-awq,mooncake,uncensored,0.25,1234,history+deltas+edc+static,toolagent,cost_l2,p_star,0.0674,4.89,84,0.0003,0.9997,1.4229,0.2717,0.7958,tail,0.3607,950894,0.6406,0.0013,0.0001,0.0011,829.0,503.35,325.66,0.872,64,323.3,360.3,5.051,5.6,96,36.0,1150.4
20260905-143614-m5p-train-toolagent-qwen-awq,2026-09-05T14:36:16.492914+08:00,toolagent,qwen-awq,nvme,17117,16,1882897,332276,950894,3579,63,0.3583,20260905-143134-m5p-feat-toolagent-qwen-awq,mooncake,uncensored,0.25,1234,history+deltas+edc+static,toolagent,always_keep,p_star,0.0674,0.0,0,,,,,,,,950894,0.0,0.6417,0.0,0.6417,182123.66,0.0,182123.66,191.529,,,,,,,,
20260905-143614-m5p-train-toolagent-qwen-awq,2026-09-05T14:36:16.492914+08:00,toolagent,qwen-awq,nvme,17117,16,1882897,332276,950894,3579,63,0.3583,20260905-143134-m5p-feat-toolagent-qwen-awq,mooncake,uncensored,0.25,1234,history+deltas+edc+static,toolagent,always_drop,p_star,0.0674,0.0,0,,,,,,,,950894,1.0,0.3583,0.3583,0.0,1266626.35,1266626.35,0.0,1332.037,,,,,,,,
20260905-143633-m5p-train-lc128kz-qwen-awq,2026-09-05T14:36:33.800466+08:00,lc128kz,qwen-awq,nvme,102702,16,491997,86824,269970,51107,63,0.7076,20260905-143045-m5p-feat-lc128kz-qwen-awq,longctx-zipf,uncensored,1.0,1234,history+deltas+edc+static,lc128kz,sym_l2,0.5,0.5,0.72,1,0.1308,0.6673,1.4973,0.1005,0.3979,tail,0.8963,269970,0.1408,0.2123,0.0303,0.182,136606.7,121941.77,14664.93,506.007,64,37.5,42.1,0.586,5.6,96,26.7,66.0
20260905-143633-m5p-train-lc128kz-qwen-awq,2026-09-05T14:36:33.800466+08:00,lc128kz,qwen-awq,nvme,102702,16,491997,86824,269970,51107,63,0.7076,20260905-143045-m5p-feat-lc128kz-qwen-awq,longctx-zipf,uncensored,1.0,1234,history+deltas+edc+static,lc128kz,sym_l2,p_star,0.0193,0.72,1,0.1308,0.6673,1.4973,0.1005,0.3979,tail,0.8963,269970,0.1396,0.2135,0.0303,0.1831,136699.24,121941.77,14757.47,506.35,64,37.5,42.1,0.586,5.6,96,26.7,66.0
20260905-143633-m5p-train-lc128kz-qwen-awq,2026-09-05T14:36:33.800466+08:00,lc128kz,qwen-awq,nvme,102702,16,491997,86824,269970,51107,63,0.7076,20260905-143045-m5p-feat-lc128kz-qwen-awq,longctx-zipf,uncensored,1.0,1234,history+deltas+edc+static,lc128kz,cost_l2,0.5,0.5,0.68,1,0.1311,0.6668,1.4895,0.0804,0.3924,tail,0.8963,269970,0.1396,0.2135,0.0303,0.1831,136699.24,121941.77,14757.47,506.35,64,39.1,43.3,0.611,5.6,96,28.1,70.7
20260905-143633-m5p-train-lc128kz-qwen-awq,2026-09-05T14:36:33.800466+08:00,lc128kz,qwen-awq,nvme,102702,16,491997,86824,269970,51107,63,0.7076,20260905-143045-m5p-feat-lc128kz-qwen-awq,longctx-zipf,uncensored,1.0,1234,history+deltas+edc+static,lc128kz,cost_l2,p_star,0.0193,0.68,1,0.1311,0.6668,1.4895,0.0804,0.3924,tail,0.8963,269970,0.1396,0.2135,0.0303,0.1831,136699.24,121941.77,14757.47,506.35,64,39.1,43.3,0.611,5.6,96,28.1,70.7
20260905-143633-m5p-train-lc128kz-qwen-awq,2026-09-05T14:36:33.800466+08:00,lc128kz,qwen-awq,nvme,102702,16,491997,86824,269970,51107,63,0.7076,20260905-143045-m5p-feat-lc128kz-qwen-awq,longctx-zipf,uncensored,1.0,1234,history+deltas+edc+static,lc128kz,always_keep,p_star,0.0193,0.0,0,,,,,,,,269970,0.0,0.2924,0.0,0.2924,23564.19,0.0,23564.19,87.284,,,,,,,,
20260905-143633-m5p-train-lc128kz-qwen-awq,2026-09-05T14:36:33.800466+08:00,lc128kz,qwen-awq,nvme,102702,16,491997,86824,269970,51107,63,0.7076,20260905-143045-m5p-feat-lc128kz-qwen-awq,longctx-zipf,uncensored,1.0,1234,history+deltas+edc+static,lc128kz,always_drop,p_star,0.0193,0.0,0,,,,,,,,269970,1.0,0.7076,0.7076,0.0,2847309.17,2847309.17,0.0,10546.761,,,,,,,,
20260905-143637-m5p-train-toolagent-qwen-awq,2026-09-05T14:36:39.516288+08:00,toolagent,qwen-awq,nvme,17117,16,1882897,332276,950894,3579,7,0.3583,20260905-142724-m5p-feat-toolagent-qwen-awq,mooncake,censored,0.25,1234,history+deltas+edc+static,toolagent,sym_l2,0.5,0.5,3.42,93,0.0003,0.9997,0.5467,0.286,0.9355,tail,0.3607,950894,0.6407,0.0013,0.0001,0.0011,824.23,503.35,320.88,0.867,64,128.3,140.4,2.005,5.6,96,33.6,393.5
20260905-143637-m5p-train-toolagent-qwen-awq,2026-09-05T14:36:39.516288+08:00,toolagent,qwen-awq,nvme,17117,16,1882897,332276,950894,3579,7,0.3583,20260905-142724-m5p-feat-toolagent-qwen-awq,mooncake,censored,0.25,1234,history+deltas+edc+static,toolagent,sym_l2,p_star,0.0674,3.42,93,0.0003,0.9997,0.5467,0.286,0.9355,tail,0.3607,950894,0.6406,0.0013,0.0001,0.0011,829.0,503.35,325.66,0.872,64,128.3,140.4,2.005,5.6,96,33.6,393.5
20260905-143637-m5p-train-toolagent-qwen-awq,2026-09-05T14:36:39.516288+08:00,toolagent,qwen-awq,nvme,17117,16,1882897,332276,950894,3579,7,0.3583,20260905-142724-m5p-feat-toolagent-qwen-awq,mooncake,censored,0.25,1234,history+deltas+edc+static,toolagent,cost_l2,0.5,0.5,3.88,117,0.0004,0.9997,0.5456,0.2799,0.9263,tail,0.3607,950894,0.6407,0.0013,0.0001,0.0011,824.23,503.35,320.88,0.867,64,158.1,173.4,2.47,5.8,96,35.2,515.4
20260905-143637-m5p-train-toolagent-qwen-awq,2026-09-05T14:36:39.516288+08:00,toolagent,qwen-awq,nvme,17117,16,1882897,332276,950894,3579,7,0.3583,20260905-142724-m5p-feat-toolagent-qwen-awq,mooncake,censored,0.25,1234,history+deltas+edc+static,toolagent,cost_l2,p_star,0.0674,3.88,117,0.0004,0.9997,0.5456,0.2799,0.9263,tail,0.3607,950894,0.6406,0.0013,0.0001,0.0012,836.47,503.35,333.12,0.88,64,158.1,173.4,2.47,5.8,96,35.2,515.4
20260905-143637-m5p-train-toolagent-qwen-awq,2026-09-05T14:36:39.516288+08:00,toolagent,qwen-awq,nvme,17117,16,1882897,332276,950894,3579,7,0.3583,20260905-142724-m5p-feat-toolagent-qwen-awq,mooncake,censored,0.25,1234,history+deltas+edc+static,toolagent,always_keep,p_star,0.0674,0.0,0,,,,,,,,950894,0.0,0.6417,0.0,0.6417,182123.66,0.0,182123.66,191.529,,,,,,,,
20260905-143637-m5p-train-toolagent-qwen-awq,2026-09-05T14:36:39.516288+08:00,toolagent,qwen-awq,nvme,17117,16,1882897,332276,950894,3579,7,0.3583,20260905-142724-m5p-feat-toolagent-qwen-awq,mooncake,censored,0.25,1234,history+deltas+edc+static,toolagent,always_drop,p_star,0.0674,0.0,0,,,,,,,,950894,1.0,0.3583,0.3583,0.0,1266626.35,1266626.35,0.0,1332.037,,,,,,,,
20260905-143653-m5p-train-lc128kz-qwen-awq,2026-09-05T14:36:53.956434+08:00,lc128kz,qwen-awq,nvme,102702,16,491997,86824,269970,51107,7,0.7076,20260905-143044-m5p-feat-lc128kz-qwen-awq,longctx-zipf,censored,1.0,1234,history+deltas+edc+static,lc128kz,sym_l2,0.5,0.5,0.57,1,0.1944,0.5926,0.9693,-0.0214,0.1928,tail,0.8963,269970,0.0,0.2924,0.0,0.2924,23564.19,0.0,23564.19,87.284,64,41.8,46.4,0.654,5.4,96,32.3,67.5
20260905-143653-m5p-train-lc128kz-qwen-awq,2026-09-05T14:36:53.956434+08:00,lc128kz,qwen-awq,nvme,102702,16,491997,86824,269970,51107,7,0.7076,20260905-143044-m5p-feat-lc128kz-qwen-awq,longctx-zipf,censored,1.0,1234,history+deltas+edc+static,lc128kz,sym_l2,p_star,0.0193,0.57,1,0.1944,0.5926,0.9693,-0.0214,0.1928,tail,0.8963,269970,0.0,0.2924,0.0,0.2924,23564.19,0.0,23564.19,87.284,64,41.8,46.4,0.654,5.4,96,32.3,67.5
20260905-143653-m5p-train-lc128kz-qwen-awq,2026-09-05T14:36:53.956434+08:00,lc128kz,qwen-awq,nvme,102702,16,491997,86824,269970,51107,7,0.7076,20260905-143044-m5p-feat-lc128kz-qwen-awq,longctx-zipf,censored,1.0,1234,history+deltas+edc+static,lc128kz,cost_l2,0.5,0.5,0.56,1,0.1944,0.5926,0.9663,-0.0214,0.1928,tail,0.8963,269970,0.0,0.2924,0.0,0.2924,23564.19,0.0,23564.19,87.284,64,41.6,45.7,0.651,5.4,96,32.6,70.1
20260905-143653-m5p-train-lc128kz-qwen-awq,2026-09-05T14:36:53.956434+08:00,lc128kz,qwen-awq,nvme,102702,16,491997,86824,269970,51107,7,0.7076,20260905-143044-m5p-feat-lc128kz-qwen-awq,longctx-zipf,censored,1.0,1234,history+deltas+edc+static,lc128kz,cost_l2,p_star,0.0193,0.56,1,0.1944,0.5926,0.9663,-0.0214,0.1928,tail,0.8963,269970,0.0,0.2924,0.0,0.2924,23564.19,0.0,23564.19,87.284,64,41.6,45.7,0.651,5.4,96,32.6,70.1
20260905-143653-m5p-train-lc128kz-qwen-awq,2026-09-05T14:36:53.956434+08:00,lc128kz,qwen-awq,nvme,102702,16,491997,86824,269970,51107,7,0.7076,20260905-143044-m5p-feat-lc128kz-qwen-awq,longctx-zipf,censored,1.0,1234,history+deltas+edc+static,lc128kz,always_keep,p_star,0.0193,0.0,0,,,,,,,,269970,0.0,0.2924,0.0,0.2924,23564.19,0.0,23564.19,87.284,,,,,,,,
20260905-143653-m5p-train-lc128kz-qwen-awq,2026-09-05T14:36:53.956434+08:00,lc128kz,qwen-awq,nvme,102702,16,491997,86824,269970,51107,7,0.7076,20260905-143044-m5p-feat-lc128kz-qwen-awq,longctx-zipf,censored,1.0,1234,history+deltas+edc+static,lc128kz,always_drop,p_star,0.0193,0.0,0,,,,,,,,269970,1.0,0.7076,0.7076,0.0,2847309.17,2847309.17,0.0,10546.761,,,,,,,,
20260905-143657-m5p-train-toolagent-qwen-awq,2026-09-05T14:36:59.241692+08:00,toolagent,qwen-awq,nvme,17117,16,1882897,332276,950894,3579,2,0.3583,20260905-142724-m5p-feat-toolagent-qwen-awq,mooncake,censored,0.25,1234,history+deltas+edc+static,toolagent,sym_l2,0.5,0.5,7.83,396,0.0003,0.9999,0.554,0.2446,0.8775,tail,0.3607,950894,0.6407,0.0013,0.0001,0.0011,824.23,503.35,320.88,0.867,64,245.7,258.8,3.839,5.0,96,34.4,888.7
20260905-143657-m5p-train-toolagent-qwen-awq,2026-09-05T14:36:59.241692+08:00,toolagent,qwen-awq,nvme,17117,16,1882897,332276,950894,3579,2,0.3583,20260905-142724-m5p-feat-toolagent-qwen-awq,mooncake,censored,0.25,1234,history+deltas+edc+static,toolagent,sym_l2,p_star,0.0674,7.83,396,0.0003,0.9999,0.554,0.2446,0.8775,tail,0.3607,950894,0.6407,0.0013,0.0001,0.0011,824.23,503.35,320.88,0.867,64,245.7,258.8,3.839,5.0,96,34.4,888.7
20260905-143657-m5p-train-toolagent-qwen-awq,2026-09-05T14:36:59.241692+08:00,toolagent,qwen-awq,nvme,17117,16,1882897,332276,950894,3579,2,0.3583,20260905-142724-m5p-feat-toolagent-qwen-awq,mooncake,censored,0.25,1234,history+deltas+edc+static,toolagent,cost_l2,0.5,0.5,8.05,396,0.0003,0.9999,0.5538,0.2461,0.8832,tail,0.3607,950894,0.6407,0.0013,0.0001,0.0011,824.23,503.35,320.88,0.867,64,255.5,534.8,3.992,5.5,96,35.2,882.5
20260905-143657-m5p-train-toolagent-qwen-awq,2026-09-05T14:36:59.241692+08:00,toolagent,qwen-awq,nvme,17117,16,1882897,332276,950894,3579,2,0.3583,20260905-142724-m5p-feat-toolagent-qwen-awq,mooncake,censored,0.25,1234,history+deltas+edc+static,toolagent,cost_l2,p_star,0.0674,8.05,396,0.0003,0.9999,0.5538,0.2461,0.8832,tail,0.3607,950894,0.6407,0.0013,0.0001,0.0011,824.23,503.35,320.88,0.867,64,255.5,534.8,3.992,5.5,96,35.2,882.5
20260905-143657-m5p-train-toolagent-qwen-awq,2026-09-05T14:36:59.241692+08:00,toolagent,qwen-awq,nvme,17117,16,1882897,332276,950894,3579,2,0.3583,20260905-142724-m5p-feat-toolagent-qwen-awq,mooncake,censored,0.25,1234,history+deltas+edc+static,toolagent,always_keep,p_star,0.0674,0.0,0,,,,,,,,950894,0.0,0.6417,0.0,0.6417,182123.66,0.0,182123.66,191.529,,,,,,,,
20260905-143657-m5p-train-toolagent-qwen-awq,2026-09-05T14:36:59.241692+08:00,toolagent,qwen-awq,nvme,17117,16,1882897,332276,950894,3579,2,0.3583,20260905-142724-m5p-feat-toolagent-qwen-awq,mooncake,censored,0.25,1234,history+deltas+edc+static,toolagent,always_drop,p_star,0.0674,0.0,0,,,,,,,,950894,1.0,0.3583,0.3583,0.0,1266626.35,1266626.35,0.0,1332.037,,,,,,,,
20260905-143722-m5p-train-lc128kz-qwen-awq,2026-09-05T14:37:23.036580+08:00,lc128kz,qwen-awq,nvme,102702,16,491997,86824,269970,51107,2,0.7076,20260905-143044-m5p-feat-lc128kz-qwen-awq,longctx-zipf,censored,1.0,1234,history+deltas+edc+static,lc128kz,sym_l2,0.5,0.5,0.49,1,0.1887,0.5,0.9727,-0.1803,0.5241,tail,0.8963,269970,0.0,0.2924,0.0,0.2924,23564.19,0.0,23564.19,87.284,64,37.6,42.8,0.587,5.1,96,26.4,61.3
20260905-143722-m5p-train-lc128kz-qwen-awq,2026-09-05T14:37:23.036580+08:00,lc128kz,qwen-awq,nvme,102702,16,491997,86824,269970,51107,2,0.7076,20260905-143044-m5p-feat-lc128kz-qwen-awq,longctx-zipf,censored,1.0,1234,history+deltas+edc+static,lc128kz,sym_l2,p_star,0.0193,0.49,1,0.1887,0.5,0.9727,-0.1803,0.5241,tail,0.8963,269970,0.0,0.2924,0.0,0.2924,23564.19,0.0,23564.19,87.284,64,37.6,42.8,0.587,5.1,96,26.4,61.3
20260905-143722-m5p-train-lc128kz-qwen-awq,2026-09-05T14:37:23.036580+08:00,lc128kz,qwen-awq,nvme,102702,16,491997,86824,269970,51107,2,0.7076,20260905-143044-m5p-feat-lc128kz-qwen-awq,longctx-zipf,censored,1.0,1234,history+deltas+edc+static,lc128kz,cost_l2,0.5,0.5,0.47,1,0.1887,0.5,0.9695,-0.1803,0.5241,tail,0.8963,269970,0.0,0.2924,0.0,0.2924,23564.19,0.0,23564.19,87.284,64,35.6,37.9,0.556,5.1,96,26.2,62.0
20260905-143722-m5p-train-lc128kz-qwen-awq,2026-09-05T14:37:23.036580+08:00,lc128kz,qwen-awq,nvme,102702,16,491997,86824,269970,51107,2,0.7076,20260905-143044-m5p-feat-lc128kz-qwen-awq,longctx-zipf,censored,1.0,1234,history+deltas+edc+static,lc128kz,cost_l2,p_star,0.0193,0.47,1,0.1887,0.5,0.9695,-0.1803,0.5241,tail,0.8963,269970,0.0,0.2924,0.0,0.2924,23564.19,0.0,23564.19,87.284,64,35.6,37.9,0.556,5.1,96,26.2,62.0
20260905-143722-m5p-train-lc128kz-qwen-awq,2026-09-05T14:37:23.036580+08:00,lc128kz,qwen-awq,nvme,102702,16,491997,86824,269970,51107,2,0.7076,20260905-143044-m5p-feat-lc128kz-qwen-awq,longctx-zipf,censored,1.0,1234,history+deltas+edc+static,lc128kz,always_keep,p_star,0.0193,0.0,0,,,,,,,,269970,0.0,0.2924,0.0,0.2924,23564.19,0.0,23564.19,87.284,,,,,,,,
20260905-143722-m5p-train-lc128kz-qwen-awq,2026-09-05T14:37:23.036580+08:00,lc128kz,qwen-awq,nvme,102702,16,491997,86824,269970,51107,2,0.7076,20260905-143044-m5p-feat-lc128kz-qwen-awq,longctx-zipf,censored,1.0,1234,history+deltas+edc+static,lc128kz,always_drop,p_star,0.0193,0.0,0,,,,,,,,269970,1.0,0.7076,0.7076,0.0,2847309.17,2847309.17,0.0,10546.761,,,,,,,,
20260905-143726-m5p-train-toolagent-qwen-awq,2026-09-05T14:37:27.499056+08:00,toolagent,qwen-awq,nvme,17117,16,1882897,332276,950894,3579,63,0.3583,20260905-142724-m5p-feat-toolagent-qwen-awq,mooncake,censored,0.25,1234,deltas,toolagent,sym_l2,0.5,0.5,3.2,93,0.0004,0.9997,0.5668,0.1469,0.9436,tail,0.3607,950894,0.6406,0.0013,0.0001,0.0011,748.31,423.55,324.76,0.787,64,211.7,234.4,3.308,5.4,96,32.5,728.4
20260905-143726-m5p-train-toolagent-qwen-awq,2026-09-05T14:37:27.499056+08:00,toolagent,qwen-awq,nvme,17117,16,1882897,332276,950894,3579,63,0.3583,20260905-142724-m5p-feat-toolagent-qwen-awq,mooncake,censored,0.25,1234,deltas,toolagent,sym_l2,p_star,0.0674,3.2,93,0.0004,0.9997,0.5668,0.1469,0.9436,tail,0.3607,950894,0.6406,0.0013,0.0001,0.0012,753.68,423.55,330.13,0.793,64,211.7,234.4,3.308,5.4,96,32.5,728.4
20260905-143726-m5p-train-toolagent-qwen-awq,2026-09-05T14:37:27.499056+08:00,toolagent,qwen-awq,nvme,17117,16,1882897,332276,950894,3579,63,0.3583,20260905-142724-m5p-feat-toolagent-qwen-awq,mooncake,censored,0.25,1234,deltas,toolagent,cost_l2,0.5,0.5,2.91,75,0.0004,0.9996,0.5693,0.1355,0.9429,tail,0.3607,950894,0.6406,0.0013,0.0001,0.0011,748.31,423.55,324.76,0.787,64,173.1,194.1,2.704,5.0,96,32.0,577.6
20260905-143726-m5p-train-toolagent-qwen-awq,2026-09-05T14:37:27.499056+08:00,toolagent,qwen-awq,nvme,17117,16,1882897,332276,950894,3579,63,0.3583,20260905-142724-m5p-feat-toolagent-qwen-awq,mooncake,censored,0.25,1234,deltas,toolagent,cost_l2,p_star,0.0674,2.91,75,0.0004,0.9996,0.5693,0.1355,0.9429,tail,0.3607,950894,0.6406,0.0013,0.0001,0.0012,757.27,423.55,333.71,0.796,64,173.1,194.1,2.704,5.0,96,32.0,577.6
20260905-143726-m5p-train-toolagent-qwen-awq,2026-09-05T14:37:27.499056+08:00,toolagent,qwen-awq,nvme,17117,16,1882897,332276,950894,3579,63,0.3583,20260905-142724-m5p-feat-toolagent-qwen-awq,mooncake,censored,0.25,1234,deltas,toolagent,always_keep,p_star,0.0674,0.0,0,,,,,,,,950894,0.0,0.6417,0.0,0.6417,182123.66,0.0,182123.66,191.529,,,,,,,,
20260905-143726-m5p-train-toolagent-qwen-awq,2026-09-05T14:37:27.499056+08:00,toolagent,qwen-awq,nvme,17117,16,1882897,332276,950894,3579,63,0.3583,20260905-142724-m5p-feat-toolagent-qwen-awq,mooncake,censored,0.25,1234,deltas,toolagent,always_drop,p_star,0.0674,0.0,0,,,,,,,,950894,1.0,0.3583,0.3583,0.0,1266626.35,1266626.35,0.0,1332.037,,,,,,,,
20260905-143739-m5p-train-lc128kz-qwen-awq,2026-09-05T14:37:39.402253+08:00,lc128kz,qwen-awq,nvme,102702,16,491997,86824,269970,51107,63,0.7076,20260905-143044-m5p-feat-lc128kz-qwen-awq,longctx-zipf,censored,1.0,1234,deltas,lc128kz,sym_l2,0.5,0.5,0.42,1,0.1918,0.5124,0.9736,0.1714,0.094,tail,0.8963,269970,0.0,0.2924,0.0,0.2924,23564.19,0.0,23564.19,87.284,64,34.5,38.6,0.539,4.7,96,26.2,55.6
20260905-143739-m5p-train-lc128kz-qwen-awq,2026-09-05T14:37:39.402253+08:00,lc128kz,qwen-awq,nvme,102702,16,491997,86824,269970,51107,63,0.7076,20260905-143044-m5p-feat-lc128kz-qwen-awq,longctx-zipf,censored,1.0,1234,deltas,lc128kz,sym_l2,p_star,0.0193,0.42,1,0.1918,0.5124,0.9736,0.1714,0.094,tail,0.8963,269970,0.0,0.2924,0.0,0.2924,23564.19,0.0,23564.19,87.284,64,34.5,38.6,0.539,4.7,96,26.2,55.6
20260905-143739-m5p-train-lc128kz-qwen-awq,2026-09-05T14:37:39.402253+08:00,lc128kz,qwen-awq,nvme,102702,16,491997,86824,269970,51107,63,0.7076,20260905-143044-m5p-feat-lc128kz-qwen-awq,longctx-zipf,censored,1.0,1234,deltas,lc128kz,cost_l2,0.5,0.5,0.41,1,0.1918,0.5169,0.9708,0.2068,0.1157,tail,0.8963,269970,0.0,0.2924,0.0,0.2924,23564.19,0.0,23564.19,87.284,64,36.6,38.8,0.572,4.7,96,28.1,59.8
20260905-143739-m5p-train-lc128kz-qwen-awq,2026-09-05T14:37:39.402253+08:00,lc128kz,qwen-awq,nvme,102702,16,491997,86824,269970,51107,63,0.7076,20260905-143044-m5p-feat-lc128kz-qwen-awq,longctx-zipf,censored,1.0,1234,deltas,lc128kz,cost_l2,p_star,0.0193,0.41,1,0.1918,0.5169,0.9708,0.2068,0.1157,tail,0.8963,269970,0.0,0.2924,0.0,0.2924,23564.19,0.0,23564.19,87.284,64,36.6,38.8,0.572,4.7,96,28.1,59.8
20260905-143739-m5p-train-lc128kz-qwen-awq,2026-09-05T14:37:39.402253+08:00,lc128kz,qwen-awq,nvme,102702,16,491997,86824,269970,51107,63,0.7076,20260905-143044-m5p-feat-lc128kz-qwen-awq,longctx-zipf,censored,1.0,1234,deltas,lc128kz,always_keep,p_star,0.0193,0.0,0,,,,,,,,269970,0.0,0.2924,0.0,0.2924,23564.19,0.0,23564.19,87.284,,,,,,,,
20260905-143739-m5p-train-lc128kz-qwen-awq,2026-09-05T14:37:39.402253+08:00,lc128kz,qwen-awq,nvme,102702,16,491997,86824,269970,51107,63,0.7076,20260905-143044-m5p-feat-lc128kz-qwen-awq,longctx-zipf,censored,1.0,1234,deltas,lc128kz,always_drop,p_star,0.0193,0.0,0,,,,,,,,269970,1.0,0.7076,0.7076,0.0,2847309.17,2847309.17,0.0,10546.761,,,,,,,,
20260905-143742-m5p-train-toolagent-qwen-awq,2026-09-05T14:37:43.327655+08:00,toolagent,qwen-awq,nvme,17117,16,1882897,332276,950894,3579,63,0.3583,20260905-142724-m5p-feat-toolagent-qwen-awq,mooncake,censored,0.25,1234,edc,toolagent,sym_l2,0.5,0.5,2.43,84,0.0003,0.9997,0.5686,0.1132,0.9408,tail,0.3607,950894,0.6407,0.0013,0.0001,0.0011,824.23,503.35,320.88,0.867,64,153.3,172.8,2.395,4.4,96,28.8,502.4
20260905-143742-m5p-train-toolagent-qwen-awq,2026-09-05T14:37:43.327655+08:00,toolagent,qwen-awq,nvme,17117,16,1882897,332276,950894,3579,63,0.3583,20260905-142724-m5p-feat-toolagent-qwen-awq,mooncake,censored,0.25,1234,edc,toolagent,sym_l2,p_star,0.0674,2.43,84,0.0003,0.9997,0.5686,0.1132,0.9408,tail,0.3607,950894,0.6406,0.0013,0.0001,0.0012,762.64,423.55,339.09,0.802,64,153.3,172.8,2.395,4.4,96,28.8,502.4
20260905-143742-m5p-train-toolagent-qwen-awq,2026-09-05T14:37:43.327655+08:00,toolagent,qwen-awq,nvme,17117,16,1882897,332276,950894,3579,63,0.3583,20260905-142724-m5p-feat-toolagent-qwen-awq,mooncake,censored,0.25,1234,edc,toolagent,cost_l2,0.5,0.5,2.53,81,0.0003,0.9996,0.5676,0.1237,0.9427,tail,0.3607,950894,0.6407,0.0013,0.0001,0.0011,824.23,503.35,320.88,0.867,64,155.7,175.4,2.433,4.1,96,28.0,504.7
20260905-143742-m5p-train-toolagent-qwen-awq,2026-09-05T14:37:43.327655+08:00,toolagent,qwen-awq,nvme,17117,16,1882897,332276,950894,3579,63,0.3583,20260905-142724-m5p-feat-toolagent-qwen-awq,mooncake,censored,0.25,1234,edc,toolagent,cost_l2,p_star,0.0674,2.53,81,0.0003,0.9996,0.5676,0.1237,0.9427,tail,0.3607,950894,0.6406,0.0013,0.0001,0.0012,767.12,423.55,343.56,0.807,64,155.7,175.4,2.433,4.1,96,28.0,504.7
20260905-143742-m5p-train-toolagent-qwen-awq,2026-09-05T14:37:43.327655+08:00,toolagent,qwen-awq,nvme,17117,16,1882897,332276,950894,3579,63,0.3583,20260905-142724-m5p-feat-toolagent-qwen-awq,mooncake,censored,0.25,1234,edc,toolagent,always_keep,p_star,0.0674,0.0,0,,,,,,,,950894,0.0,0.6417,0.0,0.6417,182123.66,0.0,182123.66,191.529,,,,,,,,
20260905-143742-m5p-train-toolagent-qwen-awq,2026-09-05T14:37:43.327655+08:00,toolagent,qwen-awq,nvme,17117,16,1882897,332276,950894,3579,63,0.3583,20260905-142724-m5p-feat-toolagent-qwen-awq,mooncake,censored,0.25,1234,edc,toolagent,always_drop,p_star,0.0674,0.0,0,,,,,,,,950894,1.0,0.3583,0.3583,0.0,1266626.35,1266626.35,0.0,1332.037,,,,,,,,
20260905-143753-m5p-train-lc128kz-qwen-awq,2026-09-05T14:37:53.744225+08:00,lc128kz,qwen-awq,nvme,102702,16,491997,86824,269970,51107,63,0.7076,20260905-143044-m5p-feat-lc128kz-qwen-awq,longctx-zipf,censored,1.0,1234,edc,lc128kz,sym_l2,0.5,0.5,0.33,1,0.1978,0.6227,0.9636,0.0255,0.4556,tail,0.8963,269970,0.0,0.2924,0.0,0.2924,23564.19,0.0,23564.19,87.284,64,34.4,38.3,0.537,3.9,96,26.7,54.7
20260905-143753-m5p-train-lc128kz-qwen-awq,2026-09-05T14:37:53.744225+08:00,lc128kz,qwen-awq,nvme,102702,16,491997,86824,269970,51107,63,0.7076,20260905-143044-m5p-feat-lc128kz-qwen-awq,longctx-zipf,censored,1.0,1234,edc,lc128kz,sym_l2,p_star,0.0193,0.33,1,0.1978,0.6227,0.9636,0.0255,0.4556,tail,0.8963,269970,0.0,0.2924,0.0,0.2924,23564.19,0.0,23564.19,87.284,64,34.4,38.3,0.537,3.9,96,26.7,54.7
20260905-143753-m5p-train-lc128kz-qwen-awq,2026-09-05T14:37:53.744225+08:00,lc128kz,qwen-awq,nvme,102702,16,491997,86824,269970,51107,63,0.7076,20260905-143044-m5p-feat-lc128kz-qwen-awq,longctx-zipf,censored,1.0,1234,edc,lc128kz,cost_l2,0.5,0.5,0.34,1,0.1985,0.7085,0.9604,-0.0256,0.4484,tail,0.8963,269970,0.0,0.2924,0.0,0.2924,23564.19,0.0,23564.19,87.284,64,36.8,38.5,0.575,3.9,96,28.1,54.3
20260905-143753-m5p-train-lc128kz-qwen-awq,2026-09-05T14:37:53.744225+08:00,lc128kz,qwen-awq,nvme,102702,16,491997,86824,269970,51107,63,0.7076,20260905-143044-m5p-feat-lc128kz-qwen-awq,longctx-zipf,censored,1.0,1234,edc,lc128kz,cost_l2,p_star,0.0193,0.34,1,0.1985,0.7085,0.9604,-0.0256,0.4484,tail,0.8963,269970,0.0,0.2924,0.0,0.2924,23564.19,0.0,23564.19,87.284,64,36.8,38.5,0.575,3.9,96,28.1,54.3
20260905-143753-m5p-train-lc128kz-qwen-awq,2026-09-05T14:37:53.744225+08:00,lc128kz,qwen-awq,nvme,102702,16,491997,86824,269970,51107,63,0.7076,20260905-143044-m5p-feat-lc128kz-qwen-awq,longctx-zipf,censored,1.0,1234,edc,lc128kz,always_keep,p_star,0.0193,0.0,0,,,,,,,,269970,0.0,0.2924,0.0,0.2924,23564.19,0.0,23564.19,87.284,,,,,,,,
20260905-143753-m5p-train-lc128kz-qwen-awq,2026-09-05T14:37:53.744225+08:00,lc128kz,qwen-awq,nvme,102702,16,491997,86824,269970,51107,63,0.7076,20260905-143044-m5p-feat-lc128kz-qwen-awq,longctx-zipf,censored,1.0,1234,edc,lc128kz,always_drop,p_star,0.0193,0.0,0,,,,,,,,269970,1.0,0.7076,0.7076,0.0,2847309.17,2847309.17,0.0,10546.761,,,,,,,,
20260905-143756-m5p-train-toolagent-qwen-awq,2026-09-05T14:37:57.346649+08:00,toolagent,qwen-awq,nvme,17117,16,1882897,332276,950894,3579,63,0.3583,20260905-142724-m5p-feat-toolagent-qwen-awq,mooncake,censored,0.25,1234,static,toolagent,sym_l2,0.5,0.5,2.4,83,0.0003,0.9998,0.5544,0.2288,0.8523,tail,0.3607,950894,0.6404,0.0014,0.0001,0.0013,579.84,205.53,374.31,0.61,64,218.2,244.0,3.41,4.3,96,34.8,722.7
20260905-143756-m5p-train-toolagent-qwen-awq,2026-09-05T14:37:57.346649+08:00,toolagent,qwen-awq,nvme,17117,16,1882897,332276,950894,3579,63,0.3583,20260905-142724-m5p-feat-toolagent-qwen-awq,mooncake,censored,0.25,1234,static,toolagent,sym_l2,p_star,0.0674,2.4,83,0.0003,0.9998,0.5544,0.2288,0.8523,tail,0.3607,950894,0.6404,0.0014,0.0001,0.0013,579.84,205.53,374.31,0.61,64,218.2,244.0,3.41,4.3,96,34.8,722.7
20260905-143756-m5p-train-toolagent-qwen-awq,2026-09-05T14:37:57.346649+08:00,toolagent,qwen-awq,nvme,17117,16,1882897,332276,950894,3579,63,0.3583,20260905-142724-m5p-feat-toolagent-qwen-awq,mooncake,censored,0.25,1234,static,toolagent,cost_l2,0.5,0.5,2.7,87,0.0004,0.9998,0.5553,0.2222,0.8519,tail,0.3607,950894,0.6405,0.0013,0.0001,0.0013,564.64,209.14,355.5,0.594,64,213.0,241.4,3.328,4.6,96,34.3,717.4
20260905-143756-m5p-train-toolagent-qwen-awq,2026-09-05T14:37:57.346649+08:00,toolagent,qwen-awq,nvme,17117,16,1882897,332276,950894,3579,63,0.3583,20260905-142724-m5p-feat-toolagent-qwen-awq,mooncake,censored,0.25,1234,static,toolagent,cost_l2,p_star,0.0674,2.7,87,0.0004,0.9998,0.5553,0.2222,0.8519,tail,0.3607,950894,0.6399,0.0018,0.0,0.0018,636.54,131.79,504.75,0.669,64,213.0,241.4,3.328,4.6,96,34.3,717.4
20260905-143756-m5p-train-toolagent-qwen-awq,2026-09-05T14:37:57.346649+08:00,toolagent,qwen-awq,nvme,17117,16,1882897,332276,950894,3579,63,0.3583,20260905-142724-m5p-feat-toolagent-qwen-awq,mooncake,censored,0.25,1234,static,toolagent,always_keep,p_star,0.0674,0.0,0,,,,,,,,950894,0.0,0.6417,0.0,0.6417,182123.66,0.0,182123.66,191.529,,,,,,,,
20260905-143756-m5p-train-toolagent-qwen-awq,2026-09-05T14:37:57.346649+08:00,toolagent,qwen-awq,nvme,17117,16,1882897,332276,950894,3579,63,0.3583,20260905-142724-m5p-feat-toolagent-qwen-awq,mooncake,censored,0.25,1234,static,toolagent,always_drop,p_star,0.0674,0.0,0,,,,,,,,950894,1.0,0.3583,0.3583,0.0,1266626.35,1266626.35,0.0,1332.037,,,,,,,,
20260905-143808-m5p-train-lc128kz-qwen-awq,2026-09-05T14:38:08.211630+08:00,lc128kz,qwen-awq,nvme,102702,16,491997,86824,269970,51107,63,0.7076,20260905-143044-m5p-feat-lc128kz-qwen-awq,longctx-zipf,censored,1.0,1234,static,lc128kz,sym_l2,0.5,0.5,0.33,1,0.176,0.6312,0.9738,0.2182,0.3518,tail,0.8963,269970,0.0,0.2924,0.0,0.2924,23564.19,0.0,23564.19,87.284,64,34.8,40.6,0.544,4.3,96,26.2,52.7
20260905-143808-m5p-train-lc128kz-qwen-awq,2026-09-05T14:38:08.211630+08:00,lc128kz,qwen-awq,nvme,102702,16,491997,86824,269970,51107,63,0.7076,20260905-143044-m5p-feat-lc128kz-qwen-awq,longctx-zipf,censored,1.0,1234,static,lc128kz,sym_l2,p_star,0.0193,0.33,1,0.176,0.6312,0.9738,0.2182,0.3518,tail,0.8963,269970,0.0,0.2924,0.0,0.2924,23564.19,0.0,23564.19,87.284,64,34.8,40.6,0.544,4.3,96,26.2,52.7
20260905-143808-m5p-train-lc128kz-qwen-awq,2026-09-05T14:38:08.211630+08:00,lc128kz,qwen-awq,nvme,102702,16,491997,86824,269970,51107,63,0.7076,20260905-143044-m5p-feat-lc128kz-qwen-awq,longctx-zipf,censored,1.0,1234,static,lc128kz,cost_l2,0.5,0.5,0.32,1,0.1754,0.631,0.9709,0.2212,0.3575,tail,0.8963,269970,0.0,0.2924,0.0,0.2924,23564.19,0.0,23564.19,87.284,64,33.8,36.1,0.529,4.3,96,26.2,54.0
20260905-143808-m5p-train-lc128kz-qwen-awq,2026-09-05T14:38:08.211630+08:00,lc128kz,qwen-awq,nvme,102702,16,491997,86824,269970,51107,63,0.7076,20260905-143044-m5p-feat-lc128kz-qwen-awq,longctx-zipf,censored,1.0,1234,static,lc128kz,cost_l2,p_star,0.0193,0.32,1,0.1754,0.631,0.9709,0.2212,0.3575,tail,0.8963,269970,0.0,0.2924,0.0,0.2924,23564.19,0.0,23564.19,87.284,64,33.8,36.1,0.529,4.3,96,26.2,54.0
20260905-143808-m5p-train-lc128kz-qwen-awq,2026-09-05T14:38:08.211630+08:00,lc128kz,qwen-awq,nvme,102702,16,491997,86824,269970,51107,63,0.7076,20260905-143044-m5p-feat-lc128kz-qwen-awq,longctx-zipf,censored,1.0,1234,static,lc128kz,always_keep,p_star,0.0193,0.0,0,,,,,,,,269970,0.0,0.2924,0.0,0.2924,23564.19,0.0,23564.19,87.284,,,,,,,,
20260905-143808-m5p-train-lc128kz-qwen-awq,2026-09-05T14:38:08.211630+08:00,lc128kz,qwen-awq,nvme,102702,16,491997,86824,269970,51107,63,0.7076,20260905-143044-m5p-feat-lc128kz-qwen-awq,longctx-zipf,censored,1.0,1234,static,lc128kz,always_drop,p_star,0.0193,0.0,0,,,,,,,,269970,1.0,0.7076,0.7076,0.0,2847309.17,2847309.17,0.0,10546.761,,,,,,,,
20260905-143810-m5p-train-toolagent-qwen-awq,2026-09-05T14:38:12.138220+08:00,toolagent,qwen-awq,nvme,17117,16,1882897,332276,950894,3579,63,0.3583,20260905-142724-m5p-feat-toolagent-qwen-awq,mooncake,censored,0.25,1234,history+deltas,toolagent,sym_l2,0.5,0.5,2.71,63,0.0006,0.9997,0.5714,0.0979,0.9406,tail,0.3607,950894,0.6406,0.0012,0.0001,0.0011,742.34,423.55,318.79,0.781,64,134.7,150.4,2.105,4.6,96,30.4,441.9
20260905-143810-m5p-train-toolagent-qwen-awq,2026-09-05T14:38:12.138220+08:00,toolagent,qwen-awq,nvme,17117,16,1882897,332276,950894,3579,63,0.3583,20260905-142724-m5p-feat-toolagent-qwen-awq,mooncake,censored,0.25,1234,history+deltas,toolagent,sym_l2,p_star,0.0674,2.71,63,0.0006,0.9997,0.5714,0.0979,0.9406,tail,0.3607,950894,0.6406,0.0013,0.0001,0.0012,756.67,423.55,333.12,0.796,64,134.7,150.4,2.105,4.6,96,30.4,441.9
20260905-143810-m5p-train-toolagent-qwen-awq,2026-09-05T14:38:12.138220+08:00,toolagent,qwen-awq,nvme,17117,16,1882897,332276,950894,3579,63,0.3583,20260905-142724-m5p-feat-toolagent-qwen-awq,mooncake,censored,0.25,1234,history+deltas,toolagent,cost_l2,0.5,0.5,2.76,67,0.0005,0.9997,0.5686,0.1121,0.9415,tail,0.3607,950894,0.6406,0.0012,0.0001,0.0011,743.83,423.55,320.28,0.782,64,137.3,151.3,2.146,4.9,96,32.9,448.0
20260905-143810-m5p-train-toolagent-qwen-awq,2026-09-05T14:38:12.138220+08:00,toolagent,qwen-awq,nvme,17117,16,1882897,332276,950894,3579,63,0.3583,20260905-142724-m5p-feat-toolagent-qwen-awq,mooncake,censored,0.25,1234,history+deltas,toolagent,cost_l2,p_star,0.0674,2.76,67,0.0005,0.9997,0.5686,0.1121,0.9415,tail,0.3607,950894,0.6406,0.0013,0.0001,0.0012,758.46,423.55,334.91,0.798,64,137.3,151.3,2.146,4.9,96,32.9,448.0
20260905-143810-m5p-train-toolagent-qwen-awq,2026-09-05T14:38:12.138220+08:00,toolagent,qwen-awq,nvme,17117,16,1882897,332276,950894,3579,63,0.3583,20260905-142724-m5p-feat-toolagent-qwen-awq,mooncake,censored,0.25,1234,history+deltas,toolagent,always_keep,p_star,0.0674,0.0,0,,,,,,,,950894,0.0,0.6417,0.0,0.6417,182123.66,0.0,182123.66,191.529,,,,,,,,
20260905-143810-m5p-train-toolagent-qwen-awq,2026-09-05T14:38:12.138220+08:00,toolagent,qwen-awq,nvme,17117,16,1882897,332276,950894,3579,63,0.3583,20260905-142724-m5p-feat-toolagent-qwen-awq,mooncake,censored,0.25,1234,history+deltas,toolagent,always_drop,p_star,0.0674,0.0,0,,,,,,,,950894,1.0,0.3583,0.3583,0.0,1266626.35,1266626.35,0.0,1332.037,,,,,,,,
20260905-143823-m5p-train-lc128kz-qwen-awq,2026-09-05T14:38:23.278720+08:00,lc128kz,qwen-awq,nvme,102702,16,491997,86824,269970,51107,63,0.7076,20260905-143044-m5p-feat-lc128kz-qwen-awq,longctx-zipf,censored,1.0,1234,history+deltas,lc128kz,sym_l2,0.5,0.5,0.43,1,0.1869,0.4824,0.9732,0.23,0.0842,tail,0.8963,269970,0.0,0.2924,0.0,0.2924,23564.19,0.0,23564.19,87.284,64,35.2,38.7,0.549,4.6,96,26.2,57.9
20260905-143823-m5p-train-lc128kz-qwen-awq,2026-09-05T14:38:23.278720+08:00,lc128kz,qwen-awq,nvme,102702,16,491997,86824,269970,51107,63,0.7076,20260905-143044-m5p-feat-lc128kz-qwen-awq,longctx-zipf,censored,1.0,1234,history+deltas,lc128kz,sym_l2,p_star,0.0193,0.43,1,0.1869,0.4824,0.9732,0.23,0.0842,tail,0.8963,269970,0.0,0.2924,0.0,0.2924,23564.19,0.0,23564.19,87.284,64,35.2,38.7,0.549,4.6,96,26.2,57.9
20260905-143823-m5p-train-lc128kz-qwen-awq,2026-09-05T14:38:23.278720+08:00,lc128kz,qwen-awq,nvme,102702,16,491997,86824,269970,51107,63,0.7076,20260905-143044-m5p-feat-lc128kz-qwen-awq,longctx-zipf,censored,1.0,1234,history+deltas,lc128kz,cost_l2,0.5,0.5,0.44,1,0.1824,0.5252,0.9704,0.2705,0.0985,tail,0.8963,269970,0.0,0.2924,0.0,0.2924,23564.19,0.0,23564.19,87.284,64,34.8,37.6,0.543,4.6,96,26.1,61.9
20260905-143823-m5p-train-lc128kz-qwen-awq,2026-09-05T14:38:23.278720+08:00,lc128kz,qwen-awq,nvme,102702,16,491997,86824,269970,51107,63,0.7076,20260905-143044-m5p-feat-lc128kz-qwen-awq,longctx-zipf,censored,1.0,1234,history+deltas,lc128kz,cost_l2,p_star,0.0193,0.44,1,0.1824,0.5252,0.9704,0.2705,0.0985,tail,0.8963,269970,0.0,0.2924,0.0,0.2924,23564.19,0.0,23564.19,87.284,64,34.8,37.6,0.543,4.6,96,26.1,61.9
20260905-143823-m5p-train-lc128kz-qwen-awq,2026-09-05T14:38:23.278720+08:00,lc128kz,qwen-awq,nvme,102702,16,491997,86824,269970,51107,63,0.7076,20260905-143044-m5p-feat-lc128kz-qwen-awq,longctx-zipf,censored,1.0,1234,history+deltas,lc128kz,always_keep,p_star,0.0193,0.0,0,,,,,,,,269970,0.0,0.2924,0.0,0.2924,23564.19,0.0,23564.19,87.284,,,,,,,,
20260905-143823-m5p-train-lc128kz-qwen-awq,2026-09-05T14:38:23.278720+08:00,lc128kz,qwen-awq,nvme,102702,16,491997,86824,269970,51107,63,0.7076,20260905-143044-m5p-feat-lc128kz-qwen-awq,longctx-zipf,censored,1.0,1234,history+deltas,lc128kz,always_drop,p_star,0.0193,0.0,0,,,,,,,,269970,1.0,0.7076,0.7076,0.0,2847309.17,2847309.17,0.0,10546.761,,,,,,,,
20260905-143826-m5p-train-toolagent-qwen-awq,2026-09-05T14:38:27.782684+08:00,toolagent,qwen-awq,nvme,17117,16,1882897,332276,950894,3579,63,0.3583,20260905-142724-m5p-feat-toolagent-qwen-awq,mooncake,censored,0.25,1234,history+deltas+edc,toolagent,sym_l2,0.5,0.5,3.24,64,0.0004,0.9995,0.5685,0.1217,0.9421,tail,0.3607,950894,0.6407,0.0013,0.0001,0.0011,824.23,503.35,320.88,0.867,64,137.5,153.5,2.148,4.4,96,31.3,435.8
20260905-143826-m5p-train-toolagent-qwen-awq,2026-09-05T14:38:27.782684+08:00,toolagent,qwen-awq,nvme,17117,16,1882897,332276,950894,3579,63,0.3583,20260905-142724-m5p-feat-toolagent-qwen-awq,mooncake,censored,0.25,1234,history+deltas+edc,toolagent,sym_l2,p_star,0.0674,3.24,64,0.0004,0.9995,0.5685,0.1217,0.9421,tail,0.3607,950894,0.6407,0.0013,0.0001,0.0011,824.23,503.35,320.88,0.867,64,137.5,153.5,2.148,4.4,96,31.3,435.8
20260905-143826-m5p-train-toolagent-qwen-awq,2026-09-05T14:38:27.782684+08:00,toolagent,qwen-awq,nvme,17117,16,1882897,332276,950894,3579,63,0.3583,20260905-142724-m5p-feat-toolagent-qwen-awq,mooncake,censored,0.25,1234,history+deltas+edc,toolagent,cost_l2,0.5,0.5,3.38,64,0.0003,0.9996,0.5689,0.1141,0.9416,tail,0.3607,950894,0.6407,0.0013,0.0001,0.0011,824.23,503.35,320.88,0.867,64,140.3,154.0,2.192,4.2,96,30.7,439.2
20260905-143826-m5p-train-toolagent-qwen-awq,2026-09-05T14:38:27.782684+08:00,toolagent,qwen-awq,nvme,17117,16,1882897,332276,950894,3579,63,0.3583,20260905-142724-m5p-feat-toolagent-qwen-awq,mooncake,censored,0.25,1234,history+deltas+edc,toolagent,cost_l2,p_star,0.0674,3.38,64,0.0003,0.9996,0.5689,0.1141,0.9416,tail,0.3607,950894,0.6407,0.0013,0.0001,0.0011,824.23,503.35,320.88,0.867,64,140.3,154.0,2.192,4.2,96,30.7,439.2
20260905-143826-m5p-train-toolagent-qwen-awq,2026-09-05T14:38:27.782684+08:00,toolagent,qwen-awq,nvme,17117,16,1882897,332276,950894,3579,63,0.3583,20260905-142724-m5p-feat-toolagent-qwen-awq,mooncake,censored,0.25,1234,history+deltas+edc,toolagent,always_keep,p_star,0.0674,0.0,0,,,,,,,,950894,0.0,0.6417,0.0,0.6417,182123.66,0.0,182123.66,191.529,,,,,,,,
20260905-143826-m5p-train-toolagent-qwen-awq,2026-09-05T14:38:27.782684+08:00,toolagent,qwen-awq,nvme,17117,16,1882897,332276,950894,3579,63,0.3583,20260905-142724-m5p-feat-toolagent-qwen-awq,mooncake,censored,0.25,1234,history+deltas+edc,toolagent,always_drop,p_star,0.0674,0.0,0,,,,,,,,950894,1.0,0.3583,0.3583,0.0,1266626.35,1266626.35,0.0,1332.037,,,,,,,,
20260905-143840-m5p-train-lc128kz-qwen-awq,2026-09-05T14:38:40.552400+08:00,lc128kz,qwen-awq,nvme,102702,16,491997,86824,269970,51107,63,0.7076,20260905-143044-m5p-feat-lc128kz-qwen-awq,longctx-zipf,censored,1.0,1234,history+deltas+edc,lc128kz,sym_l2,0.5,0.5,0.59,1,0.1887,0.5,0.969,0.1277,0.2476,tail,0.8963,269970,0.0,0.2924,0.0,0.2924,23564.19,0.0,23564.19,87.284,64,37.2,42.6,0.581,4.1,96,26.5,64.6
20260905-143840-m5p-train-lc128kz-qwen-awq,2026-09-05T14:38:40.552400+08:00,lc128kz,qwen-awq,nvme,102702,16,491997,86824,269970,51107,63,0.7076,20260905-143044-m5p-feat-lc128kz-qwen-awq,longctx-zipf,censored,1.0,1234,history+deltas+edc,lc128kz,sym_l2,p_star,0.0193,0.59,1,0.1887,0.5,0.969,0.1277,0.2476,tail,0.8963,269970,0.0,0.2924,0.0,0.2924,23564.19,0.0,23564.19,87.284,64,37.2,42.6,0.581,4.1,96,26.5,64.6
20260905-143840-m5p-train-lc128kz-qwen-awq,2026-09-05T14:38:40.552400+08:00,lc128kz,qwen-awq,nvme,102702,16,491997,86824,269970,51107,63,0.7076,20260905-143044-m5p-feat-lc128kz-qwen-awq,longctx-zipf,censored,1.0,1234,history+deltas+edc,lc128kz,cost_l2,0.5,0.5,0.61,1,0.2075,0.6132,0.9639,0.2083,0.3359,tail,0.8963,269970,0.0,0.2924,0.0,0.2924,23564.19,0.0,23564.19,87.284,64,36.3,39.4,0.566,4.1,96,26.4,62.4
20260905-143840-m5p-train-lc128kz-qwen-awq,2026-09-05T14:38:40.552400+08:00,lc128kz,qwen-awq,nvme,102702,16,491997,86824,269970,51107,63,0.7076,20260905-143044-m5p-feat-lc128kz-qwen-awq,longctx-zipf,censored,1.0,1234,history+deltas+edc,lc128kz,cost_l2,p_star,0.0193,0.61,1,0.2075,0.6132,0.9639,0.2083,0.3359,tail,0.8963,269970,0.0,0.2924,0.0,0.2924,23564.19,0.0,23564.19,87.284,64,36.3,39.4,0.566,4.1,96,26.4,62.4
20260905-143840-m5p-train-lc128kz-qwen-awq,2026-09-05T14:38:40.552400+08:00,lc128kz,qwen-awq,nvme,102702,16,491997,86824,269970,51107,63,0.7076,20260905-143044-m5p-feat-lc128kz-qwen-awq,longctx-zipf,censored,1.0,1234,history+deltas+edc,lc128kz,always_keep,p_star,0.0193,0.0,0,,,,,,,,269970,0.0,0.2924,0.0,0.2924,23564.19,0.0,23564.19,87.284,,,,,,,,
20260905-143840-m5p-train-lc128kz-qwen-awq,2026-09-05T14:38:40.552400+08:00,lc128kz,qwen-awq,nvme,102702,16,491997,86824,269970,51107,63,0.7076,20260905-143044-m5p-feat-lc128kz-qwen-awq,longctx-zipf,censored,1.0,1234,history+deltas+edc,lc128kz,always_drop,p_star,0.0193,0.0,0,,,,,,,,269970,1.0,0.7076,0.7076,0.0,2847309.17,2847309.17,0.0,10546.761,,,,,,,,
20260905-144009-m5p-train-lc32ks-qwen-awq,2026-09-05T14:40:10.132980+08:00,lc32ks,qwen-awq,nvme,102702,16,854824,150852,435431,10329,63,0.8017,20260905-143910-m5p-feat-lc32ks-qwen-awq,longctx-session,censored,0.25,1234,history+deltas+edc+static,lc32ks,sym_l2,0.5,0.5,1.36,16,0.0566,0.5947,1.1422,0.0047,0.0936,tail,0.8541,435431,0.0233,0.1801,0.0026,0.1776,30012.82,6935.18,23077.64,68.927,64,113.2,122.1,1.769,1.7,96,31.2,331.1
20260905-144009-m5p-train-lc32ks-qwen-awq,2026-09-05T14:40:10.132980+08:00,lc32ks,qwen-awq,nvme,102702,16,854824,150852,435431,10329,63,0.8017,20260905-143910-m5p-feat-lc32ks-qwen-awq,longctx-session,censored,0.25,1234,history+deltas+edc+static,lc32ks,sym_l2,p_star,0.0459,1.36,16,0.0566,0.5947,1.1422,0.0047,0.0936,tail,0.8541,435431,0.0184,0.18,0.0,0.18,23388.67,0.0,23388.67,53.714,64,113.2,122.1,1.769,1.7,96,31.2,331.1
20260905-144009-m5p-train-lc32ks-qwen-awq,2026-09-05T14:40:10.132980+08:00,lc32ks,qwen-awq,nvme,102702,16,854824,150852,435431,10329,63,0.8017,20260905-143910-m5p-feat-lc32ks-qwen-awq,longctx-session,censored,0.25,1234,history+deltas+edc+static,lc32ks,cost_l2,0.5,0.5,1.39,17,0.0611,0.5677,1.1491,-0.0229,0.0539,tail,0.8541,435431,0.0218,0.181,0.0022,0.1787,29240.8,6010.03,23230.77,67.154,64,125.3,133.8,1.958,1.8,96,30.8,367.7
20260905-144009-m5p-train-lc32ks-qwen-awq,2026-09-05T14:40:10.132980+08:00,lc32ks,qwen-awq,nvme,102702,16,854824,150852,435431,10329,63,0.8017,20260905-143910-m5p-feat-lc32ks-qwen-awq,longctx-session,censored,0.25,1234,history+deltas+edc+static,lc32ks,cost_l2,p_star,0.0459,1.39,17,0.0611,0.5677,1.1491,-0.0229,0.0539,tail,0.8541,435431,0.0207,0.1798,0.0011,0.1787,26181.49,2950.72,23230.77,60.128,64,125.3,133.8,1.958,1.8,96,30.8,367.7
20260905-144009-m5p-train-lc32ks-qwen-awq,2026-09-05T14:40:10.132980+08:00,lc32ks,qwen-awq,nvme,102702,16,854824,150852,435431,10329,63,0.8017,20260905-143910-m5p-feat-lc32ks-qwen-awq,longctx-session,censored,0.25,1234,history+deltas+edc+static,lc32ks,always_keep,p_star,0.0459,0.0,0,,,,,,,,435431,0.0,0.1983,0.0,0.1983,25774.82,0.0,25774.82,59.194,,,,,,,,
20260905-144009-m5p-train-lc32ks-qwen-awq,2026-09-05T14:40:10.132980+08:00,lc32ks,qwen-awq,nvme,102702,16,854824,150852,435431,10329,63,0.8017,20260905-143910-m5p-feat-lc32ks-qwen-awq,longctx-session,censored,0.25,1234,history+deltas+edc+static,lc32ks,always_drop,p_star,0.0459,0.0,0,,,,,,,,435431,1.0,0.8017,0.8017,0.0,2148408.64,2148408.64,0.0,4933.982,,,,,,,,
20260905-144016-m5p-train-lc32ks-qwen-awq,2026-09-05T14:40:16.998793+08:00,lc32ks,qwen-awq,nvme,102702,16,854824,150852,435431,10329,7,0.8017,20260905-143910-m5p-feat-lc32ks-qwen-awq,longctx-session,censored,0.25,1234,history+deltas+edc+static,lc32ks,sym_l2,0.5,0.5,0.97,29,0.0582,0.5763,1.1362,0.0099,0.0904,tail,0.8541,435431,0.0184,0.18,0.0,0.18,23388.67,0.0,23388.67,53.714,64,68.3,75.1,1.066,2.3,96,32.2,174.0
20260905-144016-m5p-train-lc32ks-qwen-awq,2026-09-05T14:40:16.998793+08:00,lc32ks,qwen-awq,nvme,102702,16,854824,150852,435431,10329,7,0.8017,20260905-143910-m5p-feat-lc32ks-qwen-awq,longctx-session,censored,0.25,1234,history+deltas+edc+static,lc32ks,sym_l2,p_star,0.0459,0.97,29,0.0582,0.5763,1.1362,0.0099,0.0904,tail,0.8541,435431,0.0184,0.18,0.0,0.18,23388.67,0.0,23388.67,53.714,64,68.3,75.1,1.066,2.3,96,32.2,174.0
20260905-144016-m5p-train-lc32ks-qwen-awq,2026-09-05T14:40:16.998793+08:00,lc32ks,qwen-awq,nvme,102702,16,854824,150852,435431,10329,7,0.8017,20260905-143910-m5p-feat-lc32ks-qwen-awq,longctx-session,censored,0.25,1234,history+deltas+edc+static,lc32ks,cost_l2,0.5,0.5,0.96,26,0.0529,0.5882,1.1341,-0.0157,0.0832,tail,0.8541,435431,0.0184,0.18,0.0,0.18,23388.67,0.0,23388.67,53.714,64,63.6,68.8,0.993,2.3,96,30.1,162.6
20260905-144016-m5p-train-lc32ks-qwen-awq,2026-09-05T14:40:16.998793+08:00,lc32ks,qwen-awq,nvme,102702,16,854824,150852,435431,10329,7,0.8017,20260905-143910-m5p-feat-lc32ks-qwen-awq,longctx-session,censored,0.25,1234,history+deltas+edc+static,lc32ks,cost_l2,p_star,0.0459,0.96,26,0.0529,0.5882,1.1341,-0.0157,0.0832,tail,0.8541,435431,0.0184,0.18,0.0,0.18,23388.67,0.0,23388.67,53.714,64,63.6,68.8,0.993,2.3,96,30.1,162.6
20260905-144016-m5p-train-lc32ks-qwen-awq,2026-09-05T14:40:16.998793+08:00,lc32ks,qwen-awq,nvme,102702,16,854824,150852,435431,10329,7,0.8017,20260905-143910-m5p-feat-lc32ks-qwen-awq,longctx-session,censored,0.25,1234,history+deltas+edc+static,lc32ks,always_keep,p_star,0.0459,0.0,0,,,,,,,,435431,0.0,0.1983,0.0,0.1983,25774.82,0.0,25774.82,59.194,,,,,,,,
20260905-144016-m5p-train-lc32ks-qwen-awq,2026-09-05T14:40:16.998793+08:00,lc32ks,qwen-awq,nvme,102702,16,854824,150852,435431,10329,7,0.8017,20260905-143910-m5p-feat-lc32ks-qwen-awq,longctx-session,censored,0.25,1234,history+deltas+edc+static,lc32ks,always_drop,p_star,0.0459,0.0,0,,,,,,,,435431,1.0,0.8017,0.8017,0.0,2148408.64,2148408.64,0.0,4933.982,,,,,,,,
