run_id,ts,model_key,tier,gpu,ctx,n_prefixes,round,kv_dtype,prefix_idx,ttft_ms,total_ms,gpu_kv_cache_tokens,fs_tier_queries,cpu_tier_queries,o_direct,fs_root,desc,host_contention,foreign_gpu_count,foreign_max_util,log
20260831-213811-m2-retrieval,2026-08-31T21:39:28.490161+08:00,llama-awq,gpu_resident,0,16384,1,cold,auto,0,4824.075,4860.079,120320,,,True,/home/hungwei/kv_fs_tier_nvme,block 沒被逐出，warm 直接命中 GPU prefix cache（≈0 的基準）,QUIET,0,0,/ssd7/hungwei/paper-hkv/runs/20260831-213811-m2-retrieval/gpu_resident_r0/server.log
20260831-213811-m2-retrieval,2026-08-31T21:39:28.941160+08:00,llama-awq,gpu_resident,0,16384,1,warm,auto,0,142.065,175.069,120320,,,True,/home/hungwei/kv_fs_tier_nvme,block 沒被逐出，warm 直接命中 GPU prefix cache（≈0 的基準）,QUIET,0,0,/ssd7/hungwei/paper-hkv/runs/20260831-213811-m2-retrieval/gpu_resident_r0/server.log
20260831-213811-m2-retrieval,2026-08-31T21:41:05.777725+08:00,llama-awq,cpu,0,16384,4,cold,auto,0,5227.899,5253.498,120320,,,True,/home/hungwei/kv_fs_tier_nvme,CPU 階：PCIe 搬回來,HEAVY,3,100,/ssd7/hungwei/paper-hkv/runs/20260831-213811-m2-retrieval/cpu_r0/server.log
20260831-213811-m2-retrieval,2026-08-31T21:41:11.531774+08:00,llama-awq,cpu,0,16384,4,cold,auto,1,5455.173,5489.924,120320,,,True,/home/hungwei/kv_fs_tier_nvme,CPU 階：PCIe 搬回來,HEAVY,3,35,/ssd7/hungwei/paper-hkv/runs/20260831-213811-m2-retrieval/cpu_r0/server.log
20260831-213811-m2-retrieval,2026-08-31T21:41:17.300594+08:00,llama-awq,cpu,0,16384,4,cold,auto,2,5430.152,5460.582,120320,,,True,/home/hungwei/kv_fs_tier_nvme,CPU 階：PCIe 搬回來,HEAVY,3,100,/ssd7/hungwei/paper-hkv/runs/20260831-213811-m2-retrieval/cpu_r0/server.log
20260831-213811-m2-retrieval,2026-08-31T21:41:23.069654+08:00,llama-awq,cpu,0,16384,4,cold,auto,3,5452.998,5483.118,120320,,,True,/home/hungwei/kv_fs_tier_nvme,CPU 階：PCIe 搬回來,HEAVY,3,99,/ssd7/hungwei/paper-hkv/runs/20260831-213811-m2-retrieval/cpu_r0/server.log
20260831-213811-m2-retrieval,2026-08-31T21:41:23.505489+08:00,llama-awq,cpu,0,16384,4,warm,auto,0,127.396,164.742,120320,,,True,/home/hungwei/kv_fs_tier_nvme,CPU 階：PCIe 搬回來,HEAVY,3,95,/ssd7/hungwei/paper-hkv/runs/20260831-213811-m2-retrieval/cpu_r0/server.log
20260831-213811-m2-retrieval,2026-08-31T21:41:23.944294+08:00,llama-awq,cpu,0,16384,4,warm,auto,1,132.104,166.437,120320,,,True,/home/hungwei/kv_fs_tier_nvme,CPU 階：PCIe 搬回來,HEAVY,3,100,/ssd7/hungwei/paper-hkv/runs/20260831-213811-m2-retrieval/cpu_r0/server.log
20260831-213811-m2-retrieval,2026-08-31T21:41:24.395068+08:00,llama-awq,cpu,0,16384,4,warm,auto,2,126.333,164.71,120320,,,True,/home/hungwei/kv_fs_tier_nvme,CPU 階：PCIe 搬回來,HEAVY,3,100,/ssd7/hungwei/paper-hkv/runs/20260831-213811-m2-retrieval/cpu_r0/server.log
20260831-213811-m2-retrieval,2026-08-31T21:41:24.831997+08:00,llama-awq,cpu,0,16384,4,warm,auto,3,134.532,173.375,120320,,,True,/home/hungwei/kv_fs_tier_nvme,CPU 階：PCIe 搬回來,HEAVY,3,100,/ssd7/hungwei/paper-hkv/runs/20260831-213811-m2-retrieval/cpu_r0/server.log
20260831-213811-m2-retrieval,2026-08-31T21:42:31.029369+08:00,llama-awq,ssd,0,16384,4,cold,auto,0,5385.82,5417.874,126864,,,True,/home/hungwei/kv_fs_tier_nvme,CPU 階刻意縮小 → 強迫 cascade 到磁碟，量的才是真的磁碟階,HEAVY,3,96,/ssd7/hungwei/paper-hkv/runs/20260831-213811-m2-retrieval/ssd_r0/server.log
20260831-213811-m2-retrieval,2026-08-31T21:42:36.439391+08:00,llama-awq,ssd,0,16384,4,cold,auto,1,5102.933,5139.088,126864,,,True,/home/hungwei/kv_fs_tier_nvme,CPU 階刻意縮小 → 強迫 cascade 到磁碟，量的才是真的磁碟階,HEAVY,3,100,/ssd7/hungwei/paper-hkv/runs/20260831-213811-m2-retrieval/ssd_r0/server.log
20260831-213811-m2-retrieval,2026-08-31T21:42:42.335837+08:00,llama-awq,ssd,0,16384,4,cold,auto,2,5561.663,5608.9,126864,,,True,/home/hungwei/kv_fs_tier_nvme,CPU 階刻意縮小 → 強迫 cascade 到磁碟，量的才是真的磁碟階,HEAVY,3,100,/ssd7/hungwei/paper-hkv/runs/20260831-213811-m2-retrieval/ssd_r0/server.log
20260831-213811-m2-retrieval,2026-08-31T21:42:47.907005+08:00,llama-awq,ssd,0,16384,4,cold,auto,3,5248.067,5287.516,126864,,,True,/home/hungwei/kv_fs_tier_nvme,CPU 階刻意縮小 → 強迫 cascade 到磁碟，量的才是真的磁碟階,HEAVY,3,82,/ssd7/hungwei/paper-hkv/runs/20260831-213811-m2-retrieval/ssd_r0/server.log
20260831-213811-m2-retrieval,2026-08-31T21:42:48.360623+08:00,llama-awq,ssd,0,16384,4,warm,auto,0,144.804,173.593,126864,,,True,/home/hungwei/kv_fs_tier_nvme,CPU 階刻意縮小 → 強迫 cascade 到磁碟，量的才是真的磁碟階,HEAVY,3,69,/ssd7/hungwei/paper-hkv/runs/20260831-213811-m2-retrieval/ssd_r0/server.log
20260831-213811-m2-retrieval,2026-08-31T21:42:48.826836+08:00,llama-awq,ssd,0,16384,4,warm,auto,1,158.546,185.946,126864,,,True,/home/hungwei/kv_fs_tier_nvme,CPU 階刻意縮小 → 強迫 cascade 到磁碟，量的才是真的磁碟階,HEAVY,3,100,/ssd7/hungwei/paper-hkv/runs/20260831-213811-m2-retrieval/ssd_r0/server.log
20260831-213811-m2-retrieval,2026-08-31T21:42:49.296015+08:00,llama-awq,ssd,0,16384,4,warm,auto,2,137.764,175.756,126864,,,True,/home/hungwei/kv_fs_tier_nvme,CPU 階刻意縮小 → 強迫 cascade 到磁碟，量的才是真的磁碟階,HEAVY,3,100,/ssd7/hungwei/paper-hkv/runs/20260831-213811-m2-retrieval/ssd_r0/server.log
20260831-213811-m2-retrieval,2026-08-31T21:42:49.753187+08:00,llama-awq,ssd,0,16384,4,warm,auto,3,145.156,184.551,126864,,,True,/home/hungwei/kv_fs_tier_nvme,CPU 階刻意縮小 → 強迫 cascade 到磁碟，量的才是真的磁碟階,HEAVY,3,100,/ssd7/hungwei/paper-hkv/runs/20260831-213811-m2-retrieval/ssd_r0/server.log
20260831-213811-m2-retrieval,2026-08-31T21:43:54.462819+08:00,llama-awq,drop,0,16384,4,cold,auto,0,4948.529,4986.541,126864,,,True,/home/hungwei/kv_fs_tier_nvme,沒有第二階，warm 只能整段重算,HEAVY,3,100,/ssd7/hungwei/paper-hkv/runs/20260831-213811-m2-retrieval/drop_r0/server.log
20260831-213811-m2-retrieval,2026-08-31T21:43:59.957869+08:00,llama-awq,drop,0,16384,4,cold,auto,1,5156.875,5191.952,126864,,,True,/home/hungwei/kv_fs_tier_nvme,沒有第二階，warm 只能整段重算,HEAVY,3,82,/ssd7/hungwei/paper-hkv/runs/20260831-213811-m2-retrieval/drop_r0/server.log
20260831-213811-m2-retrieval,2026-08-31T21:44:05.438386+08:00,llama-awq,drop,0,16384,4,cold,auto,2,5164.724,5199.619,126864,,,True,/home/hungwei/kv_fs_tier_nvme,沒有第二階，warm 只能整段重算,HEAVY,3,100,/ssd7/hungwei/paper-hkv/runs/20260831-213811-m2-retrieval/drop_r0/server.log
20260831-213811-m2-retrieval,2026-08-31T21:44:10.961586+08:00,llama-awq,drop,0,16384,4,cold,auto,3,5206.932,5245.442,126864,,,True,/home/hungwei/kv_fs_tier_nvme,沒有第二階，warm 只能整段重算,HEAVY,3,96,/ssd7/hungwei/paper-hkv/runs/20260831-213811-m2-retrieval/drop_r0/server.log
20260831-213811-m2-retrieval,2026-08-31T21:44:11.406439+08:00,llama-awq,drop,0,16384,4,warm,auto,0,131.396,175.342,126864,,,True,/home/hungwei/kv_fs_tier_nvme,沒有第二階，warm 只能整段重算,HEAVY,3,100,/ssd7/hungwei/paper-hkv/runs/20260831-213811-m2-retrieval/drop_r0/server.log
20260831-213811-m2-retrieval,2026-08-31T21:44:11.854127+08:00,llama-awq,drop,0,16384,4,warm,auto,1,134.981,175.098,126864,,,True,/home/hungwei/kv_fs_tier_nvme,沒有第二階，warm 只能整段重算,HEAVY,3,100,/ssd7/hungwei/paper-hkv/runs/20260831-213811-m2-retrieval/drop_r0/server.log
20260831-213811-m2-retrieval,2026-08-31T21:44:12.302627+08:00,llama-awq,drop,0,16384,4,warm,auto,2,127.346,172.324,126864,,,True,/home/hungwei/kv_fs_tier_nvme,沒有第二階，warm 只能整段重算,HEAVY,3,100,/ssd7/hungwei/paper-hkv/runs/20260831-213811-m2-retrieval/drop_r0/server.log
20260831-213811-m2-retrieval,2026-08-31T21:44:12.761791+08:00,llama-awq,drop,0,16384,4,warm,auto,3,140.329,183.148,126864,,,True,/home/hungwei/kv_fs_tier_nvme,沒有第二階，warm 只能整段重算,HEAVY,3,100,/ssd7/hungwei/paper-hkv/runs/20260831-213811-m2-retrieval/drop_r0/server.log
20260831-213811-m2-retrieval,2026-08-31T21:45:32.913681+08:00,llama-awq,gpu_fp8,0,16384,1,cold,fp8,0,4965.123,4993.158,240656,,,True,/home/hungwei/kv_fs_tier_nvme,GPU FP8 儲存：容量 2×，讀取要反量化,HEAVY,3,85,/ssd7/hungwei/paper-hkv/runs/20260831-213811-m2-retrieval/gpu_fp8_r0/server.log
20260831-213811-m2-retrieval,2026-08-31T21:45:33.444748+08:00,llama-awq,gpu_fp8,0,16384,1,warm,fp8,0,128.323,154.953,240656,,,True,/home/hungwei/kv_fs_tier_nvme,GPU FP8 儲存：容量 2×，讀取要反量化,HEAVY,3,70,/ssd7/hungwei/paper-hkv/runs/20260831-213811-m2-retrieval/gpu_fp8_r0/server.log
20260831-213811-m2-retrieval,2026-08-31T21:47:03.776565+08:00,llama-awq,gpu_int4,0,16384,1,cold,int4_per_token_head,0,9056.401,9121.531,453008,,,True,/home/hungwei/kv_fs_tier_nvme,GPU INT4 儲存：容量 4×，讀取要反量化,HEAVY,3,100,/ssd7/hungwei/paper-hkv/runs/20260831-213811-m2-retrieval/gpu_int4_r0/server.log
20260831-213811-m2-retrieval,2026-08-31T21:47:04.268316+08:00,llama-awq,gpu_int4,0,16384,1,warm,int4_per_token_head,0,151.506,213.137,453008,,,True,/home/hungwei/kv_fs_tier_nvme,GPU INT4 儲存：容量 4×，讀取要反量化,HEAVY,3,99,/ssd7/hungwei/paper-hkv/runs/20260831-213811-m2-retrieval/gpu_int4_r0/server.log
20260831-213811-m2-retrieval,2026-08-31T21:48:29.073435+08:00,llama-awq,cpu,0,16384,4,cold,auto,0,5339.461,5365.259,126864,,,True,/home/hungwei/kv_fs_tier_nvme,CPU 階：PCIe 搬回來,HEAVY,3,100,/ssd7/hungwei/paper-hkv/runs/20260831-213811-m2-retrieval/cpu_r1/server.log
20260831-213811-m2-retrieval,2026-08-31T21:48:34.854566+08:00,llama-awq,cpu,0,16384,4,cold,auto,1,5491.279,5520.169,126864,,,True,/home/hungwei/kv_fs_tier_nvme,CPU 階：PCIe 搬回來,HEAVY,3,100,/ssd7/hungwei/paper-hkv/runs/20260831-213811-m2-retrieval/cpu_r1/server.log
20260831-213811-m2-retrieval,2026-08-31T21:48:40.696434+08:00,llama-awq,cpu,0,16384,4,cold,auto,2,5498.797,5529.925,126864,,,True,/home/hungwei/kv_fs_tier_nvme,CPU 階：PCIe 搬回來,HEAVY,3,100,/ssd7/hungwei/paper-hkv/runs/20260831-213811-m2-retrieval/cpu_r1/server.log
20260831-213811-m2-retrieval,2026-08-31T21:48:46.559269+08:00,llama-awq,cpu,0,16384,4,cold,auto,3,5554.518,5587.11,126864,,,True,/home/hungwei/kv_fs_tier_nvme,CPU 階：PCIe 搬回來,HEAVY,3,100,/ssd7/hungwei/paper-hkv/runs/20260831-213811-m2-retrieval/cpu_r1/server.log
20260831-213811-m2-retrieval,2026-08-31T21:48:47.012637+08:00,llama-awq,cpu,0,16384,4,warm,auto,0,140.092,171.684,126864,,,True,/home/hungwei/kv_fs_tier_nvme,CPU 階：PCIe 搬回來,HEAVY,3,78,/ssd7/hungwei/paper-hkv/runs/20260831-213811-m2-retrieval/cpu_r1/server.log
20260831-213811-m2-retrieval,2026-08-31T21:48:47.446766+08:00,llama-awq,cpu,0,16384,4,warm,auto,1,127.986,162.814,126864,,,True,/home/hungwei/kv_fs_tier_nvme,CPU 階：PCIe 搬回來,HEAVY,3,100,/ssd7/hungwei/paper-hkv/runs/20260831-213811-m2-retrieval/cpu_r1/server.log
20260831-213811-m2-retrieval,2026-08-31T21:48:47.886517+08:00,llama-awq,cpu,0,16384,4,warm,auto,2,127.703,162.538,126864,,,True,/home/hungwei/kv_fs_tier_nvme,CPU 階：PCIe 搬回來,HEAVY,3,100,/ssd7/hungwei/paper-hkv/runs/20260831-213811-m2-retrieval/cpu_r1/server.log
20260831-213811-m2-retrieval,2026-08-31T21:48:48.383212+08:00,llama-awq,cpu,0,16384,4,warm,auto,3,143.175,175.552,126864,,,True,/home/hungwei/kv_fs_tier_nvme,CPU 階：PCIe 搬回來,HEAVY,3,100,/ssd7/hungwei/paper-hkv/runs/20260831-213811-m2-retrieval/cpu_r1/server.log
20260831-213811-m2-retrieval,2026-08-31T21:49:57.364252+08:00,llama-awq,ssd,0,16384,4,cold,auto,0,5364.828,5396.963,126864,,,True,/home/hungwei/kv_fs_tier_nvme,CPU 階刻意縮小 → 強迫 cascade 到磁碟，量的才是真的磁碟階,HEAVY,3,100,/ssd7/hungwei/paper-hkv/runs/20260831-213811-m2-retrieval/ssd_r1/server.log
20260831-213811-m2-retrieval,2026-08-31T21:50:03.213733+08:00,llama-awq,ssd,0,16384,4,cold,auto,1,5544.134,5579.601,126864,,,True,/home/hungwei/kv_fs_tier_nvme,CPU 階刻意縮小 → 強迫 cascade 到磁碟，量的才是真的磁碟階,HEAVY,3,99,/ssd7/hungwei/paper-hkv/runs/20260831-213811-m2-retrieval/ssd_r1/server.log
20260831-213811-m2-retrieval,2026-08-31T21:50:08.694709+08:00,llama-awq,ssd,0,16384,4,cold,auto,2,5178.942,5217.81,126864,,,True,/home/hungwei/kv_fs_tier_nvme,CPU 階刻意縮小 → 強迫 cascade 到磁碟，量的才是真的磁碟階,HEAVY,3,100,/ssd7/hungwei/paper-hkv/runs/20260831-213811-m2-retrieval/ssd_r1/server.log
20260831-213811-m2-retrieval,2026-08-31T21:50:14.285776+08:00,llama-awq,ssd,0,16384,4,cold,auto,3,5220.699,5254.865,126864,,,True,/home/hungwei/kv_fs_tier_nvme,CPU 階刻意縮小 → 強迫 cascade 到磁碟，量的才是真的磁碟階,HEAVY,3,90,/ssd7/hungwei/paper-hkv/runs/20260831-213811-m2-retrieval/ssd_r1/server.log
20260831-213811-m2-retrieval,2026-08-31T21:50:14.732024+08:00,llama-awq,ssd,0,16384,4,warm,auto,0,141.538,181.9,126864,,,True,/home/hungwei/kv_fs_tier_nvme,CPU 階刻意縮小 → 強迫 cascade 到磁碟，量的才是真的磁碟階,HEAVY,3,100,/ssd7/hungwei/paper-hkv/runs/20260831-213811-m2-retrieval/ssd_r1/server.log
20260831-213811-m2-retrieval,2026-08-31T21:50:15.223864+08:00,llama-awq,ssd,0,16384,4,warm,auto,1,140.039,177.128,126864,,,True,/home/hungwei/kv_fs_tier_nvme,CPU 階刻意縮小 → 強迫 cascade 到磁碟，量的才是真的磁碟階,HEAVY,3,100,/ssd7/hungwei/paper-hkv/runs/20260831-213811-m2-retrieval/ssd_r1/server.log
20260831-213811-m2-retrieval,2026-08-31T21:50:15.680942+08:00,llama-awq,ssd,0,16384,4,warm,auto,2,136.223,176.448,126864,,,True,/home/hungwei/kv_fs_tier_nvme,CPU 階刻意縮小 → 強迫 cascade 到磁碟，量的才是真的磁碟階,HEAVY,3,100,/ssd7/hungwei/paper-hkv/runs/20260831-213811-m2-retrieval/ssd_r1/server.log
20260831-213811-m2-retrieval,2026-08-31T21:50:16.134706+08:00,llama-awq,ssd,0,16384,4,warm,auto,3,147.803,184.834,126864,,,True,/home/hungwei/kv_fs_tier_nvme,CPU 階刻意縮小 → 強迫 cascade 到磁碟，量的才是真的磁碟階,HEAVY,3,100,/ssd7/hungwei/paper-hkv/runs/20260831-213811-m2-retrieval/ssd_r1/server.log
20260831-213811-m2-retrieval,2026-08-31T21:51:20.693829+08:00,llama-awq,drop,0,16384,4,cold,auto,0,4956.095,4995.352,126864,,,True,/home/hungwei/kv_fs_tier_nvme,沒有第二階，warm 只能整段重算,HEAVY,3,100,/ssd7/hungwei/paper-hkv/runs/20260831-213811-m2-retrieval/drop_r1/server.log
20260831-213811-m2-retrieval,2026-08-31T21:51:26.155301+08:00,llama-awq,drop,0,16384,4,cold,auto,1,5160.773,5192.169,126864,,,True,/home/hungwei/kv_fs_tier_nvme,沒有第二階，warm 只能整段重算,HEAVY,3,53,/ssd7/hungwei/paper-hkv/runs/20260831-213811-m2-retrieval/drop_r1/server.log
20260831-213811-m2-retrieval,2026-08-31T21:51:31.655256+08:00,llama-awq,drop,0,16384,4,cold,auto,2,5174.776,5213.701,126864,,,True,/home/hungwei/kv_fs_tier_nvme,沒有第二階，warm 只能整段重算,HEAVY,3,100,/ssd7/hungwei/paper-hkv/runs/20260831-213811-m2-retrieval/drop_r1/server.log
20260831-213811-m2-retrieval,2026-08-31T21:51:37.164464+08:00,llama-awq,drop,0,16384,4,cold,auto,3,5199.062,5238.372,126864,,,True,/home/hungwei/kv_fs_tier_nvme,沒有第二階，warm 只能整段重算,HEAVY,3,100,/ssd7/hungwei/paper-hkv/runs/20260831-213811-m2-retrieval/drop_r1/server.log
20260831-213811-m2-retrieval,2026-08-31T21:51:37.611055+08:00,llama-awq,drop,0,16384,4,warm,auto,0,135.815,174.041,126864,,,True,/home/hungwei/kv_fs_tier_nvme,沒有第二階，warm 只能整段重算,HEAVY,3,100,/ssd7/hungwei/paper-hkv/runs/20260831-213811-m2-retrieval/drop_r1/server.log
20260831-213811-m2-retrieval,2026-08-31T21:51:38.066645+08:00,llama-awq,drop,0,16384,4,warm,auto,1,143.29,178.482,126864,,,True,/home/hungwei/kv_fs_tier_nvme,沒有第二階，warm 只能整段重算,HEAVY,3,100,/ssd7/hungwei/paper-hkv/runs/20260831-213811-m2-retrieval/drop_r1/server.log
20260831-213811-m2-retrieval,2026-08-31T21:51:38.521279+08:00,llama-awq,drop,0,16384,4,warm,auto,2,138.301,175.864,126864,,,True,/home/hungwei/kv_fs_tier_nvme,沒有第二階，warm 只能整段重算,HEAVY,3,96,/ssd7/hungwei/paper-hkv/runs/20260831-213811-m2-retrieval/drop_r1/server.log
20260831-213811-m2-retrieval,2026-08-31T21:51:39.000648+08:00,llama-awq,drop,0,16384,4,warm,auto,3,145.017,183.112,126864,,,True,/home/hungwei/kv_fs_tier_nvme,沒有第二階，warm 只能整段重算,HEAVY,3,76,/ssd7/hungwei/paper-hkv/runs/20260831-213811-m2-retrieval/drop_r1/server.log
20260831-213811-m2-retrieval,2026-08-31T21:52:43.085052+08:00,llama-awq,gpu_fp8,0,16384,1,cold,fp8,0,4921.635,4948.8,253744,,,True,/home/hungwei/kv_fs_tier_nvme,GPU FP8 儲存：容量 2×，讀取要反量化,HEAVY,3,100,/ssd7/hungwei/paper-hkv/runs/20260831-213811-m2-retrieval/gpu_fp8_r1/server.log
20260831-213811-m2-retrieval,2026-08-31T21:52:43.521923+08:00,llama-awq,gpu_fp8,0,16384,1,warm,fp8,0,131.652,160.306,253744,,,True,/home/hungwei/kv_fs_tier_nvme,GPU FP8 儲存：容量 2×，讀取要反量化,HEAVY,3,100,/ssd7/hungwei/paper-hkv/runs/20260831-213811-m2-retrieval/gpu_fp8_r1/server.log
20260831-213811-m2-retrieval,2026-08-31T21:53:55.013185+08:00,llama-awq,gpu_int4,0,16384,1,cold,int4_per_token_head,0,8229.515,8295.804,477648,,,True,/home/hungwei/kv_fs_tier_nvme,GPU INT4 儲存：容量 4×，讀取要反量化,HEAVY,3,100,/ssd7/hungwei/paper-hkv/runs/20260831-213811-m2-retrieval/gpu_int4_r1/server.log
20260831-213811-m2-retrieval,2026-08-31T21:53:55.501716+08:00,llama-awq,gpu_int4,0,16384,1,warm,int4_per_token_head,0,152.85,215.113,477648,,,True,/home/hungwei/kv_fs_tier_nvme,GPU INT4 儲存：容量 4×，讀取要反量化,HEAVY,3,66,/ssd7/hungwei/paper-hkv/runs/20260831-213811-m2-retrieval/gpu_int4_r1/server.log
20260831-213811-m2-retrieval,2026-08-31T21:55:01.672583+08:00,llama-awq,gpu_resident,0,16384,1,cold,auto,0,4933.416,4972.336,126864,,,True,/home/hungwei/kv_fs_tier_nvme,block 沒被逐出，warm 直接命中 GPU prefix cache（≈0 的基準）,HEAVY,3,100,/ssd7/hungwei/paper-hkv/runs/20260831-213811-m2-retrieval/gpu_resident_r1/server.log
20260831-213811-m2-retrieval,2026-08-31T21:55:02.119351+08:00,llama-awq,gpu_resident,0,16384,1,warm,auto,0,131.676,166.293,126864,,,True,/home/hungwei/kv_fs_tier_nvme,block 沒被逐出，warm 直接命中 GPU prefix cache（≈0 的基準）,HEAVY,3,100,/ssd7/hungwei/paper-hkv/runs/20260831-213811-m2-retrieval/gpu_resident_r1/server.log
20260831-213811-m2-retrieval,2026-08-31T21:56:11.069695+08:00,llama-awq,ssd,0,16384,4,cold,auto,0,5408.514,5440.361,126864,,,True,/home/hungwei/kv_fs_tier_nvme,CPU 階刻意縮小 → 強迫 cascade 到磁碟，量的才是真的磁碟階,HEAVY,3,100,/ssd7/hungwei/paper-hkv/runs/20260831-213811-m2-retrieval/ssd_r2/server.log
20260831-213811-m2-retrieval,2026-08-31T21:56:16.877750+08:00,llama-awq,ssd,0,16384,4,cold,auto,1,5498.902,5531.302,126864,,,True,/home/hungwei/kv_fs_tier_nvme,CPU 階刻意縮小 → 強迫 cascade 到磁碟，量的才是真的磁碟階,HEAVY,3,98,/ssd7/hungwei/paper-hkv/runs/20260831-213811-m2-retrieval/ssd_r2/server.log
20260831-213811-m2-retrieval,2026-08-31T21:56:22.791785+08:00,llama-awq,ssd,0,16384,4,cold,auto,2,5606.91,5629.846,126864,,,True,/home/hungwei/kv_fs_tier_nvme,CPU 階刻意縮小 → 強迫 cascade 到磁碟，量的才是真的磁碟階,HEAVY,3,100,/ssd7/hungwei/paper-hkv/runs/20260831-213811-m2-retrieval/ssd_r2/server.log
20260831-213811-m2-retrieval,2026-08-31T21:56:28.701785+08:00,llama-awq,ssd,0,16384,4,cold,auto,3,5598.746,5628.818,126864,,,True,/home/hungwei/kv_fs_tier_nvme,CPU 階刻意縮小 → 強迫 cascade 到磁碟，量的才是真的磁碟階,HEAVY,3,100,/ssd7/hungwei/paper-hkv/runs/20260831-213811-m2-retrieval/ssd_r2/server.log
20260831-213811-m2-retrieval,2026-08-31T21:56:29.158534+08:00,llama-awq,ssd,0,16384,4,warm,auto,0,142.85,179.022,126864,,,True,/home/hungwei/kv_fs_tier_nvme,CPU 階刻意縮小 → 強迫 cascade 到磁碟，量的才是真的磁碟階,HEAVY,3,100,/ssd7/hungwei/paper-hkv/runs/20260831-213811-m2-retrieval/ssd_r2/server.log
20260831-213811-m2-retrieval,2026-08-31T21:56:29.598922+08:00,llama-awq,ssd,0,16384,4,warm,auto,1,143.391,177.431,126864,,,True,/home/hungwei/kv_fs_tier_nvme,CPU 階刻意縮小 → 強迫 cascade 到磁碟，量的才是真的磁碟階,HEAVY,3,86,/ssd7/hungwei/paper-hkv/runs/20260831-213811-m2-retrieval/ssd_r2/server.log
20260831-213811-m2-retrieval,2026-08-31T21:56:30.138445+08:00,llama-awq,ssd,0,16384,4,warm,auto,2,137.026,174.064,126864,,,True,/home/hungwei/kv_fs_tier_nvme,CPU 階刻意縮小 → 強迫 cascade 到磁碟，量的才是真的磁碟階,HEAVY,3,49,/ssd7/hungwei/paper-hkv/runs/20260831-213811-m2-retrieval/ssd_r2/server.log
20260831-213811-m2-retrieval,2026-08-31T21:56:30.614043+08:00,llama-awq,ssd,0,16384,4,warm,auto,3,151.75,188.564,126864,,,True,/home/hungwei/kv_fs_tier_nvme,CPU 階刻意縮小 → 強迫 cascade 到磁碟，量的才是真的磁碟階,HEAVY,3,100,/ssd7/hungwei/paper-hkv/runs/20260831-213811-m2-retrieval/ssd_r2/server.log
20260831-213811-m2-retrieval,2026-08-31T21:57:37.161290+08:00,llama-awq,drop,0,16384,4,cold,auto,0,4931.557,4968.131,126864,,,True,/home/hungwei/kv_fs_tier_nvme,沒有第二階，warm 只能整段重算,HEAVY,3,84,/ssd7/hungwei/paper-hkv/runs/20260831-213811-m2-retrieval/drop_r2/server.log
20260831-213811-m2-retrieval,2026-08-31T21:57:42.611985+08:00,llama-awq,drop,0,16384,4,cold,auto,1,5118.363,5155.204,126864,,,True,/home/hungwei/kv_fs_tier_nvme,沒有第二階，warm 只能整段重算,HEAVY,3,100,/ssd7/hungwei/paper-hkv/runs/20260831-213811-m2-retrieval/drop_r2/server.log
20260831-213811-m2-retrieval,2026-08-31T21:57:48.055332+08:00,llama-awq,drop,0,16384,4,cold,auto,2,5134.36,5171.202,126864,,,True,/home/hungwei/kv_fs_tier_nvme,沒有第二階，warm 只能整段重算,HEAVY,3,81,/ssd7/hungwei/paper-hkv/runs/20260831-213811-m2-retrieval/drop_r2/server.log
20260831-213811-m2-retrieval,2026-08-31T21:57:53.543067+08:00,llama-awq,drop,0,16384,4,cold,auto,3,5183.34,5219.957,126864,,,True,/home/hungwei/kv_fs_tier_nvme,沒有第二階，warm 只能整段重算,HEAVY,3,100,/ssd7/hungwei/paper-hkv/runs/20260831-213811-m2-retrieval/drop_r2/server.log
20260831-213811-m2-retrieval,2026-08-31T21:57:53.994705+08:00,llama-awq,drop,0,16384,4,warm,auto,0,125.12,167.843,126864,,,True,/home/hungwei/kv_fs_tier_nvme,沒有第二階，warm 只能整段重算,HEAVY,3,100,/ssd7/hungwei/paper-hkv/runs/20260831-213811-m2-retrieval/drop_r2/server.log
20260831-213811-m2-retrieval,2026-08-31T21:57:54.449593+08:00,llama-awq,drop,0,16384,4,warm,auto,1,139.357,171.985,126864,,,True,/home/hungwei/kv_fs_tier_nvme,沒有第二階，warm 只能整段重算,HEAVY,3,90,/ssd7/hungwei/paper-hkv/runs/20260831-213811-m2-retrieval/drop_r2/server.log
20260831-213811-m2-retrieval,2026-08-31T21:57:54.904469+08:00,llama-awq,drop,0,16384,4,warm,auto,2,132.74,173.319,126864,,,True,/home/hungwei/kv_fs_tier_nvme,沒有第二階，warm 只能整段重算,HEAVY,3,100,/ssd7/hungwei/paper-hkv/runs/20260831-213811-m2-retrieval/drop_r2/server.log
20260831-213811-m2-retrieval,2026-08-31T21:57:55.361241+08:00,llama-awq,drop,0,16384,4,warm,auto,3,140.114,177.003,126864,,,True,/home/hungwei/kv_fs_tier_nvme,沒有第二階，warm 只能整段重算,HEAVY,3,100,/ssd7/hungwei/paper-hkv/runs/20260831-213811-m2-retrieval/drop_r2/server.log
20260831-213811-m2-retrieval,2026-08-31T21:59:01.579029+08:00,llama-awq,gpu_fp8,0,16384,1,cold,fp8,0,4919.713,4947.934,253744,,,True,/home/hungwei/kv_fs_tier_nvme,GPU FP8 儲存：容量 2×，讀取要反量化,HEAVY,3,100,/ssd7/hungwei/paper-hkv/runs/20260831-213811-m2-retrieval/gpu_fp8_r2/server.log
20260831-213811-m2-retrieval,2026-08-31T21:59:02.020780+08:00,llama-awq,gpu_fp8,0,16384,1,warm,fp8,0,139.806,163.676,253744,,,True,/home/hungwei/kv_fs_tier_nvme,GPU FP8 儲存：容量 2×，讀取要反量化,HEAVY,3,98,/ssd7/hungwei/paper-hkv/runs/20260831-213811-m2-retrieval/gpu_fp8_r2/server.log
20260831-213811-m2-retrieval,2026-08-31T22:00:13.495728+08:00,llama-awq,gpu_int4,0,16384,1,cold,int4_per_token_head,0,8218.134,8283.075,477648,,,True,/home/hungwei/kv_fs_tier_nvme,GPU INT4 儲存：容量 4×，讀取要反量化,HEAVY,3,100,/ssd7/hungwei/paper-hkv/runs/20260831-213811-m2-retrieval/gpu_int4_r2/server.log
20260831-213811-m2-retrieval,2026-08-31T22:00:13.996498+08:00,llama-awq,gpu_int4,0,16384,1,warm,int4_per_token_head,0,169.292,229.065,477648,,,True,/home/hungwei/kv_fs_tier_nvme,GPU INT4 儲存：容量 4×，讀取要反量化,HEAVY,3,40,/ssd7/hungwei/paper-hkv/runs/20260831-213811-m2-retrieval/gpu_int4_r2/server.log
20260831-213811-m2-retrieval,2026-08-31T22:01:20.224157+08:00,llama-awq,gpu_resident,0,16384,1,cold,auto,0,4934.517,4971.844,126864,,,True,/home/hungwei/kv_fs_tier_nvme,block 沒被逐出，warm 直接命中 GPU prefix cache（≈0 的基準）,HEAVY,3,100,/ssd7/hungwei/paper-hkv/runs/20260831-213811-m2-retrieval/gpu_resident_r2/server.log
20260831-213811-m2-retrieval,2026-08-31T22:01:20.660739+08:00,llama-awq,gpu_resident,0,16384,1,warm,auto,0,133.521,169.408,126864,,,True,/home/hungwei/kv_fs_tier_nvme,block 沒被逐出，warm 直接命中 GPU prefix cache（≈0 的基準）,HEAVY,3,100,/ssd7/hungwei/paper-hkv/runs/20260831-213811-m2-retrieval/gpu_resident_r2/server.log
20260831-213811-m2-retrieval,2026-08-31T22:02:41.472451+08:00,llama-awq,cpu,0,16384,4,cold,auto,0,5327.897,5357.787,126864,,,True,/home/hungwei/kv_fs_tier_nvme,CPU 階：PCIe 搬回來,HEAVY,3,95,/ssd7/hungwei/paper-hkv/runs/20260831-213811-m2-retrieval/cpu_r2/server.log
20260831-213811-m2-retrieval,2026-08-31T22:02:47.298920+08:00,llama-awq,cpu,0,16384,4,cold,auto,1,5526.503,5555.582,126864,,,True,/home/hungwei/kv_fs_tier_nvme,CPU 階：PCIe 搬回來,HEAVY,3,100,/ssd7/hungwei/paper-hkv/runs/20260831-213811-m2-retrieval/cpu_r2/server.log
20260831-213811-m2-retrieval,2026-08-31T22:02:53.150576+08:00,llama-awq,cpu,0,16384,4,cold,auto,2,5497.598,5537.295,126864,,,True,/home/hungwei/kv_fs_tier_nvme,CPU 階：PCIe 搬回來,HEAVY,3,43,/ssd7/hungwei/paper-hkv/runs/20260831-213811-m2-retrieval/cpu_r2/server.log
20260831-213811-m2-retrieval,2026-08-31T22:02:59.047106+08:00,llama-awq,cpu,0,16384,4,cold,auto,3,5599.035,5628.826,126864,,,True,/home/hungwei/kv_fs_tier_nvme,CPU 階：PCIe 搬回來,HEAVY,3,100,/ssd7/hungwei/paper-hkv/runs/20260831-213811-m2-retrieval/cpu_r2/server.log
20260831-213811-m2-retrieval,2026-08-31T22:02:59.488894+08:00,llama-awq,cpu,0,16384,4,warm,auto,0,136.805,173.125,126864,,,True,/home/hungwei/kv_fs_tier_nvme,CPU 階：PCIe 搬回來,HEAVY,3,84,/ssd7/hungwei/paper-hkv/runs/20260831-213811-m2-retrieval/cpu_r2/server.log
20260831-213811-m2-retrieval,2026-08-31T22:02:59.936634+08:00,llama-awq,cpu,0,16384,4,warm,auto,1,135.974,171.143,126864,,,True,/home/hungwei/kv_fs_tier_nvme,CPU 階：PCIe 搬回來,HEAVY,3,100,/ssd7/hungwei/paper-hkv/runs/20260831-213811-m2-retrieval/cpu_r2/server.log
20260831-213811-m2-retrieval,2026-08-31T22:03:00.382511+08:00,llama-awq,cpu,0,16384,4,warm,auto,2,135.838,172.759,126864,,,True,/home/hungwei/kv_fs_tier_nvme,CPU 階：PCIe 搬回來,HEAVY,3,100,/ssd7/hungwei/paper-hkv/runs/20260831-213811-m2-retrieval/cpu_r2/server.log
20260831-213811-m2-retrieval,2026-08-31T22:03:00.849212+08:00,llama-awq,cpu,0,16384,4,warm,auto,3,148.809,184.681,126864,,,True,/home/hungwei/kv_fs_tier_nvme,CPU 階：PCIe 搬回來,HEAVY,3,100,/ssd7/hungwei/paper-hkv/runs/20260831-213811-m2-retrieval/cpu_r2/server.log
