run_id,ts,sim_version,trace,model_profile,device,segment,first_request,requests,accesses,gpu_blocks,cpu_gib,ssd_gib,lookup,prefetch,drop_cost_rule,workload,decode,window_accesses,features_run,train_run,policy,total_ms,prefill_ms,decode_ms,gpu_hits,cpu_hits,ssd_hits,recompute,cpu_writes,ssd_writes,ssd_write_mibps,write_feasible,device_write_mibps,best_baseline,vs_best_baseline_pct,oracle_headroom_pct,headroom_captured_pct
20260905-144040-m5p-policy-toolagent-qwen-awq,2026-09-05T14:40:40.160270+08:00,fbea1a98,toolagent,qwen-awq,nvme,full,0,120,1002600,17117,24.0,512.0,prefix,1,tail,longctx-zipf,0,102702,20260905-143044-m5p-feat-lc128kz-qwen-awq,20260905-143310-m5p-train-lc128kz-qwen-awq,full_gpu,9733835.75,9733835.75,0.0,376832,0,0,625768,0,0,,,2512.0,tier_fs,-155.763,34.666,-449.32
20260905-144040-m5p-policy-toolagent-qwen-awq,2026-09-05T14:40:40.160381+08:00,fbea1a98,toolagent,qwen-awq,nvme,full,0,120,1002600,17117,24.0,512.0,prefix,1,tail,longctx-zipf,0,102702,20260905-143044-m5p-feat-lc128kz-qwen-awq,20260905-143310-m5p-train-lc128kz-qwen-awq,cpu_lru,5007128.98,5007128.98,0.0,376832,311296,0,314472,608651,0,,,2512.0,tier_fs,-31.566,34.666,-91.06
20260905-144040-m5p-policy-toolagent-qwen-awq,2026-09-05T14:40:40.160408+08:00,fbea1a98,toolagent,qwen-awq,nvme,full,0,120,1002600,17117,24.0,512.0,prefix,1,tail,longctx-zipf,0,102702,20260905-143044-m5p-feat-lc128kz-qwen-awq,20260905-143310-m5p-train-lc128kz-qwen-awq,cpu_arc,5129593.99,5129593.99,0.0,310115,370310,0,322175,675368,0,,,2512.0,tier_fs,-34.783,34.666,-100.34
20260905-144040-m5p-policy-toolagent-qwen-awq,2026-09-05T14:40:40.160432+08:00,fbea1a98,toolagent,qwen-awq,nvme,full,0,120,1002600,17117,24.0,512.0,prefix,1,tail,longctx-zipf,0,102702,20260905-143044-m5p-feat-lc128kz-qwen-awq,20260905-143310-m5p-train-lc128kz-qwen-awq,tier_fs,3805803.22,3805803.22,0.0,376832,311296,204800,109672,608651,269269,,,2512.0,tier_fs,0.0,34.666,0.0
20260905-144040-m5p-policy-toolagent-qwen-awq,2026-09-05T14:40:40.160458+08:00,fbea1a98,toolagent,qwen-awq,nvme,full,0,120,1002600,17117,24.0,512.0,prefix,1,tail,longctx-zipf,0,102702,20260905-143044-m5p-feat-lc128kz-qwen-awq,20260905-143310-m5p-train-lc128kz-qwen-awq,tiara_sym_l2,4419844.62,4419844.62,0.0,205464,405331,282133,109672,437124,346602,,,2512.0,tier_fs,-16.134,34.666,-46.54
20260905-144040-m5p-policy-toolagent-qwen-awq,2026-09-05T14:40:40.160478+08:00,fbea1a98,toolagent,qwen-awq,nvme,full,0,120,1002600,17117,24.0,512.0,prefix,1,tail,longctx-zipf,0,102702,20260905-143044-m5p-feat-lc128kz-qwen-awq,20260905-143310-m5p-train-lc128kz-qwen-awq,oracle,2486479.42,2486479.42,0.0,574777,257152,60999,109672,289626,60999,,,2512.0,tier_fs,34.666,34.666,
20260905-144050-m5p-policy-toolagent-qwen-awq,2026-09-05T14:40:50.583476+08:00,fbea1a98,toolagent,qwen-awq,nvme,test,76,44,367620,17117,24.0,512.0,prefix,1,tail,longctx-zipf,0,102702,20260905-143044-m5p-feat-lc128kz-qwen-awq,20260905-143310-m5p-train-lc128kz-qwen-awq,full_gpu,3925649.23,3925649.23,0.0,114688,0,0,252932,0,0,,,2512.0,tier_fs,-104.995,18.813,-558.11
20260905-144050-m5p-policy-toolagent-qwen-awq,2026-09-05T14:40:50.583546+08:00,fbea1a98,toolagent,qwen-awq,nvme,test,76,44,367620,17117,24.0,512.0,prefix,1,tail,longctx-zipf,0,102702,20260905-143044-m5p-feat-lc128kz-qwen-awq,20260905-143310-m5p-train-lc128kz-qwen-awq,cpu_lru,2433004.99,2433004.99,0.0,114688,98304,0,154628,235815,0,,,2512.0,tier_fs,-27.05,18.813,-143.79
20260905-144050-m5p-policy-toolagent-qwen-awq,2026-09-05T14:40:50.583570+08:00,fbea1a98,toolagent,qwen-awq,nvme,test,76,44,367620,17117,24.0,512.0,prefix,1,tail,longctx-zipf,0,102702,20260905-143044-m5p-feat-lc128kz-qwen-awq,20260905-143310-m5p-train-lc128kz-qwen-awq,cpu_arc,2557392.01,2557392.01,0.0,106903,97897,0,162820,239260,0,,,2512.0,tier_fs,-33.546,18.813,-178.31
20260905-144050-m5p-policy-toolagent-qwen-awq,2026-09-05T14:40:50.583588+08:00,fbea1a98,toolagent,qwen-awq,nvme,test,76,44,367620,17117,24.0,512.0,prefix,1,tail,longctx-zipf,0,102702,20260905-143044-m5p-feat-lc128kz-qwen-awq,20260905-143310-m5p-train-lc128kz-qwen-awq,tier_fs,1914996.27,1914996.27,0.0,114688,98304,65536,89092,235815,109425,,,2512.0,tier_fs,0.0,18.813,0.0
20260905-144050-m5p-policy-toolagent-qwen-awq,2026-09-05T14:40:50.583604+08:00,fbea1a98,toolagent,qwen-awq,nvme,test,76,44,367620,17117,24.0,512.0,prefix,1,tail,longctx-zipf,0,102702,20260905-143044-m5p-feat-lc128kz-qwen-awq,20260905-143310-m5p-train-lc128kz-qwen-awq,tiara_sym_l2,1620127.53,1620127.53,0.0,146406,106187,25935,89092,134784,69824,,,2512.0,tier_fs,15.398,18.813,81.85
20260905-144050-m5p-policy-toolagent-qwen-awq,2026-09-05T14:40:50.583621+08:00,fbea1a98,toolagent,qwen-awq,nvme,test,76,44,367620,17117,24.0,512.0,prefix,1,tail,longctx-zipf,0,102702,20260905-143044-m5p-feat-lc128kz-qwen-awq,20260905-143310-m5p-train-lc128kz-qwen-awq,tiara_cost_l2,1620834.42,1620834.42,0.0,146337,106187,26004,89092,134794,69893,,,2512.0,tier_fs,15.361,18.813,81.65
20260905-144050-m5p-policy-toolagent-qwen-awq,2026-09-05T14:40:50.583635+08:00,fbea1a98,toolagent,qwen-awq,nvme,test,76,44,367620,17117,24.0,512.0,prefix,1,tail,longctx-zipf,0,102702,20260905-143044-m5p-feat-lc128kz-qwen-awq,20260905-143310-m5p-train-lc128kz-qwen-awq,diag_true_ordering,1554736.24,1554736.24,0.0,175697,90690,12141,89092,144249,56030,,,2512.0,tier_fs,18.813,18.813,100.0
20260905-144050-m5p-policy-toolagent-qwen-awq,2026-09-05T14:40:50.583650+08:00,fbea1a98,toolagent,qwen-awq,nvme,test,76,44,367620,17117,24.0,512.0,prefix,1,tail,longctx-zipf,0,102702,20260905-143044-m5p-feat-lc128kz-qwen-awq,20260905-143310-m5p-train-lc128kz-qwen-awq,diag_true_both,2059843.93,2059843.93,0.0,175697,61871,0,130052,61871,0,,,2512.0,tier_fs,-7.564,18.813,-40.21
20260905-144050-m5p-policy-toolagent-qwen-awq,2026-09-05T14:40:50.583665+08:00,fbea1a98,toolagent,qwen-awq,nvme,test,76,44,367620,17117,24.0,512.0,prefix,1,tail,longctx-zipf,0,102702,20260905-143044-m5p-feat-lc128kz-qwen-awq,20260905-143310-m5p-train-lc128kz-qwen-awq,oracle,1554736.24,1554736.24,0.0,175697,90690,12141,89092,98882,12141,,,2512.0,tier_fs,18.813,18.813,
20260905-144057-m5p-policy-toolagent-qwen-awq,2026-09-05T14:40:57.941992+08:00,fbea1a98,toolagent,qwen-awq,nvme,test,76,44,367620,17117,24.0,512.0,prefix,1,block,longctx-zipf,0,102702,20260905-143044-m5p-feat-lc128kz-qwen-awq,20260905-143310-m5p-train-lc128kz-qwen-awq,full_gpu,3925649.23,3925649.23,0.0,114688,0,0,252932,0,0,,,2512.0,tier_fs,-104.995,18.813,-558.11
20260905-144057-m5p-policy-toolagent-qwen-awq,2026-09-05T14:40:57.942066+08:00,fbea1a98,toolagent,qwen-awq,nvme,test,76,44,367620,17117,24.0,512.0,prefix,1,block,longctx-zipf,0,102702,20260905-143044-m5p-feat-lc128kz-qwen-awq,20260905-143310-m5p-train-lc128kz-qwen-awq,cpu_lru,2433004.99,2433004.99,0.0,114688,98304,0,154628,235815,0,,,2512.0,tier_fs,-27.05,18.813,-143.79
20260905-144057-m5p-policy-toolagent-qwen-awq,2026-09-05T14:40:57.942090+08:00,fbea1a98,toolagent,qwen-awq,nvme,test,76,44,367620,17117,24.0,512.0,prefix,1,block,longctx-zipf,0,102702,20260905-143044-m5p-feat-lc128kz-qwen-awq,20260905-143310-m5p-train-lc128kz-qwen-awq,cpu_arc,2557392.01,2557392.01,0.0,106903,97897,0,162820,239260,0,,,2512.0,tier_fs,-33.546,18.813,-178.31
20260905-144057-m5p-policy-toolagent-qwen-awq,2026-09-05T14:40:57.942108+08:00,fbea1a98,toolagent,qwen-awq,nvme,test,76,44,367620,17117,24.0,512.0,prefix,1,block,longctx-zipf,0,102702,20260905-143044-m5p-feat-lc128kz-qwen-awq,20260905-143310-m5p-train-lc128kz-qwen-awq,tier_fs,1914996.27,1914996.27,0.0,114688,98304,65536,89092,235815,109425,,,2512.0,tier_fs,0.0,18.813,0.0
20260905-144057-m5p-policy-toolagent-qwen-awq,2026-09-05T14:40:57.942126+08:00,fbea1a98,toolagent,qwen-awq,nvme,test,76,44,367620,17117,24.0,512.0,prefix,1,block,longctx-zipf,0,102702,20260905-143044-m5p-feat-lc128kz-qwen-awq,20260905-143310-m5p-train-lc128kz-qwen-awq,tiara_sym_l2_blockcost,1817971.21,1817971.21,0.0,146406,106187,4438,110589,134784,55019,,,2512.0,tier_fs,5.067,18.813,26.93
20260905-144057-m5p-policy-toolagent-qwen-awq,2026-09-05T14:40:57.942142+08:00,fbea1a98,toolagent,qwen-awq,nvme,test,76,44,367620,17117,24.0,512.0,prefix,1,block,longctx-zipf,0,102702,20260905-143044-m5p-feat-lc128kz-qwen-awq,20260905-143310-m5p-train-lc128kz-qwen-awq,oracle,1554736.24,1554736.24,0.0,175697,90690,12141,89092,98882,12141,,,2512.0,tier_fs,18.813,18.813,
20260905-144106-m5p-policy-toolagent-qwen-awq,2026-09-05T14:41:06.637560+08:00,fbea1a98,toolagent,qwen-awq,nvme,test,76,44,367620,17117,24.0,512.0,prefix,1,tail,longctx-zipf,0,102702,20260905-143045-m5p-feat-lc128kz-qwen-awq,20260905-143633-m5p-train-lc128kz-qwen-awq,full_gpu,3925649.23,3925649.23,0.0,114688,0,0,252932,0,0,,,2512.0,tier_fs,-104.995,18.813,-558.11
20260905-144106-m5p-policy-toolagent-qwen-awq,2026-09-05T14:41:06.637628+08:00,fbea1a98,toolagent,qwen-awq,nvme,test,76,44,367620,17117,24.0,512.0,prefix,1,tail,longctx-zipf,0,102702,20260905-143045-m5p-feat-lc128kz-qwen-awq,20260905-143633-m5p-train-lc128kz-qwen-awq,cpu_lru,2433004.99,2433004.99,0.0,114688,98304,0,154628,235815,0,,,2512.0,tier_fs,-27.05,18.813,-143.79
20260905-144106-m5p-policy-toolagent-qwen-awq,2026-09-05T14:41:06.637652+08:00,fbea1a98,toolagent,qwen-awq,nvme,test,76,44,367620,17117,24.0,512.0,prefix,1,tail,longctx-zipf,0,102702,20260905-143045-m5p-feat-lc128kz-qwen-awq,20260905-143633-m5p-train-lc128kz-qwen-awq,cpu_arc,2557392.01,2557392.01,0.0,106903,97897,0,162820,239260,0,,,2512.0,tier_fs,-33.546,18.813,-178.31
20260905-144106-m5p-policy-toolagent-qwen-awq,2026-09-05T14:41:06.637671+08:00,fbea1a98,toolagent,qwen-awq,nvme,test,76,44,367620,17117,24.0,512.0,prefix,1,tail,longctx-zipf,0,102702,20260905-143045-m5p-feat-lc128kz-qwen-awq,20260905-143633-m5p-train-lc128kz-qwen-awq,tier_fs,1914996.27,1914996.27,0.0,114688,98304,65536,89092,235815,109425,,,2512.0,tier_fs,0.0,18.813,0.0
20260905-144106-m5p-policy-toolagent-qwen-awq,2026-09-05T14:41:06.637689+08:00,fbea1a98,toolagent,qwen-awq,nvme,test,76,44,367620,17117,24.0,512.0,prefix,1,tail,longctx-zipf,0,102702,20260905-143045-m5p-feat-lc128kz-qwen-awq,20260905-143633-m5p-train-lc128kz-qwen-awq,tiara_sym_l2,1941105.9,1941105.9,0.0,146118,92383,21614,107505,116713,40279,,,2512.0,tier_fs,-1.363,18.813,-7.25
20260905-144106-m5p-policy-toolagent-qwen-awq,2026-09-05T14:41:06.637706+08:00,fbea1a98,toolagent,qwen-awq,nvme,test,76,44,367620,17117,24.0,512.0,prefix,1,tail,longctx-zipf,0,102702,20260905-143045-m5p-feat-lc128kz-qwen-awq,20260905-143633-m5p-train-lc128kz-qwen-awq,tiara_cost_l2,1744541.66,1744541.66,0.0,145965,104780,22985,93890,135209,53725,,,2512.0,tier_fs,8.901,18.813,47.31
20260905-144106-m5p-policy-toolagent-qwen-awq,2026-09-05T14:41:06.637721+08:00,fbea1a98,toolagent,qwen-awq,nvme,test,76,44,367620,17117,24.0,512.0,prefix,1,tail,longctx-zipf,0,102702,20260905-143045-m5p-feat-lc128kz-qwen-awq,20260905-143633-m5p-train-lc128kz-qwen-awq,oracle,1554736.24,1554736.24,0.0,175697,90690,12141,89092,98882,12141,,,2512.0,tier_fs,18.813,18.813,
20260905-144113-m5p-policy-toolagent-qwen-awq,2026-09-05T14:41:13.404848+08:00,fbea1a98,toolagent,qwen-awq,nvme,test,83,37,309135,17117,24.0,512.0,prefix,1,tail,longctx-zipf,0,17117,20260905-143031-m5p-feat-lc128kz-qwen-awq,20260905-143314-m5p-train-lc128kz-qwen-awq,full_gpu,3397231.37,3397231.37,0.0,90112,0,0,219023,0,0,,,2512.0,tier_fs,-96.93,16.274,-595.61
20260905-144113-m5p-policy-toolagent-qwen-awq,2026-09-05T14:41:13.404926+08:00,fbea1a98,toolagent,qwen-awq,nvme,test,83,37,309135,17117,24.0,512.0,prefix,1,tail,longctx-zipf,0,17117,20260905-143031-m5p-feat-lc128kz-qwen-awq,20260905-143314-m5p-train-lc128kz-qwen-awq,cpu_lru,2028974.15,2028974.15,0.0,90112,90112,0,128911,201906,0,,,2512.0,tier_fs,-17.615,16.274,-108.24
20260905-144113-m5p-policy-toolagent-qwen-awq,2026-09-05T14:41:13.404951+08:00,fbea1a98,toolagent,qwen-awq,nvme,test,83,37,309135,17117,24.0,512.0,prefix,1,tail,longctx-zipf,0,17117,20260905-143031-m5p-feat-lc128kz-qwen-awq,20260905-143314-m5p-train-lc128kz-qwen-awq,cpu_arc,2153361.17,2153361.17,0.0,84119,87913,0,137103,207899,0,,,2512.0,tier_fs,-24.825,16.274,-152.55
20260905-144113-m5p-policy-toolagent-qwen-awq,2026-09-05T14:41:13.404975+08:00,fbea1a98,toolagent,qwen-awq,nvme,test,83,37,309135,17117,24.0,512.0,prefix,1,tail,longctx-zipf,0,17117,20260905-143031-m5p-feat-lc128kz-qwen-awq,20260905-143314-m5p-train-lc128kz-qwen-awq,tier_fs,1725097.34,1725097.34,0.0,90112,90112,40960,87951,201906,83708,,,2512.0,tier_fs,0.0,16.274,0.0
20260905-144113-m5p-policy-toolagent-qwen-awq,2026-09-05T14:41:13.404991+08:00,fbea1a98,toolagent,qwen-awq,nvme,test,83,37,309135,17117,24.0,512.0,prefix,1,tail,longctx-zipf,0,17117,20260905-143031-m5p-feat-lc128kz-qwen-awq,20260905-143314-m5p-train-lc128kz-qwen-awq,tiara_sym_l2,1683084.95,1683084.95,0.0,63257,122132,32402,91344,155690,63133,,,2512.0,tier_fs,2.435,16.274,14.96
20260905-144113-m5p-policy-toolagent-qwen-awq,2026-09-05T14:41:13.405010+08:00,fbea1a98,toolagent,qwen-awq,nvme,test,83,37,309135,17117,24.0,512.0,prefix,1,tail,longctx-zipf,0,17117,20260905-143031-m5p-feat-lc128kz-qwen-awq,20260905-143314-m5p-train-lc128kz-qwen-awq,oracle,1444351.88,1444351.88,0.0,150388,66847,3949,87951,66847,3949,,,2512.0,tier_fs,16.274,16.274,
20260905-144121-m5p-policy-toolagent-qwen-awq,2026-09-05T14:41:21.066779+08:00,fbea1a98,toolagent,qwen-awq,nvme,test,76,44,367620,17117,24.0,512.0,prefix,1,tail,longctx-zipf,1,102702,20260905-143044-m5p-feat-lc128kz-qwen-awq,20260905-143310-m5p-train-lc128kz-qwen-awq,full_gpu,4249850.6,3925649.23,324201.37,114688,0,0,252932,0,0,,,2512.0,tier_fs,-89.793,16.089,-558.11
20260905-144121-m5p-policy-toolagent-qwen-awq,2026-09-05T14:41:21.066871+08:00,fbea1a98,toolagent,qwen-awq,nvme,test,76,44,367620,17117,24.0,512.0,prefix,1,tail,longctx-zipf,1,102702,20260905-143044-m5p-feat-lc128kz-qwen-awq,20260905-143310-m5p-train-lc128kz-qwen-awq,cpu_lru,2757206.36,2433004.99,324201.37,114688,98304,0,154628,235815,0,,,2512.0,tier_fs,-23.134,16.089,-143.79
20260905-144121-m5p-policy-toolagent-qwen-awq,2026-09-05T14:41:21.066895+08:00,fbea1a98,toolagent,qwen-awq,nvme,test,76,44,367620,17117,24.0,512.0,prefix,1,tail,longctx-zipf,1,102702,20260905-143044-m5p-feat-lc128kz-qwen-awq,20260905-143310-m5p-train-lc128kz-qwen-awq,cpu_arc,2881593.38,2557392.01,324201.37,106903,97897,0,162820,239260,0,,,2512.0,tier_fs,-28.689,16.089,-178.31
20260905-144121-m5p-policy-toolagent-qwen-awq,2026-09-05T14:41:21.066913+08:00,fbea1a98,toolagent,qwen-awq,nvme,test,76,44,367620,17117,24.0,512.0,prefix,1,tail,longctx-zipf,1,102702,20260905-143044-m5p-feat-lc128kz-qwen-awq,20260905-143310-m5p-train-lc128kz-qwen-awq,tier_fs,2239197.63,1914996.27,324201.37,114688,98304,65536,89092,235815,109425,,,2512.0,tier_fs,0.0,16.089,0.0
20260905-144121-m5p-policy-toolagent-qwen-awq,2026-09-05T14:41:21.066931+08:00,fbea1a98,toolagent,qwen-awq,nvme,test,76,44,367620,17117,24.0,512.0,prefix,1,tail,longctx-zipf,1,102702,20260905-143044-m5p-feat-lc128kz-qwen-awq,20260905-143310-m5p-train-lc128kz-qwen-awq,tiara_sym_l2,1944328.9,1620127.53,324201.37,146406,106187,25935,89092,134784,69824,,,2512.0,tier_fs,13.168,16.089,81.85
20260905-144121-m5p-policy-toolagent-qwen-awq,2026-09-05T14:41:21.066947+08:00,fbea1a98,toolagent,qwen-awq,nvme,test,76,44,367620,17117,24.0,512.0,prefix,1,tail,longctx-zipf,1,102702,20260905-143044-m5p-feat-lc128kz-qwen-awq,20260905-143310-m5p-train-lc128kz-qwen-awq,oracle,1878937.61,1554736.24,324201.37,175697,90690,12141,89092,98882,12141,,,2512.0,tier_fs,16.089,16.089,
20260905-144136-m5p-policy-toolagent-qwen-awq,2026-09-05T14:41:36.826937+08:00,fbea1a98,toolagent,qwen-awq,nvme,test,186,92,768660,17117,24.0,512.0,prefix,1,tail,longctx-session,0,102702,20260905-143141-m5p-feat-lc128ks-qwen-awq,20260905-143319-m5p-train-lc128ks-qwen-awq,full_gpu,6127520.06,6127520.06,0.0,376832,0,0,391828,0,0,,,2512.0,tier_fs,-271.458,0.0,
20260905-144136-m5p-policy-toolagent-qwen-awq,2026-09-05T14:41:36.827014+08:00,fbea1a98,toolagent,qwen-awq,nvme,test,186,92,768660,17117,24.0,512.0,prefix,1,tail,longctx-session,0,102702,20260905-143141-m5p-feat-lc128ks-qwen-awq,20260905-143319-m5p-train-lc128ks-qwen-awq,cpu_lru,1773974.35,1773974.35,0.0,376832,286720,0,105108,374711,0,,,2512.0,tier_fs,-7.54,0.0,
20260905-144136-m5p-policy-toolagent-qwen-awq,2026-09-05T14:41:36.827040+08:00,fbea1a98,toolagent,qwen-awq,nvme,test,186,92,768660,17117,24.0,512.0,prefix,1,tail,longctx-session,0,102702,20260905-143141-m5p-feat-lc128ks-qwen-awq,20260905-143319-m5p-train-lc128ks-qwen-awq,cpu_arc,1773974.35,1773974.35,0.0,362099,301453,0,105108,389444,0,,,2512.0,tier_fs,-7.54,0.0,
20260905-144136-m5p-policy-toolagent-qwen-awq,2026-09-05T14:41:36.827060+08:00,fbea1a98,toolagent,qwen-awq,nvme,test,186,92,768660,17117,24.0,512.0,prefix,1,tail,longctx-session,0,102702,20260905-143141-m5p-feat-lc128ks-qwen-awq,20260905-143319-m5p-train-lc128ks-qwen-awq,tier_fs,1649587.33,1649587.33,0.0,376832,286720,8192,96916,374711,59905,,,2512.0,tier_fs,0.0,0.0,
20260905-144136-m5p-policy-toolagent-qwen-awq,2026-09-05T14:41:36.827077+08:00,fbea1a98,toolagent,qwen-awq,nvme,test,186,92,768660,17117,24.0,512.0,prefix,1,tail,longctx-session,0,102702,20260905-143141-m5p-feat-lc128ks-qwen-awq,20260905-143319-m5p-train-lc128ks-qwen-awq,tiara_sym_l2,4476441.54,4476441.54,0.0,108506,249183,314055,96916,279660,365768,,,2512.0,tier_fs,-171.367,0.0,
20260905-144136-m5p-policy-toolagent-qwen-awq,2026-09-05T14:41:36.827094+08:00,fbea1a98,toolagent,qwen-awq,nvme,test,186,92,768660,17117,24.0,512.0,prefix,1,tail,longctx-session,0,102702,20260905-143141-m5p-feat-lc128ks-qwen-awq,20260905-143319-m5p-train-lc128ks-qwen-awq,diag_true_ordering,1649587.33,1649587.33,0.0,517433,154311,0,96916,204931,51713,,,2512.0,tier_fs,0.0,0.0,
20260905-144136-m5p-policy-toolagent-qwen-awq,2026-09-05T14:41:36.827110+08:00,fbea1a98,toolagent,qwen-awq,nvme,test,186,92,768660,17117,24.0,512.0,prefix,1,tail,longctx-session,0,102702,20260905-143141-m5p-feat-lc128ks-qwen-awq,20260905-143319-m5p-train-lc128ks-qwen-awq,oracle,1649587.33,1649587.33,0.0,517433,154311,0,96916,154311,0,,,2512.0,tier_fs,0.0,0.0,
20260905-144346-m5p-policy-toolagent-qwen-awq,2026-09-05T14:43:46.885653+08:00,fbea1a98,toolagent,qwen-awq,nvme,test,16281,7327,3815786,17117,24.0,512.0,prefix,1,tail,mooncake,1,17117,20260905-142724-m5p-feat-toolagent-qwen-awq,20260905-143558-m5p-train-toolagent-qwen-awq,full_gpu,23024619.03,15023937.65,8000681.38,1373442,0,0,2442344,0,0,0.0,1,2512.0,cpu_lru,-0.353,11.5,-3.07
20260905-144346-m5p-policy-toolagent-qwen-awq,2026-09-05T14:43:46.886161+08:00,fbea1a98,toolagent,qwen-awq,nvme,test,16281,7327,3815786,17117,24.0,512.0,prefix,1,tail,mooncake,1,17117,20260905-142724-m5p-feat-toolagent-qwen-awq,20260905-143558-m5p-train-toolagent-qwen-awq,cpu_lru,22943603.7,14942922.32,8000681.38,1373442,17369,0,2424975,2425227,0,0.0,1,2512.0,cpu_lru,0.0,11.5,0.0
20260905-144346-m5p-policy-toolagent-qwen-awq,2026-09-05T14:43:46.886581+08:00,fbea1a98,toolagent,qwen-awq,nvme,test,16281,7327,3815786,17117,24.0,512.0,prefix,1,tail,mooncake,1,17117,20260905-142724-m5p-feat-toolagent-qwen-awq,20260905-143558-m5p-train-toolagent-qwen-awq,cpu_arc,22947151.92,14946470.54,8000681.38,1376018,14105,0,2425663,2422651,0,0.0,1,2512.0,cpu_lru,-0.015,11.5,-0.13
20260905-144346-m5p-policy-toolagent-qwen-awq,2026-09-05T14:43:46.886976+08:00,fbea1a98,toolagent,qwen-awq,nvme,test,16281,7327,3815786,17117,24.0,512.0,prefix,1,tail,mooncake,1,17117,20260905-142724-m5p-feat-toolagent-qwen-awq,20260905-143558-m5p-train-toolagent-qwen-awq,tier_fs,24838750.97,16838069.59,8000681.38,1373442,17369,647109,1777866,2425227,2379772,2006.1,1,2512.0,cpu_lru,-8.26,11.5,-71.83
20260905-144346-m5p-policy-toolagent-qwen-awq,2026-09-05T14:43:46.887370+08:00,fbea1a98,toolagent,qwen-awq,nvme,test,16281,7327,3815786,17117,24.0,512.0,prefix,1,tail,mooncake,1,17117,20260905-142724-m5p-feat-toolagent-qwen-awq,20260905-143558-m5p-train-toolagent-qwen-awq,tiara_sym_l2,22768823.97,14768142.59,8000681.38,1399650,19909,493,2395734,48378,632,0.5,1,2512.0,cpu_lru,0.762,11.5,6.62
20260905-144346-m5p-policy-toolagent-qwen-awq,2026-09-05T14:43:46.887763+08:00,fbea1a98,toolagent,qwen-awq,nvme,test,16281,7327,3815786,17117,24.0,512.0,prefix,1,tail,mooncake,1,17117,20260905-142724-m5p-feat-toolagent-qwen-awq,20260905-143558-m5p-train-toolagent-qwen-awq,tiara_sym_l2_cascade,24731065.96,16730384.58,8000681.38,1399650,3258,634197,1778681,2399019,2367675,1995.9,1,2512.0,cpu_lru,-7.791,11.5,-67.75
20260905-144346-m5p-policy-toolagent-qwen-awq,2026-09-05T14:43:46.888159+08:00,fbea1a98,toolagent,qwen-awq,nvme,test,16281,7327,3815786,17117,24.0,512.0,prefix,1,tail,mooncake,1,17117,20260905-142724-m5p-feat-toolagent-qwen-awq,20260905-143558-m5p-train-toolagent-qwen-awq,tiara_cost_l2,22766134.92,14765453.54,8000681.38,1399650,20422,493,2395221,48579,632,0.5,1,2512.0,cpu_lru,0.774,11.5,6.73
20260905-144346-m5p-policy-toolagent-qwen-awq,2026-09-05T14:43:46.888546+08:00,fbea1a98,toolagent,qwen-awq,nvme,test,16281,7327,3815786,17117,24.0,512.0,prefix,1,tail,mooncake,1,17117,20260905-142724-m5p-feat-toolagent-qwen-awq,20260905-143558-m5p-train-toolagent-qwen-awq,tiara_cost_l2_cascade,24731065.96,16730384.58,8000681.38,1399650,3258,634197,1778681,2399019,2367675,1995.9,1,2512.0,cpu_lru,-7.791,11.5,-67.75
20260905-144346-m5p-policy-toolagent-qwen-awq,2026-09-05T14:43:46.888933+08:00,fbea1a98,toolagent,qwen-awq,nvme,test,16281,7327,3815786,17117,24.0,512.0,prefix,1,tail,mooncake,1,17117,20260905-142724-m5p-feat-toolagent-qwen-awq,20260905-143558-m5p-train-toolagent-qwen-awq,diag_true_ordering,20656408.96,12655727.58,8000681.38,1630040,140886,0,2044860,284997,715,0.6,1,2512.0,cpu_lru,9.969,11.5,86.69
20260905-144346-m5p-policy-toolagent-qwen-awq,2026-09-05T14:43:46.889328+08:00,fbea1a98,toolagent,qwen-awq,nvme,test,16281,7327,3815786,17117,24.0,512.0,prefix,1,tail,mooncake,1,17117,20260905-142724-m5p-feat-toolagent-qwen-awq,20260905-143558-m5p-train-toolagent-qwen-awq,diag_true_both,21660127.68,13659446.3,8000681.38,1630040,0,0,2185746,0,0,0.0,1,2512.0,cpu_lru,5.594,11.5,48.64
20260905-144346-m5p-policy-toolagent-qwen-awq,2026-09-05T14:43:46.889716+08:00,fbea1a98,toolagent,qwen-awq,nvme,test,16281,7327,3815786,17117,24.0,512.0,prefix,1,tail,mooncake,1,17117,20260905-142724-m5p-feat-toolagent-qwen-awq,20260905-143558-m5p-train-toolagent-qwen-awq,oracle,20305140.96,12304459.58,8000681.38,1630040,219291,1265,1965190,374071,31105,26.2,1,2512.0,cpu_lru,11.5,11.5,
