run_id,ts,model_key,tier,gpu,ctx,n_prefixes,round,prefix_idx,ttft_ms,total_ms,gpu_kv_cache_tokens,fs_tier_queries,cpu_tier_queries,o_direct,fs_root,desc,host_contention,foreign_gpu_count,foreign_max_util,log
20260830-223536-m2-retrieval,2026-08-30T22:36:43.106732+08:00,llama,gpu_resident,0,16384,1,cold,0,5046.431,5168.021,48128,,,True,/home/hungwei/kv_fs_tier_nvme,block 沒被逐出，warm 直接命中 GPU prefix cache（≈0 的基準）,HEAVY,6,100,/ssd7/hungwei/paper-hkv/runs/20260830-223536-m2-retrieval/gpu_resident/server.log
20260830-223536-m2-retrieval,2026-08-30T22:36:43.670754+08:00,llama,gpu_resident,0,16384,1,warm,0,163.321,286.57,48128,,,True,/home/hungwei/kv_fs_tier_nvme,block 沒被逐出，warm 直接命中 GPU prefix cache（≈0 的基準）,HEAVY,6,100,/ssd7/hungwei/paper-hkv/runs/20260830-223536-m2-retrieval/gpu_resident/server.log
20260830-223536-m2-retrieval,2026-08-30T22:38:02.802350+08:00,llama,cpu,0,16384,4,cold,0,5485.522,5605.5,48128,,,True,/home/hungwei/kv_fs_tier_nvme,CPU 階：PCIe 搬回來,HEAVY,6,100,/ssd7/hungwei/paper-hkv/runs/20260830-223536-m2-retrieval/cpu/server.log
20260830-223536-m2-retrieval,2026-08-30T22:38:08.898578+08:00,llama,cpu,0,16384,4,cold,1,5690.413,5816.18,48128,,,True,/home/hungwei/kv_fs_tier_nvme,CPU 階：PCIe 搬回來,HEAVY,6,100,/ssd7/hungwei/paper-hkv/runs/20260830-223536-m2-retrieval/cpu/server.log
20260830-223536-m2-retrieval,2026-08-30T22:38:15.003040+08:00,llama,cpu,0,16384,4,cold,2,5683.707,5810.519,48128,,,True,/home/hungwei/kv_fs_tier_nvme,CPU 階：PCIe 搬回來,HEAVY,6,100,/ssd7/hungwei/paper-hkv/runs/20260830-223536-m2-retrieval/cpu/server.log
20260830-223536-m2-retrieval,2026-08-30T22:38:21.200265+08:00,llama,cpu,0,16384,4,cold,3,5799.602,5926.504,48128,,,True,/home/hungwei/kv_fs_tier_nvme,CPU 階：PCIe 搬回來,HEAVY,6,100,/ssd7/hungwei/paper-hkv/runs/20260830-223536-m2-retrieval/cpu/server.log
20260830-223536-m2-retrieval,2026-08-30T22:38:22.151279+08:00,llama,cpu,0,16384,4,warm,0,553.455,677.245,48128,,,True,/home/hungwei/kv_fs_tier_nvme,CPU 階：PCIe 搬回來,HEAVY,6,100,/ssd7/hungwei/paper-hkv/runs/20260830-223536-m2-retrieval/cpu/server.log
20260830-223536-m2-retrieval,2026-08-30T22:38:23.452111+08:00,llama,cpu,0,16384,4,warm,1,885.419,1011.468,48128,,,True,/home/hungwei/kv_fs_tier_nvme,CPU 階：PCIe 搬回來,HEAVY,6,100,/ssd7/hungwei/paper-hkv/runs/20260830-223536-m2-retrieval/cpu/server.log
20260830-223536-m2-retrieval,2026-08-30T22:38:24.402336+08:00,llama,cpu,0,16384,4,warm,2,548.328,677.101,48128,,,True,/home/hungwei/kv_fs_tier_nvme,CPU 階：PCIe 搬回來,HEAVY,6,100,/ssd7/hungwei/paper-hkv/runs/20260830-223536-m2-retrieval/cpu/server.log
20260830-223536-m2-retrieval,2026-08-30T22:38:25.701866+08:00,llama,cpu,0,16384,4,warm,3,898.45,1023.213,48128,,,True,/home/hungwei/kv_fs_tier_nvme,CPU 階：PCIe 搬回來,HEAVY,6,100,/ssd7/hungwei/paper-hkv/runs/20260830-223536-m2-retrieval/cpu/server.log
20260830-223536-m2-retrieval,2026-08-30T22:39:36.035556+08:00,llama,ssd,0,16384,4,cold,0,5432.775,5561.822,48128,,,True,/home/hungwei/kv_fs_tier_nvme,CPU 階刻意縮小 → 強迫 cascade 到磁碟，量的才是真的磁碟階,HEAVY,6,100,/ssd7/hungwei/paper-hkv/runs/20260830-223536-m2-retrieval/ssd/server.log
20260830-223536-m2-retrieval,2026-08-30T22:39:42.206331+08:00,llama,ssd,0,16384,4,cold,1,5787.739,5904.268,48128,,,True,/home/hungwei/kv_fs_tier_nvme,CPU 階刻意縮小 → 強迫 cascade 到磁碟，量的才是真的磁碟階,HEAVY,6,100,/ssd7/hungwei/paper-hkv/runs/20260830-223536-m2-retrieval/ssd/server.log
20260830-223536-m2-retrieval,2026-08-30T22:39:48.440042+08:00,llama,ssd,0,16384,4,cold,2,5852.182,5975.422,48128,,,True,/home/hungwei/kv_fs_tier_nvme,CPU 階刻意縮小 → 強迫 cascade 到磁碟，量的才是真的磁碟階,HEAVY,6,100,/ssd7/hungwei/paper-hkv/runs/20260830-223536-m2-retrieval/ssd/server.log
20260830-223536-m2-retrieval,2026-08-30T22:39:54.765463+08:00,llama,ssd,0,16384,4,cold,3,5921.758,6047.047,48128,,,True,/home/hungwei/kv_fs_tier_nvme,CPU 階刻意縮小 → 強迫 cascade 到磁碟，量的才是真的磁碟階,HEAVY,6,100,/ssd7/hungwei/paper-hkv/runs/20260830-223536-m2-retrieval/ssd/server.log
20260830-223536-m2-retrieval,2026-08-30T22:40:01.842359+08:00,llama,ssd,0,16384,4,warm,0,6671.483,6793.136,48128,,,True,/home/hungwei/kv_fs_tier_nvme,CPU 階刻意縮小 → 強迫 cascade 到磁碟，量的才是真的磁碟階,HEAVY,6,100,/ssd7/hungwei/paper-hkv/runs/20260830-223536-m2-retrieval/ssd/server.log
20260830-223536-m2-retrieval,2026-08-30T22:40:08.986109+08:00,llama,ssd,0,16384,4,warm,1,6750.08,6870.547,48128,,,True,/home/hungwei/kv_fs_tier_nvme,CPU 階刻意縮小 → 強迫 cascade 到磁碟，量的才是真的磁碟階,HEAVY,6,100,/ssd7/hungwei/paper-hkv/runs/20260830-223536-m2-retrieval/ssd/server.log
20260830-223536-m2-retrieval,2026-08-30T22:40:15.896822+08:00,llama,ssd,0,16384,4,warm,2,6516.166,6639.37,48128,,,True,/home/hungwei/kv_fs_tier_nvme,CPU 階刻意縮小 → 強迫 cascade 到磁碟，量的才是真的磁碟階,HEAVY,6,100,/ssd7/hungwei/paper-hkv/runs/20260830-223536-m2-retrieval/ssd/server.log
20260830-223536-m2-retrieval,2026-08-30T22:40:22.839879+08:00,llama,ssd,0,16384,4,warm,3,6529.474,6646.072,48128,,,True,/home/hungwei/kv_fs_tier_nvme,CPU 階刻意縮小 → 強迫 cascade 到磁碟，量的才是真的磁碟階,HEAVY,6,100,/ssd7/hungwei/paper-hkv/runs/20260830-223536-m2-retrieval/ssd/server.log
20260830-223536-m2-retrieval,2026-08-30T22:41:29.965231+08:00,llama,drop,0,16384,4,cold,0,5070.611,5197.666,48128,,,True,/home/hungwei/kv_fs_tier_nvme,沒有第二階，warm 只能整段重算,HEAVY,6,100,/ssd7/hungwei/paper-hkv/runs/20260830-223536-m2-retrieval/drop/server.log
20260830-223536-m2-retrieval,2026-08-30T22:41:35.754798+08:00,llama,drop,0,16384,4,cold,1,5378.703,5503.794,48128,,,True,/home/hungwei/kv_fs_tier_nvme,沒有第二階，warm 只能整段重算,HEAVY,6,100,/ssd7/hungwei/paper-hkv/runs/20260830-223536-m2-retrieval/drop/server.log
20260830-223536-m2-retrieval,2026-08-30T22:41:41.524159+08:00,llama,drop,0,16384,4,cold,2,5364.107,5491.324,48128,,,True,/home/hungwei/kv_fs_tier_nvme,沒有第二階，warm 只能整段重算,HEAVY,6,100,/ssd7/hungwei/paper-hkv/runs/20260830-223536-m2-retrieval/drop/server.log
20260830-223536-m2-retrieval,2026-08-30T22:41:47.360859+08:00,llama,drop,0,16384,4,cold,3,5416.71,5542.932,48128,,,True,/home/hungwei/kv_fs_tier_nvme,沒有第二階，warm 只能整段重算,HEAVY,6,100,/ssd7/hungwei/paper-hkv/runs/20260830-223536-m2-retrieval/drop/server.log
20260830-223536-m2-retrieval,2026-08-30T22:41:53.189701+08:00,llama,drop,0,16384,4,warm,0,5410.81,5547.074,48128,,,True,/home/hungwei/kv_fs_tier_nvme,沒有第二階，warm 只能整段重算,HEAVY,6,100,/ssd7/hungwei/paper-hkv/runs/20260830-223536-m2-retrieval/drop/server.log
20260830-223536-m2-retrieval,2026-08-30T22:41:59.066615+08:00,llama,drop,0,16384,4,warm,1,5461.065,5587.913,48128,,,True,/home/hungwei/kv_fs_tier_nvme,沒有第二階，warm 只能整段重算,HEAVY,6,100,/ssd7/hungwei/paper-hkv/runs/20260830-223536-m2-retrieval/drop/server.log
20260830-223536-m2-retrieval,2026-08-30T22:42:05.010311+08:00,llama,drop,0,16384,4,warm,2,5470.215,5598.942,48128,,,True,/home/hungwei/kv_fs_tier_nvme,沒有第二階，warm 只能整段重算,HEAVY,6,100,/ssd7/hungwei/paper-hkv/runs/20260830-223536-m2-retrieval/drop/server.log
20260830-223536-m2-retrieval,2026-08-30T22:42:10.929943+08:00,llama,drop,0,16384,4,warm,3,5487.776,5617.191,48128,,,True,/home/hungwei/kv_fs_tier_nvme,沒有第二階，warm 只能整段重算,HEAVY,6,100,/ssd7/hungwei/paper-hkv/runs/20260830-223536-m2-retrieval/drop/server.log
